state,query,label,expected,top1,top1Score,correctRank,returned,latencyMs
cold,B01-duplicate,EQUIVALENT,B01,B01,1,1,36,2947.139338
cold,B01-independent,EXACT,B01,B01,1,1,36,3268.9356770000004
cold,B01-angle,EXACT,B01,B01,1,1,36,2909.051117
cold,B01-lighting,EXACT,B01,B01,0.9780546965411545,1,36,2791.2612689999996
cold,B01-cast,EXACT,B01,L01,0.8032190292625351,,28,2671.119688999999
cold,B01-background,EXACT,B01,B01,1,1,36,2630.366412999999
cold,B01-crop,EXACT,B01,B06,0.9011027964005756,8,36,2592.5065759999998
cold,B01-orientation,EXACT,B01,B06,0.8652614146529898,5,36,2620.275396
cold,B02-duplicate,EQUIVALENT,B02,B01,1,2,36,2668.738174000001
cold,B02-independent,EXACT,B02,B01,1,2,36,3174.911237999999
cold,B02-angle,EXACT,B02,B01,1,2,36,2762.2212259999997
cold,B02-lighting,EXACT,B02,B01,1,2,27,2998.000215
cold,B02-cast,EXACT,B02,B01,0.9446784419155707,2,36,3370.8419200000008
cold,B02-background,EXACT,B02,B01,1,2,36,3103.527327
cold,B02-crop,EXACT,B02,B06,0.9011067459524098,11,35,3155.2522719999997
cold,B02-orientation,EXACT,B02,B03,0.8629937291697587,5,36,3117.515904
cold,B03-duplicate,EQUIVALENT,B03,B03,1,1,36,3357.039165
cold,B03-independent,EXACT,B03,B03,0.9910077167228032,1,36,3728.883684999999
cold,B03-angle,EXACT,B03,B03,1,1,36,3511.3127559999994
cold,B03-lighting,EXACT,B03,B03,1,1,36,3571.4172979999985
cold,B03-cast,EXACT,B03,L09,0.8436346116285325,,28,2894.0081309999987
cold,B03-background,EXACT,B03,B03,1,1,36,2323.9252909999996
cold,B03-crop,EXACT,B03,B06,0.8787055132892503,4,36,2757.0737580000023
cold,B03-orientation,EXACT,B03,B04,0.895025413233194,3,36,2622.5410630000006
cold,B04-duplicate,EQUIVALENT,B04,B03,1,2,36,2462.4116700000013
cold,B04-independent,EXACT,B04,B03,0.9903130140656267,2,36,2771.6375869999974
cold,B04-angle,EXACT,B04,B03,1,2,36,2660.1653590000024
cold,B04-lighting,EXACT,B04,B04,0.9364753686054275,1,30,2606.4571579999974
cold,B04-cast,EXACT,B04,B04,0.9495697369565376,1,36,4300.956724
cold,B04-background,EXACT,B04,B03,1,2,36,4791.272519000002
cold,B04-crop,EXACT,B04,B06,0.8792367749557082,3,36,4769.272419000001
cold,B04-orientation,EXACT,B04,B04,0.8669151829154488,1,36,4781.382836000001
cold,B05-duplicate,EQUIVALENT,B05,B05,1,1,36,3259.513010999999
cold,B05-independent,EXACT,B05,B05,1,1,36,3150.2113549999995
cold,B05-angle,EXACT,B05,B05,1,1,36,3234.864723999999
cold,B05-lighting,EXACT,B05,B05,1,1,36,3230.708555000001
cold,B05-cast,EXACT,B05,L11,0.8306355308702735,,28,2797.7760499999968
cold,B05-background,EXACT,B05,B05,1,1,36,2961.0159529999983
cold,B05-crop,EXACT,B05,B05,0.8734074544623079,1,36,2835.3785610000014
cold,B05-orientation,EXACT,B05,B07,0.8809962699776809,2,36,2901.7654429999966
cold,B06-duplicate,EQUIVALENT,B06,B05,1,2,36,3511.501873999994
cold,B06-independent,EXACT,B06,B05,1,2,36,3134.0290769999992
cold,B06-angle,EXACT,B06,B05,1,2,36,3486.364281000002
cold,B06-lighting,EXACT,B06,B05,1,2,34,3159.2974360000007
cold,B06-cast,EXACT,B06,B05,0.956482996988331,2,36,3510.997445000001
cold,B06-background,EXACT,B06,B05,1,2,36,3560.4874310000014
cold,B06-crop,EXACT,B06,B05,0.8640727516761829,2,35,2992.453066000002
cold,B06-orientation,EXACT,B06,B06,0.8769508832182377,1,35,3635.627026999995
cold,B07-duplicate,EQUIVALENT,B07,B07,1,1,36,3121.1153579999955
cold,B07-independent,EXACT,B07,B07,1,1,36,3041.6680110000016
cold,B07-angle,EXACT,B07,B07,1,1,36,2983.5052209999994
cold,B07-lighting,EXACT,B07,B07,0.9795729979112295,1,36,3115.199327000002
cold,B07-cast,EXACT,B07,L14,0.9219677738982853,,28,3137.650174000002
cold,B07-background,EXACT,B07,B07,1,1,36,3359.038249999998
cold,B07-crop,EXACT,B07,B07,0.8810478567320692,1,36,3270.4826319999993
cold,B07-orientation,EXACT,B07,B07,0.8781249999999999,1,34,3257.4501630000013
cold,B08-duplicate,EQUIVALENT,B08,B07,1,2,36,3254.1045310000045
cold,B08-independent,EXACT,B08,B07,1,2,36,2885.1545320000005
cold,B08-angle,EXACT,B08,B07,1,2,36,2964.816896999997
cold,B08-lighting,EXACT,B08,B08,0.9238709309937456,1,33,2986.8838650000034
cold,B08-cast,EXACT,B08,B08,0.9365591648250934,1,36,3027.6693090000044
cold,B08-background,EXACT,B08,B07,1,2,36,2998.945907000001
cold,B08-crop,EXACT,B08,B07,0.8833363343695303,2,36,2788.900253
cold,B08-orientation,EXACT,B08,B06,0.8768615145952725,4,36,3758.0695330000017
cold,B09-duplicate,EQUIVALENT,B09,B01,1,3,36,3584.7059569999983
cold,B09-independent,EXACT,B09,B09,1,1,36,3345.955648000003
cold,B09-angle,EXACT,B09,B01,1,3,36,3196.897763000001
cold,B09-lighting,EXACT,B09,B09,0.968293836831841,1,36,2881.909535999999
cold,B09-cast,EXACT,B09,L09,0.8334068191597581,,28,2953.8916329999993
cold,B09-background,EXACT,B09,B03,1,3,36,3082.8054630000042
cold,B09-crop,EXACT,B09,B06,0.8935064298117449,9,36,2925.846611999994
cold,B09-orientation,EXACT,B09,B08,0.8742039688380676,8,36,3019.8005660000053
cold,B10-duplicate,EQUIVALENT,B10,B01,1,4,36,2898.8938380000036
cold,B10-independent,EXACT,B10,B09,1,2,36,3040.282951000001
cold,B10-angle,EXACT,B10,B01,1,4,36,2731.581452000006
cold,B10-lighting,EXACT,B10,B10,0.9318327811145559,1,27,2875.236438
cold,B10-cast,EXACT,B10,B10,0.9545676929953986,1,36,2928.499807
cold,B10-background,EXACT,B10,B09,1,2,36,3221.5437419999944
cold,B10-crop,EXACT,B10,B07,0.8906104859664274,10,36,3075.553473
cold,B10-orientation,EXACT,B10,B10,0.8761478129393695,1,33,2808.6033289999978
cold,B11-duplicate,EQUIVALENT,B11,B03,1,5,36,2467.747521999998
cold,B11-independent,EXACT,B11,B06,1,2,36,3128.247854000001
cold,B11-angle,EXACT,B11,B05,1,2,36,3407.546540999996
cold,B11-lighting,EXACT,B11,B11,1,1,36,3036.616001000002
cold,B11-cast,EXACT,B11,L11,0.9411187616531186,,28,2821.8914080000104
cold,B11-background,EXACT,B11,B05,1,3,36,3323.971949999992
cold,B11-crop,EXACT,B11,B11,0.8936667622507878,1,36,2681.0935089999984
cold,B11-orientation,EXACT,B11,B14,0.8895227755200124,6,36,2821.4309820000053
cold,B12-duplicate,EQUIVALENT,B12,B03,1,6,36,3059.0075919999945
cold,B12-independent,EXACT,B12,B06,1,3,36,3599.9625640000013
cold,B12-angle,EXACT,B12,B05,1,3,36,3147.705430999995
cold,B12-lighting,EXACT,B12,B11,1,2,34,2962.027728999994
cold,B12-cast,EXACT,B12,B12,0.9562479667796766,1,36,3890.7271689999907
cold,B12-background,EXACT,B12,B05,1,4,36,3079.2436889999954
cold,B12-crop,EXACT,B12,B11,0.8847053668156827,2,36,3312.8512169999885
cold,B12-orientation,EXACT,B12,B16,0.8630406129824745,3,33,3521.921894999992
cold,B13-duplicate,EQUIVALENT,B13,B07,1,2,36,3122.5592069999984
cold,B13-independent,EXACT,B13,B13,1,1,36,3162.5723230000003
cold,B13-angle,EXACT,B13,B07,1,3,36,3184.3984210000053
cold,B13-lighting,EXACT,B13,B13,0.9745272778584644,1,36,2872.406938
cold,B13-cast,EXACT,B13,L13,0.9202632334546362,,28,2803.490450000012
cold,B13-background,EXACT,B13,B13,1,1,36,3078.571072999999
cold,B13-crop,EXACT,B13,B11,0.8727807027015008,3,32,3073.2975850000075
cold,B13-orientation,EXACT,B13,B14,0.8747703444395175,2,32,3128.7824609999952
cold,B14-duplicate,EQUIVALENT,B14,B07,1,3,36,3342.527289000005
cold,B14-independent,EXACT,B14,B13,1,2,36,4047.372378
cold,B14-angle,EXACT,B14,B07,1,4,36,3121.852840000007
cold,B14-lighting,EXACT,B14,B14,0.9211063417641895,1,30,3347.6027059999906
cold,B14-cast,EXACT,B14,B14,0.9341202152946809,1,36,3486.110254000014
cold,B14-background,EXACT,B14,B13,1,2,36,2978.9135890000034
cold,B14-crop,EXACT,B14,B11,0.8724674555607411,4,36,3655.7535910000006
cold,B14-orientation,EXACT,B14,B13,0.8680088927380674,2,33,3120.653113999986
cold,B15-duplicate,EQUIVALENT,B15,B15,1,1,36,2913.6512550000043
cold,B15-independent,EXACT,B15,B15,1,1,36,3061.056433000005
cold,B15-angle,EXACT,B15,B15,1,1,36,2808.850083000012
cold,B15-lighting,EXACT,B15,B15,1,1,36,2771.8319159999955
cold,B15-cast,EXACT,B15,L16,0.8451540595760881,,28,3289.230576999995
cold,B15-background,EXACT,B15,B05,1,3,36,2912.2374189999973
cold,B15-crop,EXACT,B15,B16,0.8743041668318311,2,36,3239.01395600001
cold,B15-orientation,EXACT,B15,B14,0.8887326699071931,5,35,3289.4035580000054
cold,B16-duplicate,EQUIVALENT,B16,B15,1,2,36,3153.3316149999882
cold,B16-independent,EXACT,B16,B15,1,2,36,3155.1375610000105
cold,B16-angle,EXACT,B16,B15,1,2,36,3052.4929180000036
cold,B16-lighting,EXACT,B16,B15,1,2,34,3104.872531999994
cold,B16-cast,EXACT,B16,B15,0.9420350482943762,2,36,3436.5701929999923
cold,B16-background,EXACT,B16,B15,1,2,36,3335.2126410000055
cold,B16-crop,EXACT,B16,B13,0.8688155853329076,3,31,3005.5975069999986
cold,B16-orientation,EXACT,B16,B16,0.8951714935617685,1,31,3482.02885599999
cold,L01-duplicate,EQUIVALENT,L01,L01,1,1,28,3082.9645880000025
cold,L01-independent,EXACT,L01,L01,0.9863084677406316,1,28,3466.500362000006
cold,L01-angle,EXACT,L01,L02,0.8808841736694678,2,28,3418.5410189999966
cold,L01-lighting,EXACT,L01,L01,0.8020937482525874,1,28,3053.303319999992
cold,L01-cast,EXACT,L01,L01,0.9409083919763194,1,28,3288.0602519999957
cold,L01-background,EXACT,L01,L01,0.6614498527541495,1,25,3207.0427130000025
cold,L01-crop,EXACT,L01,L08,0.6378288451633246,6,24,3737.559593999991
cold,L01-orientation,EXACT,L01,L06,0.6481056057491423,4,27,3274.0366890000005
cold,L02-duplicate,EQUIVALENT,L02,L02,1,1,28,2787.3924819999957
cold,L02-independent,EXACT,L02,L02,0.89097243888096,1,28,2983.6918679999944
cold,L02-angle,EXACT,L02,L02,0.8795737849903111,1,28,3250.1416429999954
cold,L02-lighting,EXACT,L02,L09,0.7795180789403687,3,45,3034.524378000002
cold,L02-cast,EXACT,L02,B01,0.8647091609629114,,36,3187.481731000007
cold,L02-background,EXACT,L02,L02,0.6608839275727988,1,24,3029.6684099999984
cold,L02-crop,EXACT,L02,L05,0.6476175543587355,8,27,2927.706072000001
cold,L02-orientation,EXACT,L02,L05,0.6724356530640644,7,28,2797.601607000004
cold,L03-duplicate,EQUIVALENT,L03,L03,1,1,28,3483.6696349999984
cold,L03-independent,EXACT,L03,L03,0.9989819431417063,1,28,4214.177303000004
cold,L03-angle,EXACT,L03,L03,0.8807272810685451,1,28,3310.1102609999944
cold,L03-lighting,EXACT,L03,L04,0.9655137766150423,2,28,3344.156342999995
cold,L03-cast,EXACT,L03,L03,0.9416756567209844,1,28,4224.208952000001
cold,L03-background,EXACT,L03,L03,0.7219645185840428,1,22,3440.735145999992
cold,L03-crop,EXACT,L03,L08,0.651412332668157,5,24,4147.5875039999955
cold,L03-orientation,EXACT,L03,L04,0.6498679139228069,4,28,3899.5799299999926
cold,L04-duplicate,EQUIVALENT,L04,L04,1,1,28,3356.4054969999997
cold,L04-independent,EXACT,L04,L04,0.9868359475887786,1,28,3367.237288000004
cold,L04-angle,EXACT,L04,L03,0.894258226334012,2,28,3320.4251030000014
cold,L04-lighting,EXACT,L04,L03,0.7959871757080565,2,47,3423.441347
cold,L04-cast,EXACT,L04,L14,0.8241058599593414,,36,3268.761970000007
cold,L04-background,EXACT,L04,L04,0.7269384788376558,1,23,4085.6513310000155
cold,L04-crop,EXACT,L04,L05,0.6499481032229569,3,28,3450.3253029999905
cold,L04-orientation,EXACT,L04,L06,0.6739577565472821,4,26,3442.0987910000113
cold,L05-duplicate,EQUIVALENT,L05,L05,1,1,26,3798.135586000004
cold,L05-independent,EXACT,L05,L05,0.890105085238504,1,28,3014.046864999982
cold,L05-angle,EXACT,L05,L06,0.8785827558114175,2,26,3725.942685000002
cold,L05-lighting,EXACT,L05,L05,0.8811474686232814,1,28,4000.3119409999927
cold,L05-cast,EXACT,L05,L05,0.9421950116554666,1,28,3097.067074999999
cold,L05-background,EXACT,L05,L05,0.7161458333333334,1,24,3012.3122900000017
cold,L05-crop,EXACT,L05,L02,0.6762844297575443,4,27,3159.718517000001
cold,L05-orientation,EXACT,L05,L02,0.6506946762519202,9,28,3231.2824549999787
cold,L06-duplicate,EQUIVALENT,L06,L06,1,1,26,3096.0699450000247
cold,L06-independent,EXACT,L06,B05,0.7948357698875634,,36,3069.934711000009
cold,L06-angle,EXACT,L06,L05,0.8885903895763037,2,26,3192.8282959999924
cold,L06-lighting,EXACT,L06,L15,0.8617866621310915,6,47,2955.7459779999917
cold,L06-cast,EXACT,L06,B05,0.8132343155467578,,36,3411.4449280000117
cold,L06-background,EXACT,L06,L06,0.703125,1,23,3204.2920900000026
cold,L06-crop,EXACT,L06,B15,0.6724532825767097,,35,3307.103753000003
cold,L06-orientation,EXACT,L06,L06,0.6383050081101151,1,26,3357.992024999985
cold,L07-duplicate,EQUIVALENT,L07,L07,1,1,45,2970.5693949999986
cold,L07-independent,EXACT,L07,L07,0.9822352136561696,1,45,2596.6395670000056
cold,L07-angle,EXACT,L07,L07,0.8138862965057818,1,26,2982.2282819999964
cold,L07-lighting,EXACT,L07,B07,0.8352427745607283,4,45,3134.9942340000125
cold,L07-cast,EXACT,L07,L07,0.985649130908402,1,28,2550.5965480000013
cold,L07-background,EXACT,L07,L06,0.691135072156459,3,28,2491.6165439999895
cold,L07-crop,EXACT,L07,B15,0.6975710504164451,30,36,2644.311780000018
cold,L07-orientation,EXACT,L07,L13,0.6349010706648915,8,45,2736.496317000012
cold,L08-duplicate,EQUIVALENT,L08,L08,1,1,36,2509.171731999988
cold,L08-independent,EXACT,L08,L08,0.9713858603786341,1,28,2469.5674279999803
cold,L08-angle,EXACT,L08,L08,0.890387850421293,1,36,2474.8296649999975
cold,L08-lighting,EXACT,L08,L13,0.7813315634712645,12,45,2467.037750999996
cold,L08-cast,EXACT,L08,B08,0.8679349879800413,28,36,2662.908671000012
cold,L08-background,EXACT,L08,L06,0.6894014019502623,7,26,3463.9694880000025
cold,L08-crop,EXACT,L08,M07,0.6837292596225274,19,36,2922.2793850000016
cold,L08-orientation,EXACT,L08,L05,0.6541604387414481,2,26,2809.036361000006
cold,L09-duplicate,EQUIVALENT,L09,L09,1,1,47,3612.6477630000154
cold,L09-independent,EXACT,L09,L09,0.9847320292990379,1,46,2547.0933170000208
cold,L09-angle,EXACT,L09,L09,0.886157463183736,1,45,3188.3284920000006
cold,L09-lighting,EXACT,L09,L10,0.874709187316659,2,48,3379.515007000009
cold,L09-cast,EXACT,L09,L09,0.9839449843833669,1,28,2495.114717999997
cold,L09-background,EXACT,L09,L03,0.6764434310405268,2,26,2449.1757700000016
cold,L09-crop,EXACT,L09,L05,0.6555461053171756,38,44,2442.4841799999995
cold,L09-orientation,EXACT,L09,B15,0.6697715762026167,8,45,2412.9913459999952
cold,L10-duplicate,EQUIVALENT,L10,L10,1,1,47,2418.7348439999914
cold,L10-independent,EXACT,L10,L10,0.9856770833333334,1,46,2439.037904000026
cold,L10-angle,EXACT,L10,L09,0.8866590351556736,2,46,2481.0278950000065
cold,L10-lighting,EXACT,L10,L09,0.7783154176912697,2,48,2408.4989010000136
cold,L10-cast,EXACT,L10,L10,0.903505861966525,1,36,2447.9202599999844
cold,L10-background,EXACT,L10,L10,0.6570745581092496,1,26,2461.6508190000022
cold,L10-crop,EXACT,L10,L08,0.6540733078875776,37,41,2397.8414560000238
cold,L10-orientation,EXACT,L10,D08,0.6540150959572568,9,45,2410.64791900001
cold,L11-duplicate,EQUIVALENT,L11,L11,1,1,48,2833.451551999984
cold,L11-independent,EXACT,L11,L11,0.9668807289175834,1,48,3701.0044289999933
cold,L11-angle,EXACT,L11,L12,0.9566346677559914,2,48,3443.3005469999916
cold,L11-lighting,EXACT,L11,L15,0.8680951183935408,3,48,3539.15790000002
cold,L11-cast,EXACT,L11,L11,0.9810899714511686,1,28,3629.3408409999975
cold,L11-background,EXACT,L11,L11,0.67578125,1,45,3179.32515400002
cold,L11-crop,EXACT,L11,L08,0.6914593927518835,28,45,2923.733126999985
cold,L11-orientation,EXACT,L11,B15,0.6686474425628838,22,45,2922.4209039999987
cold,L12-duplicate,EQUIVALENT,L12,L12,1,1,48,3130.6724380000087
cold,L12-independent,EXACT,L12,L12,0.9763481674731391,1,48,2581.7788140000193
cold,L12-angle,EXACT,L12,L12,0.8724219795850068,1,48,3426.413045000023
cold,L12-lighting,EXACT,L12,L12,0.8835707865752135,1,48,3198.4392900000094
cold,L12-cast,EXACT,L12,L12,0.9061420039100098,1,36,2580.502097999997
cold,L12-background,EXACT,L12,L12,0.6614583333333334,1,44,2373.015665999992
cold,L12-crop,EXACT,L12,B01,0.6807693756978908,34,44,2534.8746059999976
cold,L12-orientation,EXACT,L12,D08,0.6551956586323594,8,45,2464.6667149999994
cold,L13-duplicate,EQUIVALENT,L13,L13,1,1,45,2435.7397679999995
cold,L13-independent,EXACT,L13,L13,0.9772732781166105,1,45,2451.1021860000037
cold,L13-angle,EXACT,L13,L07,0.8851646416319907,2,45,2326.8404000000155
cold,L13-lighting,EXACT,L13,L14,0.9642629980500996,3,45,2469.6348569999973
cold,L13-cast,EXACT,L13,L13,0.9515104319447536,1,25,2434.8596249999828
cold,L13-background,EXACT,L13,L13,0.6780614978137911,1,27,2337.0461490000016
cold,L13-crop,EXACT,L13,B01,0.6940253617892388,14,43,2526.026366999984
cold,L13-orientation,EXACT,L13,B15,0.6574261634133637,9,45,2448.528854000004
cold,L14-duplicate,EQUIVALENT,L14,L14,1,1,48,2401.4604180000024
cold,L14-independent,EXACT,L14,L14,0.9699744760766429,1,45,2562.9176210000005
cold,L14-angle,EXACT,L14,L14,0.8894250408496733,1,48,2502.956120000017
cold,L14-lighting,EXACT,L14,L14,0.8113566356162134,1,48,2420.7213169999886
cold,L14-cast,EXACT,L14,L14,0.954574980185568,1,36,3077.9018440000073
cold,L14-background,EXACT,L14,L07,0.6644500831386251,8,26,3384.449843999988
cold,L14-crop,EXACT,L14,B01,0.662586763594247,27,43,2593.570745999983
cold,L14-orientation,EXACT,L14,L15,0.671317141482099,3,46,3187.9618400000036
cold,L15-duplicate,EQUIVALENT,L15,L15,1,1,48,3074.858229000005
cold,L15-independent,EXACT,L15,L15,0.9694708562537129,1,48,2501.7570390000183
cold,L15-angle,EXACT,L15,L15,0.880642361111111,1,46,3152.2887530000007
cold,L15-lighting,EXACT,L15,L15,0.8306711265306249,1,48,2722.0035029999854
cold,L15-cast,EXACT,L15,L15,0.9808045407567622,1,28,2354.460512999998
cold,L15-background,EXACT,L15,L15,0.71875,1,45,2406.973509000003
cold,L15-crop,EXACT,L15,B13,0.6501323196276477,19,45,2349.283731000003
cold,L15-orientation,EXACT,L15,L16,0.6443167892156864,4,45,2462.7184410000045
cold,L16-duplicate,EQUIVALENT,L16,L16,1,1,48,2317.6929630000086
cold,L16-independent,EXACT,L16,L15,0.9606904423291951,2,48,2344.719891000015
cold,L16-angle,EXACT,L16,L16,0.9847375408496732,1,48,2400.516285999998
cold,L16-lighting,EXACT,L16,L16,0.9601884147096823,1,48,2364.20683000001
cold,L16-cast,EXACT,L16,L16,0.9136419970128684,1,36,2346.413751999993
cold,L16-background,EXACT,L16,L16,0.7044270833333334,1,45,2505.694285000005
cold,L16-crop,EXACT,L16,B01,0.6812652017741317,16,43,2372.6813819999807
cold,L16-orientation,EXACT,L16,L15,0.6586338261975041,5,44,2425.4409440000018
cold,D01-duplicate,EQUIVALENT,D01,D01,1,1,48,2410.0705829999933
cold,D01-independent,EXACT,D01,D01,0.8033418850867267,1,48,2493.565305999975
cold,D01-angle,EXACT,D01,D01,0.8896758167501451,1,48,2455.268978999986
cold,D01-lighting,EXACT,D01,D02,0.7257452543342023,2,48,2536.110489999992
cold,D01-cast,EXACT,D01,D01,0.7613098425572689,1,28,2696.8614989999915
cold,D01-background,EXACT,D01,D01,0.866298852679388,1,48,2692.949426999985
cold,D01-crop,EXACT,D01,B15,0.6869336632767907,24,48,2692.2087820000015
cold,D01-orientation,EXACT,D01,B15,0.6950962500028667,14,48,2666.7700559999794
cold,D02-duplicate,EQUIVALENT,D02,D02,1,1,48,2620.9519749999745
cold,D02-independent,EXACT,D02,D01,0.8739858847130244,2,48,2467.6801639999903
cold,D02-angle,EXACT,D02,D01,0.8882954180188307,2,48,2559.9862159999902
cold,D02-lighting,EXACT,D02,D02,0.7128960072182047,1,36,2582.459031000006
cold,D02-cast,EXACT,D02,D02,0.9871663930531998,1,36,2451.810582999984
cold,D02-background,EXACT,D02,D02,0.8805354733889256,1,47,2517.898497999995
cold,D02-crop,EXACT,D02,B06,0.6921796504637431,13,48,2525.052555000002
cold,D02-orientation,EXACT,D02,D01,0.6888877497079475,3,48,2328.479227999982
cold,D03-duplicate,EQUIVALENT,D03,D03,1,1,48,2610.77823299999
cold,D03-independent,EXACT,D03,D03,0.7330455102257831,1,47,2498.9337240000023
cold,D03-angle,EXACT,D03,D03,0.9710990858905415,1,48,2502.1675260000047
cold,D03-lighting,EXACT,D03,B15,0.7150136805454081,2,48,2500.3536280000117
cold,D03-cast,EXACT,D03,D03,0.8212078073049378,1,28,2336.839416999981
cold,D03-background,EXACT,D03,D03,0.8023287805001884,1,47,2571.680726999999
cold,D03-crop,EXACT,D03,B15,0.6776393154604501,11,48,2464.4428689999913
cold,D03-orientation,EXACT,D03,B15,0.6705713867026087,19,48,2485.181242999999
cold,D04-duplicate,EQUIVALENT,D04,D04,1,1,48,2688.2946489999886
cold,D04-independent,EXACT,D04,D03,0.7887457669501422,2,47,2458.1579430000274
cold,D04-angle,EXACT,D04,D03,0.8900912008545896,2,48,2638.2403660000127
cold,D04-lighting,EXACT,D04,D04,0.7237043004073925,1,36,2663.2629920000036
cold,D04-cast,EXACT,D04,D04,0.9743162542689878,1,36,2932.6312660000112
cold,D04-background,EXACT,D04,D04,0.889420775363599,1,47,2955.975367999985
cold,D04-crop,EXACT,D04,B15,0.6858153103157831,6,48,2864.996081999998
cold,D04-orientation,EXACT,D04,B15,0.7019420992305417,21,48,2687.8318100000033
cold,D05-duplicate,EQUIVALENT,D05,D05,1,1,48,2453.8734870000044
cold,D05-independent,EXACT,D05,D05,0.725472972630719,1,48,2534.921187
cold,D05-angle,EXACT,D05,D05,0.966377271145244,1,47,2564.7854579999985
cold,D05-lighting,EXACT,D05,B15,0.7301858369210126,3,48,2617.6277100000007
cold,D05-cast,EXACT,D05,D05,0.97602068319666,1,27,2759.537344000011
cold,D05-background,EXACT,D05,D05,0.8760416666666667,1,47,2722.644339999999
cold,D05-crop,EXACT,D05,B15,0.6765247517031218,4,48,3077.5040509999963
cold,D05-orientation,EXACT,D05,M01,0.6708194144954269,12,48,2915.6214800000016
cold,D06-duplicate,EQUIVALENT,D06,D06,1,1,48,2543.8380299999844
cold,D06-independent,EXACT,D06,D06,0.7811742787894346,1,48,2423.991347000003
cold,D06-angle,EXACT,D06,D05,0.9782851125186048,2,48,2580.4704159999965
cold,D06-lighting,EXACT,D06,B15,0.7260082790097241,6,48,2534.148291999998
cold,D06-cast,EXACT,D06,D06,0.951944697066478,1,36,2723.370690999989
cold,D06-background,EXACT,D06,D06,0.8903645833333333,1,45,2663.8864189999877
cold,D06-crop,EXACT,D06,B15,0.6690663525101299,13,48,2739.5082980000007
cold,D06-orientation,EXACT,D06,B15,0.6823634542014573,4,45,2564.704071999993
cold,D07-duplicate,EQUIVALENT,D07,D07,1,1,46,2493.0269019999832
cold,D07-independent,EXACT,D07,D07,0.7973505493259805,1,45,2382.980275000009
cold,D07-angle,EXACT,D07,D08,0.9678372778134672,2,45,2399.789462000015
cold,D07-lighting,EXACT,D07,D07,0.7618271204532869,1,48,2522.925556000002
cold,D07-cast,EXACT,D07,D07,0.9733278197956726,1,28,3237.830577000015
cold,D07-background,EXACT,D07,D07,0.8445306964203796,1,28,3172.703641
cold,D07-crop,EXACT,D07,B15,0.683859064772449,2,45,2861.938352999976
cold,D07-orientation,EXACT,D07,B15,0.685173898501581,7,45,3097.3570720000134
cold,D08-duplicate,EQUIVALENT,D08,D08,1,1,46,2498.5712730000087
cold,D08-independent,EXACT,D08,D07,0.7971917630337106,2,45,2674.615602999984
cold,D08-angle,EXACT,D08,D08,0.9675630668531364,1,48,2546.512742000021
cold,D08-lighting,EXACT,D08,B15,0.7140992317660938,4,48,2577.5273959999904
cold,D08-cast,EXACT,D08,D08,0.9667610455349309,1,36,3327.388840999978
cold,D08-background,EXACT,D08,D08,0.9266581288327385,1,28,2999.2083579999744
cold,D08-crop,EXACT,D08,B15,0.6836069133122978,3,45,3097.9955480000062
cold,D08-orientation,EXACT,D08,B15,0.7235896711261575,3,45,3132.277719000005
cold,M01-duplicate,EQUIVALENT,M01,M01,1,1,26,2647.4824840000074
cold,M01-independent,EXACT,M01,M01,1,1,26,2527.059714999981
cold,M01-angle,EXACT,M01,M01,1,1,26,2733.8788660000137
cold,M01-lighting,EXACT,M01,M01,1,1,26,2467.522185000009
cold,M01-cast,EXACT,M01,M01,0.9309348938733625,1,28,2605.7657279999985
cold,M01-background,EXACT,M01,M02,0.9980126609066851,2,24,2507.41070399998
cold,M01-crop,EXACT,M01,M01,0.8458364290069899,1,26,2611.634399999981
cold,M01-orientation,EXACT,M01,M01,0.85,1,26,2661.655888999987
cold,M02-duplicate,EQUIVALENT,M02,M01,1,2,26,2409.0039420000103
cold,M02-independent,EXACT,M02,M01,1,2,26,2494.9460670000117
cold,M02-angle,EXACT,M02,M01,1,2,26,2600.5097810000007
cold,M02-lighting,EXACT,M02,M02,0.954657305858057,1,26,2507.4833559999825
cold,M02-cast,EXACT,M02,B14,0.7404743843142046,,35,2589.483366999979
cold,M02-background,EXACT,M02,M01,1,2,24,2573.0741259999922
cold,M02-crop,EXACT,M02,M01,0.8645864290069898,2,26,2454.813702000014
cold,M02-orientation,EXACT,M02,M01,0.8871807560862838,2,26,2497.7697969999863
cold,M03-duplicate,EQUIVALENT,M03,M03,1,1,26,2609.5697150000196
cold,M03-independent,EXACT,M03,M03,1,1,26,2483.8358180000214
cold,M03-angle,EXACT,M03,M03,1,1,26,2503.767472000007
cold,M03-lighting,EXACT,M03,M03,1,1,26,2451.0022769999923
cold,M03-cast,EXACT,M03,M03,0.9189375284825441,1,28,2365.6592850000015
cold,M03-background,EXACT,M03,M04,0.9323126112795523,2,26,2386.959487999993
cold,M03-crop,EXACT,M03,M03,0.86163334049797,1,24,2494.644916999998
cold,M03-orientation,EXACT,M03,M03,0.85,1,26,2450.733877999999
cold,M04-duplicate,EQUIVALENT,M04,M03,1,2,26,2593.7386289999995
cold,M04-independent,EXACT,M04,M03,1,2,26,2540.3700410000165
cold,M04-angle,EXACT,M04,M03,1,2,26,2506.6607580000127
cold,M04-lighting,EXACT,M04,M03,1,2,26,2350.011748000019
cold,M04-cast,EXACT,M04,B09,0.7902822239409764,,36,2594.1061219999974
cold,M04-background,EXACT,M04,M04,0.9334953451310162,1,26,2447.306079000002
cold,M04-crop,EXACT,M04,M04,0.8736115653864421,1,26,2422.3800749999937
cold,M04-orientation,EXACT,M04,M03,0.8677930863144425,2,26,2649.681746999995
cold,M05-duplicate,EQUIVALENT,M05,M05,1,1,19,2459.184662000014
cold,M05-independent,EXACT,M05,M05,1,1,19,2484.9524759999767
cold,M05-angle,EXACT,M05,M05,1,1,19,2479.3270790000097
cold,M05-lighting,EXACT,M05,M05,1,1,19,2492.9184499999974
cold,M05-cast,EXACT,M05,M03,0.7503239746543343,,26,2612.9259090000414
cold,M05-background,EXACT,M05,M05,0.9249999999999999,1,19,2556.797606999986
cold,M05-crop,EXACT,M05,M05,0.8412351476269604,1,19,2638.122166999965
cold,M05-orientation,EXACT,M05,M06,0.8827667638437563,2,19,2601.9924260000116
cold,M06-duplicate,EQUIVALENT,M06,M05,1,2,19,2496.4866880000336
cold,M06-independent,EXACT,M06,M05,1,2,19,2430.773587999982
cold,M06-angle,EXACT,M06,M05,1,2,19,2510.9951280000387
cold,M06-lighting,EXACT,M06,M05,1,2,19,2385.3205849999795
cold,M06-cast,EXACT,M06,M08,0.7291011123774538,,36,2580.0936349999974
cold,M06-background,EXACT,M06,M06,0.9249999999999999,1,19,2488.7962930000504
cold,M06-crop,EXACT,M06,M06,0.8368680016460204,1,19,2601.674657000054
cold,M06-orientation,EXACT,M06,M06,0.8637187779063754,1,19,2493.024144999974
cold,M07-duplicate,EQUIVALENT,M07,M07,1,1,36,2474.131265999982
cold,M07-independent,EXACT,M07,M07,1,1,36,2382.0510440000216
cold,M07-angle,EXACT,M07,M07,1,1,36,2532.3931289999746
cold,M07-lighting,EXACT,M07,M07,0.9798466123157761,1,36,2482.8610169999884
cold,M07-cast,EXACT,M07,L08,0.7440166672890308,,28,2411.7688980000094
cold,M07-background,EXACT,M07,M07,0.9917867564625511,1,36,2424.3530270000338
cold,M07-crop,EXACT,M07,M07,0.8779019632941928,1,36,2413.075708999997
cold,M07-orientation,EXACT,M07,M07,0.8687499999999999,1,36,2561.243996999983
cold,M08-duplicate,EQUIVALENT,M08,M07,1,2,36,2544.8577979999827
cold,M08-independent,EXACT,M08,M07,1,2,36,2504.6015200000256
cold,M08-angle,EXACT,M08,M08,1,1,36,2445.213716999977
cold,M08-lighting,EXACT,M08,M07,0.9142417913919881,2,36,2425.916148999997
cold,M08-cast,EXACT,M08,M08,0.8919811059427363,1,36,2483.5519700000295
cold,M08-background,EXACT,M08,M08,0.9906377105502826,1,36,2455.720986999979
cold,M08-crop,EXACT,M08,M08,0.8732055759361133,1,36,2449.4713829999673
cold,M08-orientation,EXACT,M08,M07,0.884201525156518,2,36,2293.8419379999978
cold,B01-ambiguous,AMBIGUOUS,B01|B02,B01,1,1,34,2443.2253930000006
cold,B02-ambiguous,AMBIGUOUS,B01|B02,B01,1,1,34,2448.361506999994
cold,B03-ambiguous,AMBIGUOUS,B03|B04,B03,1,1,36,2419.7379650000366
cold,B04-ambiguous,AMBIGUOUS,B03|B04,B03,1,1,36,2306.9329649999854
cold,B05-ambiguous,AMBIGUOUS,B05|B06,B05,1,1,36,2686.974174000032
cold,B06-ambiguous,AMBIGUOUS,B05|B06,B05,1,1,36,2654.571759000013
cold,B07-ambiguous,AMBIGUOUS,B07|B08,B07,1,1,36,2645.9245320000337
cold,B08-ambiguous,AMBIGUOUS,B07|B08,B07,1,1,36,2636.4426379999495
cold,B09-ambiguous,AMBIGUOUS,B09|B10,B03,1,2,36,2385.448579000018
cold,B10-ambiguous,AMBIGUOUS,B09|B10,B03,1,2,36,2410.6802119999775
cold,B11-ambiguous,AMBIGUOUS,B11|B12,B05,1,3,36,2543.088808999979
cold,B12-ambiguous,AMBIGUOUS,B11|B12,B05,1,3,36,2468.3423780000303
cold,B13-ambiguous,AMBIGUOUS,B13|B14,B08,1,2,36,2494.0044120000093
cold,B14-ambiguous,AMBIGUOUS,B13|B14,B08,1,2,36,2497.5164740000037
cold,B15-ambiguous,AMBIGUOUS,B15|B16,B15,1,1,36,2377.2518569999957
cold,B16-ambiguous,AMBIGUOUS,B15|B16,B15,1,1,36,2492.9270009999746
cold,L01-ambiguous,AMBIGUOUS,L01|L02,L01,0.9868270997562064,1,28,2464.7204190000193
cold,L02-ambiguous,AMBIGUOUS,L01|L02,L01,0.9868270997562064,1,28,2378.6123759999755
cold,L03-ambiguous,AMBIGUOUS,L03|L04,L03,0.9996725192560223,1,28,2398.9199249999947
cold,L04-ambiguous,AMBIGUOUS,L03|L04,L03,0.9996725192560223,1,28,2349.151402999996
cold,L05-ambiguous,AMBIGUOUS,L05|L06,L05,0.9974513946021298,1,28,2554.460717000009
cold,L06-ambiguous,AMBIGUOUS,L05|L06,L05,0.9974513946021298,1,28,2570.1559629999683
cold,L07-ambiguous,AMBIGUOUS,L07|L08,L07,0.9679122969895029,1,45,2685.217505999957
cold,L08-ambiguous,AMBIGUOUS,L07|L08,L07,0.9679122969895029,1,45,2561.290672000032
cold,L09-ambiguous,AMBIGUOUS,L09|L10,L09,0.9690279028765113,1,45,2397.6518849999993
cold,L10-ambiguous,AMBIGUOUS,L09|L10,L09,0.9690279028765113,1,45,2465.4889529999928
cold,L11-ambiguous,AMBIGUOUS,L11|L12,L11,0.9711758025792837,1,48,2466.463097000029
cold,L12-ambiguous,AMBIGUOUS,L11|L12,L11,0.9711758025792837,1,48,2480.5017989999615
cold,L13-ambiguous,AMBIGUOUS,L13|L14,L13,0.9762815668027407,1,45,2378.5850229999633
cold,L14-ambiguous,AMBIGUOUS,L13|L14,L13,0.9762815668027407,1,45,2365.8529519999865
cold,L15-ambiguous,AMBIGUOUS,L15|L16,L15,0.9772664593607577,1,48,2343.4461260000244
cold,L16-ambiguous,AMBIGUOUS,L15|L16,L15,0.9772664593607577,1,48,2356.5867560000042
cold,N001,NO_MATCH,,M01,0.6806014201729783,,26,2390.7668650000123
cold,N002,NO_MATCH,,L02,0.9786759197334612,,28,2384.912773000018
cold,N003,NO_MATCH,,L09,1,,27,2355.8312650000444
cold,N004,NO_MATCH,,L09,0.942257448029,,19,2427.339954999974
cold,N005,NO_MATCH,,B05,1,,36,2490.64063899999
cold,N006,NO_MATCH,,B05,0.8908503531840944,,36,2433.4966209999984
cold,N007,NO_MATCH,,D07,0.9028579136025369,,17,2352.761364999984
cold,N008,NO_MATCH,,L14,0.9515460583851948,,19,2458.668338999967
cold,N009,NO_MATCH,,L09,0.945549460602917,,26,2590.7111269999878
cold,N010,NO_MATCH,,L09,1,,26,2520.49043299997
cold,N011,NO_MATCH,,L11,0.9374836062105557,,21,2385.473404999997
cold,N012,NO_MATCH,,L11,1,,25,2342.7100840000203
cold,N013,NO_MATCH,,B13,1,,36,2864.180640000035
cold,N014,NO_MATCH,,B13,0.9125616572523874,,34,2651.244722000032
cold,N015,NO_MATCH,,L16,0.8580542340869469,,17,2659.2357430000557
cold,N016,NO_MATCH,,L16,0.8671140627646445,,19,2640.2486299999873
cold,N017,NO_MATCH,,L09,1,,28,2507.8154550000327
cold,N018,NO_MATCH,,L09,0.983751982613604,,26,2581.059598999971
cold,N019,NO_MATCH,,M05,0.8173279614240366,,19,2646.2420869999914
cold,N020,NO_MATCH,,B01,0.9251999266897781,,37,2686.550891000021
cold,N021,NO_MATCH,,B16,0.945522170742143,,36,2585.0051510000485
cold,N022,NO_MATCH,,B16,1,,22,2627.368706999987
cold,N023,NO_MATCH,,L15,0.9652563953103704,,17,2529.942793999973
cold,N024,NO_MATCH,,L15,0.7903814095082478,,22,2536.2458580000093
cold,N025,NO_MATCH,,L02,0.9117535938912994,,28,2814.2005669999635
cold,N026,NO_MATCH,,L01,0.7722478418172455,,27,2727.875735999958
cold,N027,NO_MATCH,,L09,0.9415016240709455,,19,2475.203408000001
cold,N028,NO_MATCH,,B03,1,,36,2618.11679499998
cold,N029,NO_MATCH,,B05,1,,36,2398.8593570000376
cold,N030,NO_MATCH,,L11,0.8595277386954459,,17,2391.5951779999887
cold,N031,NO_MATCH,,L14,0.7103979435510829,,19,2507.0856510000303
cold,N032,NO_MATCH,,L13,1,,26,2528.0189839999657
cold,N033,NO_MATCH,,L09,1,,26,2475.4083789999713
cold,N034,NO_MATCH,,L09,1,,21,2422.78158900002
cold,N035,NO_MATCH,,L11,0.9046223651501819,,27,2421.572809000034
cold,N036,NO_MATCH,,L11,0.8920518655140436,,36,2355.944077000022
cold,N037,NO_MATCH,,D08,0.8208753341858281,,32,2742.003083999967
cold,N038,NO_MATCH,,L14,0.855756639708507,,17,2577.0507930000313
cold,N039,NO_MATCH,,L16,0.9606295217335835,,19,2593.794185000006
cold,N040,NO_MATCH,,L12,0.9570642453289958,,24,2678.9959789999994
cold,N041,NO_MATCH,,M03,0.7630252078731622,,26,2892.1565579999587
cold,N042,NO_MATCH,,L12,0.9563932523340193,,19,2955.221114999964
cold,N043,NO_MATCH,,B01,1,,38,2743.8131159999757
cold,N044,NO_MATCH,,B14,1,,36,2644.4647170000244
cold,N045,NO_MATCH,,B15,0.9758596349263186,,21,2587.3223930000095
cold,N046,NO_MATCH,,L15,0.853908730059075,,17,2707.198463000008
cold,N047,NO_MATCH,,L15,0.9298548647173126,,26,2993.658278000017
cold,N048,NO_MATCH,,L15,0.7779838920217211,,28,3132.0060999999987
cold,N049,NO_MATCH,,L02,0.8435370001898668,,27,2324.1084600000177
cold,N050,NO_MATCH,,M06,0.7961416832501229,,19,2327.255677999987
cold,N051,NO_MATCH,,B04,0.9361529483326233,,36,2324.591756000009
cold,N052,NO_MATCH,,B03,0.9009496387795474,,36,2286.5873369999463
cold,N053,NO_MATCH,,L15,0.9148021959851828,,17,2383.335890999995
cold,N054,NO_MATCH,,L15,0.9614481856178125,,19,2451.095068000024
cold,N055,NO_MATCH,,L14,0.8366361947467353,,26,2585.2710129999905
cold,N056,NO_MATCH,,L14,0.9103266254914265,,26,2279.767463999975
cold,N057,NO_MATCH,,L09,0.95766360182976,,21,2358.3964200000046
cold,N058,NO_MATCH,,B04,0.9627056761426372,,28,2468.0171730000293
cold,N059,NO_MATCH,,B05,1,,36,2390.5236210000003
cold,N060,NO_MATCH,,L11,0.9280360060690944,,32,2543.0181080000475
cold,N061,NO_MATCH,,D07,0.6581757585786704,,17,2303.374873999972
cold,N062,NO_MATCH,,D07,0.6519899295152881,,17,2445.4586049999925
cold,N063,NO_MATCH,,D08,0.6434136915079083,,17,2367.5032170000486
cold,N064,NO_MATCH,,D01,0.6369617423478788,,17,2375.8767050000024
cold,N065,NO_MATCH,,D01,0.6431317909832505,,17,2316.196533999988
cold,N066,NO_MATCH,,D05,0.6393589813573702,,17,2390.789144999988
cold,N067,NO_MATCH,,D05,0.6599753993917712,,17,2378.87487900001
cold,N068,NO_MATCH,,D06,0.6778352080965259,,17,2408.9012410000432
cold,N069,NO_MATCH,,D06,0.6527660405925911,,17,2424.9143760000006
cold,N070,NO_MATCH,,D08,0.660223878239999,,17,2311.050256999966
cold,N071,NO_MATCH,,D07,0.6547363911173609,,17,2389.2371440000134
cold,N072,NO_MATCH,,D06,0.6646036131427828,,17,2309.4790659999708
cold,N073,NO_MATCH,,D06,0.670333864328674,,17,2574.935587999993
cold,N074,NO_MATCH,,D05,0.6410191083669902,,17,2557.490690000006
cold,N075,NO_MATCH,,D05,0.6784909678696488,,17,2620.5378229999915
cold,N076,NO_MATCH,,D05,0.6776654129595703,,17,2567.806274999981
cold,N077,NO_MATCH,,D05,0.636984812295104,,17,2957.903130999999
cold,N078,NO_MATCH,,D07,0.6402810862967152,,17,3334.178562999994
cold,N079,NO_MATCH,,D07,0.6606197756367729,,17,3021.692952000012
cold,N080,NO_MATCH,,D06,0.6939435604581587,,17,3211.9191190000274
cold,N081,NO_MATCH,,B15,0.6250220340661516,,45,2469.7458699999843
cold,N082,NO_MATCH,,B03,0.616459784909771,,45,2473.862693999952
cold,N083,NO_MATCH,,B01,0.6446599264705881,,45,2533.549751000013
cold,N084,NO_MATCH,,B09,0.6414025363933452,,43,2478.1947320000036
cold,N085,NO_MATCH,,B15,0.67296423177857,,44,2474.4270550000365
cold,N086,NO_MATCH,,B15,0.6698137007328183,,45,2495.394857999985
cold,N087,NO_MATCH,,B05,0.6454538360155383,,45,2353.1053030000185
cold,N088,NO_MATCH,,B15,0.6250220340661516,,45,2552.067495000025
cold,N089,NO_MATCH,,B03,0.616459784909771,,45,2465.4117980000447
cold,N090,NO_MATCH,,B01,0.6446599264705881,,45,2515.8486050000065
cold,N091,NO_MATCH,,B09,0.6414025363933452,,43,2513.000407000014
cold,N092,NO_MATCH,,B15,0.67296423177857,,44,2476.5444610000122
cold,N093,NO_MATCH,,B15,0.6698137007328183,,45,2325.171778000018
cold,N094,NO_MATCH,,B05,0.6454538360155383,,45,2351.587996999966
cold,N095,NO_MATCH,,B15,0.6250220340661516,,45,2403.035390999983
cold,N096,NO_MATCH,,B03,0.616459784909771,,45,2452.1830590000027
cold,N097,NO_MATCH,,B01,0.6446599264705881,,45,2289.509696999972
cold,N098,NO_MATCH,,B09,0.6414025363933452,,43,2278.0537309999927
cold,N099,NO_MATCH,,B15,0.67296423177857,,44,2333.7488649999723
cold,N100,NO_MATCH,,B15,0.6698137007328183,,45,2399.7153119999566
warm,B01-duplicate,EQUIVALENT,B01,B01,1,1,36,26.926422999997158
warm,B01-independent,EXACT,B01,B01,1,1,36,26.179809000052046
warm,B01-angle,EXACT,B01,B01,1,1,36,24.052938000007998
warm,B01-lighting,EXACT,B01,B01,0.9780546965411545,1,36,26.92411900003208
warm,B01-cast,EXACT,B01,L01,0.8032190292625351,,28,33.395948000019416
warm,B01-background,EXACT,B01,B01,1,1,36,24.05370500002755
warm,B01-crop,EXACT,B01,B06,0.9011027964005756,8,36,21.92478200001642
warm,B01-orientation,EXACT,B01,B06,0.8652614146529898,5,36,36.5888730000006
warm,B02-duplicate,EQUIVALENT,B02,B01,1,2,36,26.612467999977525
warm,B02-independent,EXACT,B02,B01,1,2,36,24.904266000026837
warm,B02-angle,EXACT,B02,B01,1,2,36,25.549684999976307
warm,B02-lighting,EXACT,B02,B01,1,2,27,25.31100000004517
warm,B02-cast,EXACT,B02,B01,0.9446784419155707,2,36,34.27041699999245
warm,B02-background,EXACT,B02,B01,1,2,36,34.46184500004165
warm,B02-crop,EXACT,B02,B06,0.9011067459524098,11,35,26.019413999980316
warm,B02-orientation,EXACT,B02,B03,0.8629937291697587,5,36,29.87984399998095
warm,B03-duplicate,EQUIVALENT,B03,B03,1,1,36,26.71956699999282
warm,B03-independent,EXACT,B03,B03,0.9910077167228032,1,36,26.00969099998474
warm,B03-angle,EXACT,B03,B03,1,1,36,24.7117009999929
warm,B03-lighting,EXACT,B03,B03,1,1,36,26.287509999994654
warm,B03-cast,EXACT,B03,L09,0.8436346116285325,,28,30.482669999997597
warm,B03-background,EXACT,B03,B03,1,1,36,24.145634999964386
warm,B03-crop,EXACT,B03,B06,0.8787055132892503,4,36,23.199714999995194
warm,B03-orientation,EXACT,B03,B04,0.895025413233194,3,36,22.81855299999006
warm,B04-duplicate,EQUIVALENT,B04,B03,1,2,36,21.35859400004847
warm,B04-independent,EXACT,B04,B03,0.9903130140656267,2,36,24.99275299999863
warm,B04-angle,EXACT,B04,B03,1,2,36,24.04848800000036
warm,B04-lighting,EXACT,B04,B04,0.9364753686054275,1,30,29.926754999964032
warm,B04-cast,EXACT,B04,B04,0.9495697369565376,1,36,24.18897099996684
warm,B04-background,EXACT,B04,B03,1,2,36,23.090589000028558
warm,B04-crop,EXACT,B04,B06,0.8792367749557082,3,36,29.30160700000124
warm,B04-orientation,EXACT,B04,B04,0.8669151829154488,1,36,23.27918299997691
warm,B05-duplicate,EQUIVALENT,B05,B05,1,1,36,26.416476999991573
warm,B05-independent,EXACT,B05,B05,1,1,36,35.52613399998518
warm,B05-angle,EXACT,B05,B05,1,1,36,26.911462000047322
warm,B05-lighting,EXACT,B05,B05,1,1,36,30.016934000013862
warm,B05-cast,EXACT,B05,L11,0.8306355308702735,,28,24.99301600002218
warm,B05-background,EXACT,B05,B05,1,1,36,25.237749000021722
warm,B05-crop,EXACT,B05,B05,0.8734074544623079,1,36,26.55220500001451
warm,B05-orientation,EXACT,B05,B07,0.8809962699776809,2,36,34.525574999977835
warm,B06-duplicate,EQUIVALENT,B06,B05,1,2,36,31.3870079999906
warm,B06-independent,EXACT,B06,B05,1,2,36,24.230972999997903
warm,B06-angle,EXACT,B06,B05,1,2,36,28.23300599999493
warm,B06-lighting,EXACT,B06,B05,1,2,34,34.79000999999698
warm,B06-cast,EXACT,B06,B05,0.956482996988331,2,36,29.933233999996446
warm,B06-background,EXACT,B06,B05,1,2,36,27.276116999972146
warm,B06-crop,EXACT,B06,B05,0.8640727516761829,2,35,24.421639000007417
warm,B06-orientation,EXACT,B06,B06,0.8769508832182377,1,35,29.51918400003342
warm,B07-duplicate,EQUIVALENT,B07,B07,1,1,36,26.79870700003812
warm,B07-independent,EXACT,B07,B07,1,1,36,23.516239000018686
warm,B07-angle,EXACT,B07,B07,1,1,36,23.951494999986608
warm,B07-lighting,EXACT,B07,B07,0.9795729979112295,1,36,35.29614799999399
warm,B07-cast,EXACT,B07,L14,0.9219677738982853,,28,24.512510999978986
warm,B07-background,EXACT,B07,B07,1,1,36,38.67278100003023
warm,B07-crop,EXACT,B07,B07,0.8810478567320692,1,36,24.490580999990925
warm,B07-orientation,EXACT,B07,B07,0.8781249999999999,1,34,29.493921000044793
warm,B08-duplicate,EQUIVALENT,B08,B07,1,2,36,28.277278000023216
warm,B08-independent,EXACT,B08,B07,1,2,36,48.39562000002479
warm,B08-angle,EXACT,B08,B07,1,2,36,35.38021700002719
warm,B08-lighting,EXACT,B08,B08,0.9238709309937456,1,33,25.93160899996292
warm,B08-cast,EXACT,B08,B08,0.9365591648250934,1,36,25.221610000007786
warm,B08-background,EXACT,B08,B07,1,2,36,24.676441000017803
warm,B08-crop,EXACT,B08,B07,0.8833363343695303,2,36,26.909624000021722
warm,B08-orientation,EXACT,B08,B06,0.8768615145952725,4,36,30.4964640000253
warm,B09-duplicate,EQUIVALENT,B09,B01,1,3,36,33.336404000001494
warm,B09-independent,EXACT,B09,B09,1,1,36,27.53259800001979
warm,B09-angle,EXACT,B09,B01,1,3,36,35.32092600001488
warm,B09-lighting,EXACT,B09,B09,0.968293836831841,1,36,26.9337790000136
warm,B09-cast,EXACT,B09,L09,0.8334068191597581,,28,28.045245999994222
warm,B09-background,EXACT,B09,B03,1,3,36,26.494570999988355
warm,B09-crop,EXACT,B09,B06,0.8935064298117449,9,36,24.899970999977086
warm,B09-orientation,EXACT,B09,B08,0.8742039688380676,8,36,35.9187020000536
warm,B10-duplicate,EQUIVALENT,B10,B01,1,4,36,23.646071000024676
warm,B10-independent,EXACT,B10,B09,1,2,36,22.886069000000134
warm,B10-angle,EXACT,B10,B01,1,4,36,25.89540300000226
warm,B10-lighting,EXACT,B10,B10,0.9318327811145559,1,27,26.857110999990255
warm,B10-cast,EXACT,B10,B10,0.9545676929953986,1,36,32.322834000049625
warm,B10-background,EXACT,B10,B09,1,2,36,28.505704000010155
warm,B10-crop,EXACT,B10,B07,0.8906104859664274,10,36,39.267910999944434
warm,B10-orientation,EXACT,B10,B10,0.8761478129393695,1,33,25.41590299998643
warm,B11-duplicate,EQUIVALENT,B11,B03,1,5,36,24.482061000016984
warm,B11-independent,EXACT,B11,B06,1,2,36,22.497380000015255
warm,B11-angle,EXACT,B11,B05,1,2,36,24.646624999993946
warm,B11-lighting,EXACT,B11,B11,1,1,36,24.704400999995414
warm,B11-cast,EXACT,B11,L11,0.9411187616531186,,28,26.96269300003769
warm,B11-background,EXACT,B11,B05,1,3,36,31.05484699999215
warm,B11-crop,EXACT,B11,B11,0.8936667622507878,1,36,29.599944000015967
warm,B11-orientation,EXACT,B11,B14,0.8895227755200124,6,36,51.54272100003436
warm,B12-duplicate,EQUIVALENT,B12,B03,1,6,36,28.984191999945324
warm,B12-independent,EXACT,B12,B06,1,3,36,25.933794000011403
warm,B12-angle,EXACT,B12,B05,1,3,36,31.114666000008583
warm,B12-lighting,EXACT,B12,B11,1,2,34,25.698741999978665
warm,B12-cast,EXACT,B12,B12,0.9562479667796766,1,36,26.350159000023268
warm,B12-background,EXACT,B12,B05,1,4,36,22.23677099996712
warm,B12-crop,EXACT,B12,B11,0.8847053668156827,2,36,27.911809000012
warm,B12-orientation,EXACT,B12,B16,0.8630406129824745,3,33,23.44616799999494
warm,B13-duplicate,EQUIVALENT,B13,B07,1,2,36,23.830867999990005
warm,B13-independent,EXACT,B13,B13,1,1,36,24.94383599999128
warm,B13-angle,EXACT,B13,B07,1,3,36,22.868498000025284
warm,B13-lighting,EXACT,B13,B13,0.9745272778584644,1,36,21.70318499999121
warm,B13-cast,EXACT,B13,L13,0.9202632334546362,,28,21.489396999997552
warm,B13-background,EXACT,B13,B13,1,1,36,32.22323000000324
warm,B13-crop,EXACT,B13,B11,0.8727807027015008,3,32,28.41470299998764
warm,B13-orientation,EXACT,B13,B14,0.8747703444395175,2,32,23.894104000006337
warm,B14-duplicate,EQUIVALENT,B14,B07,1,3,36,30.094882000004873
warm,B14-independent,EXACT,B14,B13,1,2,36,24.79726500000106
warm,B14-angle,EXACT,B14,B07,1,4,36,30.374993000004906
warm,B14-lighting,EXACT,B14,B14,0.9211063417641895,1,30,24.01355799997691
warm,B14-cast,EXACT,B14,B14,0.9341202152946809,1,36,25.124857000017073
warm,B14-background,EXACT,B14,B13,1,2,36,27.462277000013273
warm,B14-crop,EXACT,B14,B11,0.8724674555607411,4,36,24.833012000017334
warm,B14-orientation,EXACT,B14,B13,0.8680088927380674,2,33,23.680167000042275
warm,B15-duplicate,EQUIVALENT,B15,B15,1,1,36,29.011562999978196
warm,B15-independent,EXACT,B15,B15,1,1,36,25.14126700005727
warm,B15-angle,EXACT,B15,B15,1,1,36,27.37272700003814
warm,B15-lighting,EXACT,B15,B15,1,1,36,43.605168999987654
warm,B15-cast,EXACT,B15,L16,0.8451540595760881,,28,20.846302999998443
warm,B15-background,EXACT,B15,B05,1,3,36,23.75397400005022
warm,B15-crop,EXACT,B15,B16,0.8743041668318311,2,36,29.02457799995318
warm,B15-orientation,EXACT,B15,B14,0.8887326699071931,5,35,23.439654000045266
warm,B16-duplicate,EQUIVALENT,B16,B15,1,2,36,32.22133400000166
warm,B16-independent,EXACT,B16,B15,1,2,36,24.328080000006594
warm,B16-angle,EXACT,B16,B15,1,2,36,28.356501000002027
warm,B16-lighting,EXACT,B16,B15,1,2,34,28.735407000000123
warm,B16-cast,EXACT,B16,B15,0.9420350482943762,2,36,23.75585499999579
warm,B16-background,EXACT,B16,B15,1,2,36,24.21305299998494
warm,B16-crop,EXACT,B16,B13,0.8688155853329076,3,31,24.20433999999659
warm,B16-orientation,EXACT,B16,B16,0.8951714935617685,1,31,26.14573400001973
warm,L01-duplicate,EQUIVALENT,L01,L01,1,1,28,23.897773000004236
warm,L01-independent,EXACT,L01,L01,0.9863084677406316,1,28,22.62936299998546
warm,L01-angle,EXACT,L01,L02,0.8808841736694678,2,28,22.752705999999307
warm,L01-lighting,EXACT,L01,L01,0.8020937482525874,1,28,20.85186799999792
warm,L01-cast,EXACT,L01,L01,0.9409083919763194,1,28,24.025894000020344
warm,L01-background,EXACT,L01,L01,0.6614498527541495,1,25,23.44789699994726
warm,L01-crop,EXACT,L01,L08,0.6378288451633246,6,24,21.132922999968287
warm,L01-orientation,EXACT,L01,L06,0.6481056057491423,4,27,24.828899000014644
warm,L02-duplicate,EQUIVALENT,L02,L02,1,1,28,22.913515999971423
warm,L02-independent,EXACT,L02,L02,0.89097243888096,1,28,24.664228000037838
warm,L02-angle,EXACT,L02,L02,0.8795737849903111,1,28,35.90537100000074
warm,L02-lighting,EXACT,L02,L09,0.7795180789403687,3,45,32.46805399999721
warm,L02-cast,EXACT,L02,B01,0.8647091609629114,,36,30.23651899996912
warm,L02-background,EXACT,L02,L02,0.6608839275727988,1,24,41.13921799999662
warm,L02-crop,EXACT,L02,L05,0.6476175543587355,8,27,32.471490999974776
warm,L02-orientation,EXACT,L02,L05,0.6724356530640644,7,28,25.624213000002783
warm,L03-duplicate,EQUIVALENT,L03,L03,1,1,28,25.525604000024032
warm,L03-independent,EXACT,L03,L03,0.9989819431417063,1,28,27.4547630000161
warm,L03-angle,EXACT,L03,L03,0.8807272810685451,1,28,28.84928000002401
warm,L03-lighting,EXACT,L03,L04,0.9655137766150423,2,28,22.067734999989625
warm,L03-cast,EXACT,L03,L03,0.9416756567209844,1,28,24.470854000013787
warm,L03-background,EXACT,L03,L03,0.7219645185840428,1,22,26.777345999958925
warm,L03-crop,EXACT,L03,L08,0.651412332668157,5,24,27.125523999973666
warm,L03-orientation,EXACT,L03,L04,0.6498679139228069,4,28,24.36187899997458
warm,L04-duplicate,EQUIVALENT,L04,L04,1,1,28,22.867384000041056
warm,L04-independent,EXACT,L04,L04,0.9868359475887786,1,28,22.94410500000231
warm,L04-angle,EXACT,L04,L03,0.894258226334012,2,28,22.055051999981515
warm,L04-lighting,EXACT,L04,L03,0.7959871757080565,2,47,33.79260699998122
warm,L04-cast,EXACT,L04,L14,0.8241058599593414,,36,33.105643999995664
warm,L04-background,EXACT,L04,L04,0.7269384788376558,1,23,31.496242000022903
warm,L04-crop,EXACT,L04,L05,0.6499481032229569,3,28,22.315162000013515
warm,L04-orientation,EXACT,L04,L06,0.6739577565472821,4,26,29.95105400000466
warm,L05-duplicate,EQUIVALENT,L05,L05,1,1,26,31.86002899997402
warm,L05-independent,EXACT,L05,L05,0.890105085238504,1,28,24.18793400004506
warm,L05-angle,EXACT,L05,L06,0.8785827558114175,2,26,22.355779999983497
warm,L05-lighting,EXACT,L05,L05,0.8811474686232814,1,28,22.335436999972444
warm,L05-cast,EXACT,L05,L05,0.9421950116554666,1,28,61.102305999957025
warm,L05-background,EXACT,L05,L05,0.7161458333333334,1,24,23.922910999972373
warm,L05-crop,EXACT,L05,L02,0.6762844297575443,4,27,22.810641999996733
warm,L05-orientation,EXACT,L05,L02,0.6506946762519202,9,28,22.329956000030506
warm,L06-duplicate,EQUIVALENT,L06,L06,1,1,26,23.928840999957174
warm,L06-independent,EXACT,L06,B05,0.7948357698875634,,36,24.402426999993622
warm,L06-angle,EXACT,L06,L05,0.8885903895763037,2,26,22.955944000044838
warm,L06-lighting,EXACT,L06,L15,0.8617866621310915,6,47,27.063779999967664
warm,L06-cast,EXACT,L06,B05,0.8132343155467578,,36,25.275734000024386
warm,L06-background,EXACT,L06,L06,0.703125,1,23,22.916807000001427
warm,L06-crop,EXACT,L06,B15,0.6724532825767097,,35,42.267760000017006
warm,L06-orientation,EXACT,L06,L06,0.6383050081101151,1,26,25.602994000015315
warm,L07-duplicate,EQUIVALENT,L07,L07,1,1,45,59.125079999968875
warm,L07-independent,EXACT,L07,L07,0.9822352136561696,1,45,33.79705500003183
warm,L07-angle,EXACT,L07,L07,0.8138862965057818,1,26,33.04274100001203
warm,L07-lighting,EXACT,L07,B07,0.8352427745607283,4,45,42.91541200003121
warm,L07-cast,EXACT,L07,L07,0.985649130908402,1,28,29.835407999984454
warm,L07-background,EXACT,L07,L06,0.691135072156459,3,28,24.80192800000077
warm,L07-crop,EXACT,L07,B15,0.6975710504164451,30,36,32.01929599995492
warm,L07-orientation,EXACT,L07,L13,0.6349010706648915,8,45,39.3737919999985
warm,L08-duplicate,EQUIVALENT,L08,L08,1,1,36,29.658848999999464
warm,L08-independent,EXACT,L08,L08,0.9713858603786341,1,28,24.840527999971528
warm,L08-angle,EXACT,L08,L08,0.890387850421293,1,36,24.54879999998957
warm,L08-lighting,EXACT,L08,L13,0.7813315634712645,12,45,34.18527100002393
warm,L08-cast,EXACT,L08,B08,0.8679349879800413,28,36,32.507211999967694
warm,L08-background,EXACT,L08,L06,0.6894014019502623,7,26,26.058470999996644
warm,L08-crop,EXACT,L08,M07,0.6837292596225274,19,36,32.2025690000155
warm,L08-orientation,EXACT,L08,L05,0.6541604387414481,2,26,29.901954000000842
warm,L09-duplicate,EQUIVALENT,L09,L09,1,1,47,37.27515300002415
warm,L09-independent,EXACT,L09,L09,0.9847320292990379,1,46,51.55536599998595
warm,L09-angle,EXACT,L09,L09,0.886157463183736,1,45,36.65615400002571
warm,L09-lighting,EXACT,L09,L10,0.874709187316659,2,48,28.185539000027347
warm,L09-cast,EXACT,L09,L09,0.9839449843833669,1,28,22.09065800003009
warm,L09-background,EXACT,L09,L03,0.6764434310405268,2,26,24.22838500002399
warm,L09-crop,EXACT,L09,L05,0.6555461053171756,38,44,50.40633999998681
warm,L09-orientation,EXACT,L09,B15,0.6697715762026167,8,45,25.55478199996287
warm,L10-duplicate,EQUIVALENT,L10,L10,1,1,47,35.920859000005294
warm,L10-independent,EXACT,L10,L10,0.9856770833333334,1,46,29.34227899997495
warm,L10-angle,EXACT,L10,L09,0.8866590351556736,2,46,25.276745000039227
warm,L10-lighting,EXACT,L10,L09,0.7783154176912697,2,48,30.163826999953017
warm,L10-cast,EXACT,L10,L10,0.903505861966525,1,36,36.75866400002269
warm,L10-background,EXACT,L10,L10,0.6570745581092496,1,26,31.570756000000983
warm,L10-crop,EXACT,L10,L08,0.6540733078875776,37,41,57.94033599999966
warm,L10-orientation,EXACT,L10,D08,0.6540150959572568,9,45,25.608560999971814
warm,L11-duplicate,EQUIVALENT,L11,L11,1,1,48,38.56843200000003
warm,L11-independent,EXACT,L11,L11,0.9668807289175834,1,48,31.59581700002309
warm,L11-angle,EXACT,L11,L12,0.9566346677559914,2,48,26.739819000009447
warm,L11-lighting,EXACT,L11,L15,0.8680951183935408,3,48,27.68623099999968
warm,L11-cast,EXACT,L11,L11,0.9810899714511686,1,28,38.54543499997817
warm,L11-background,EXACT,L11,L11,0.67578125,1,45,37.82098000001861
warm,L11-crop,EXACT,L11,L08,0.6914593927518835,28,45,28.708854000025894
warm,L11-orientation,EXACT,L11,B15,0.6686474425628838,22,45,27.82561700005317
warm,L12-duplicate,EQUIVALENT,L12,L12,1,1,48,27.836377000028733
warm,L12-independent,EXACT,L12,L12,0.9763481674731391,1,48,24.601505000027828
warm,L12-angle,EXACT,L12,L12,0.8724219795850068,1,48,36.919653000019025
warm,L12-lighting,EXACT,L12,L12,0.8835707865752135,1,48,38.16151100001298
warm,L12-cast,EXACT,L12,L12,0.9061420039100098,1,36,26.089432000007946
warm,L12-background,EXACT,L12,L12,0.6614583333333334,1,44,35.783731000032276
warm,L12-crop,EXACT,L12,B01,0.6807693756978908,34,44,24.914592000015546
warm,L12-orientation,EXACT,L12,D08,0.6551956586323594,8,45,35.86109999998007
warm,L13-duplicate,EQUIVALENT,L13,L13,1,1,45,29.15711900003953
warm,L13-independent,EXACT,L13,L13,0.9772732781166105,1,45,24.06998799997382
warm,L13-angle,EXACT,L13,L07,0.8851646416319907,2,45,23.43261600000551
warm,L13-lighting,EXACT,L13,L14,0.9642629980500996,3,45,29.056526999978814
warm,L13-cast,EXACT,L13,L13,0.9515104319447536,1,25,24.097093000018504
warm,L13-background,EXACT,L13,L13,0.6780614978137911,1,27,28.881167999992613
warm,L13-crop,EXACT,L13,B01,0.6940253617892388,14,43,24.05462399998214
warm,L13-orientation,EXACT,L13,B15,0.6574261634133637,9,45,28.565560000017285
warm,L14-duplicate,EQUIVALENT,L14,L14,1,1,48,26.063106000015978
warm,L14-independent,EXACT,L14,L14,0.9699744760766429,1,45,23.099073999968823
warm,L14-angle,EXACT,L14,L14,0.8894250408496733,1,48,47.9278640000266
warm,L14-lighting,EXACT,L14,L14,0.8113566356162134,1,48,44.70932999998331
warm,L14-cast,EXACT,L14,L14,0.954574980185568,1,36,23.61237099999562
warm,L14-background,EXACT,L14,L07,0.6644500831386251,8,26,25.5878200000152
warm,L14-crop,EXACT,L14,B01,0.662586763594247,27,43,38.08914799999911
warm,L14-orientation,EXACT,L14,L15,0.671317141482099,3,46,26.201600999978837
warm,L15-duplicate,EQUIVALENT,L15,L15,1,1,48,28.066374999994878
warm,L15-independent,EXACT,L15,L15,0.9694708562537129,1,48,30.020423999987543
warm,L15-angle,EXACT,L15,L15,0.880642361111111,1,46,30.536240000044927
warm,L15-lighting,EXACT,L15,L15,0.8306711265306249,1,48,37.67108300002292
warm,L15-cast,EXACT,L15,L15,0.9808045407567622,1,28,38.308768999995664
warm,L15-background,EXACT,L15,L15,0.71875,1,45,42.46864199999254
warm,L15-crop,EXACT,L15,B13,0.6501323196276477,19,45,33.32978000002913
warm,L15-orientation,EXACT,L15,L16,0.6443167892156864,4,45,30.215896999987308
warm,L16-duplicate,EQUIVALENT,L16,L16,1,1,48,23.777793999994174
warm,L16-independent,EXACT,L16,L15,0.9606904423291951,2,48,27.670296999975108
warm,L16-angle,EXACT,L16,L16,0.9847375408496732,1,48,24.71526199998334
warm,L16-lighting,EXACT,L16,L16,0.9601884147096823,1,48,27.320535000006203
warm,L16-cast,EXACT,L16,L16,0.9136419970128684,1,36,28.789451999997254
warm,L16-background,EXACT,L16,L16,0.7044270833333334,1,45,29.429263000027277
warm,L16-crop,EXACT,L16,B01,0.6812652017741317,16,43,27.576760000025388
warm,L16-orientation,EXACT,L16,L15,0.6586338261975041,5,44,24.64214000001084
warm,D01-duplicate,EQUIVALENT,D01,D01,1,1,48,28.293138000008184
warm,D01-independent,EXACT,D01,D01,0.8033418850867267,1,48,25.239385000022594
warm,D01-angle,EXACT,D01,D01,0.8896758167501451,1,48,24.40300200000638
warm,D01-lighting,EXACT,D01,D02,0.7257452543342023,2,48,33.04563900001813
warm,D01-cast,EXACT,D01,D01,0.7613098425572689,1,28,35.16556200000923
warm,D01-background,EXACT,D01,D01,0.866298852679388,1,48,26.253518000012264
warm,D01-crop,EXACT,D01,B15,0.6869336632767907,24,48,24.97186099999817
warm,D01-orientation,EXACT,D01,B15,0.6950962500028667,14,48,24.50341900001513
warm,D02-duplicate,EQUIVALENT,D02,D02,1,1,48,25.233844999980647
warm,D02-independent,EXACT,D02,D01,0.8739858847130244,2,48,24.668331999971997
warm,D02-angle,EXACT,D02,D01,0.8882954180188307,2,48,28.08957199996803
warm,D02-lighting,EXACT,D02,D02,0.7128960072182047,1,36,25.034855999983847
warm,D02-cast,EXACT,D02,D02,0.9871663930531998,1,36,32.03900900000008
warm,D02-background,EXACT,D02,D02,0.8805354733889256,1,47,31.963552000001073
warm,D02-crop,EXACT,D02,B06,0.6921796504637431,13,48,33.235723999969196
warm,D02-orientation,EXACT,D02,D01,0.6888877497079475,3,48,31.993399999977555
warm,D03-duplicate,EQUIVALENT,D03,D03,1,1,48,26.87856899999315
warm,D03-independent,EXACT,D03,D03,0.7330455102257831,1,47,52.65656500001205
warm,D03-angle,EXACT,D03,D03,0.9710990858905415,1,48,35.14520699996501
warm,D03-lighting,EXACT,D03,B15,0.7150136805454081,2,48,48.711590000020806
warm,D03-cast,EXACT,D03,D03,0.8212078073049378,1,28,47.690486999985296
warm,D03-background,EXACT,D03,D03,0.8023287805001884,1,47,67.2259770000237
warm,D03-crop,EXACT,D03,B15,0.6776393154604501,11,48,29.900946000008844
warm,D03-orientation,EXACT,D03,B15,0.6705713867026087,19,48,51.944925000017975
warm,D04-duplicate,EQUIVALENT,D04,D04,1,1,48,28.67883799999254
warm,D04-independent,EXACT,D04,D03,0.7887457669501422,2,47,38.4285089999903
warm,D04-angle,EXACT,D04,D03,0.8900912008545896,2,48,80.85155700001633
warm,D04-lighting,EXACT,D04,D04,0.7237043004073925,1,36,37.52788100001635
warm,D04-cast,EXACT,D04,D04,0.9743162542689878,1,36,39.019756000023335
warm,D04-background,EXACT,D04,D04,0.889420775363599,1,47,32.796918000036385
warm,D04-crop,EXACT,D04,B15,0.6858153103157831,6,48,34.30321300000651
warm,D04-orientation,EXACT,D04,B15,0.7019420992305417,21,48,38.71453300002031
warm,D05-duplicate,EQUIVALENT,D05,D05,1,1,48,30.330323999980465
warm,D05-independent,EXACT,D05,D05,0.725472972630719,1,48,28.084334999963176
warm,D05-angle,EXACT,D05,D05,0.966377271145244,1,47,29.098111999977846
warm,D05-lighting,EXACT,D05,B15,0.7301858369210126,3,48,26.090568999992684
warm,D05-cast,EXACT,D05,D05,0.97602068319666,1,27,43.788558000000194
warm,D05-background,EXACT,D05,D05,0.8760416666666667,1,47,68.54808999999659
warm,D05-crop,EXACT,D05,B15,0.6765247517031218,4,48,86.41020899999421
warm,D05-orientation,EXACT,D05,M01,0.6708194144954269,12,48,97.78363300004276
warm,D06-duplicate,EQUIVALENT,D06,D06,1,1,48,102.76267299999017
warm,D06-independent,EXACT,D06,D06,0.7811742787894346,1,48,37.05030100001022
warm,D06-angle,EXACT,D06,D05,0.9782851125186048,2,48,33.80321500002174
warm,D06-lighting,EXACT,D06,B15,0.7260082790097241,6,48,34.56390500004636
warm,D06-cast,EXACT,D06,D06,0.951944697066478,1,36,35.706884999992326
warm,D06-background,EXACT,D06,D06,0.8903645833333333,1,45,34.10093700001016
warm,D06-crop,EXACT,D06,B15,0.6690663525101299,13,48,56.90618200000608
warm,D06-orientation,EXACT,D06,B15,0.6823634542014573,4,45,31.05073399998946
warm,D07-duplicate,EQUIVALENT,D07,D07,1,1,46,42.78153699997347
warm,D07-independent,EXACT,D07,D07,0.7973505493259805,1,45,36.381830999976955
warm,D07-angle,EXACT,D07,D08,0.9678372778134672,2,45,31.714529999997467
warm,D07-lighting,EXACT,D07,D07,0.7618271204532869,1,48,46.75539200002095
warm,D07-cast,EXACT,D07,D07,0.9733278197956726,1,28,53.53545500000473
warm,D07-background,EXACT,D07,D07,0.8445306964203796,1,28,36.1216790000326
warm,D07-crop,EXACT,D07,B15,0.683859064772449,2,45,32.82698600000003
warm,D07-orientation,EXACT,D07,B15,0.685173898501581,7,45,99.41720899997745
warm,D08-duplicate,EQUIVALENT,D08,D08,1,1,46,312.98105699999724
warm,D08-independent,EXACT,D08,D07,0.7971917630337106,2,45,39.56871999998111
warm,D08-angle,EXACT,D08,D08,0.9675630668531364,1,48,57.34140600002138
warm,D08-lighting,EXACT,D08,B15,0.7140992317660938,4,48,54.555174999986775
warm,D08-cast,EXACT,D08,D08,0.9667610455349309,1,36,45.136124999960884
warm,D08-background,EXACT,D08,D08,0.9266581288327385,1,28,27.206558000005316
warm,D08-crop,EXACT,D08,B15,0.6836069133122978,3,45,26.436006999982055
warm,D08-orientation,EXACT,D08,B15,0.7235896711261575,3,45,41.86256800004048
warm,M01-duplicate,EQUIVALENT,M01,M01,1,1,26,29.050929999968503
warm,M01-independent,EXACT,M01,M01,1,1,26,36.67012500000419
warm,M01-angle,EXACT,M01,M01,1,1,26,29.126179000013508
warm,M01-lighting,EXACT,M01,M01,1,1,26,50.28189400001429
warm,M01-cast,EXACT,M01,M01,0.9309348938733625,1,28,34.934191999956965
warm,M01-background,EXACT,M01,M02,0.9980126609066851,2,24,24.837738000031095
warm,M01-crop,EXACT,M01,M01,0.8458364290069899,1,26,27.015863000007812
warm,M01-orientation,EXACT,M01,M01,0.85,1,26,87.15429099998437
warm,M02-duplicate,EQUIVALENT,M02,M01,1,2,26,47.33572799997637
warm,M02-independent,EXACT,M02,M01,1,2,26,34.32028000004357
warm,M02-angle,EXACT,M02,M01,1,2,26,24.078752999950666
warm,M02-lighting,EXACT,M02,M02,0.954657305858057,1,26,44.54436099994928
warm,M02-cast,EXACT,M02,B14,0.7404743843142046,,35,47.672087000042666
warm,M02-background,EXACT,M02,M01,1,2,24,68.42393400002038
warm,M02-crop,EXACT,M02,M01,0.8645864290069898,2,26,116.11513500002911
warm,M02-orientation,EXACT,M02,M01,0.8871807560862838,2,26,168.79546500003198
warm,M03-duplicate,EQUIVALENT,M03,M03,1,1,26,44.57386000000406
warm,M03-independent,EXACT,M03,M03,1,1,26,47.613681000017095
warm,M03-angle,EXACT,M03,M03,1,1,26,25.930489999998827
warm,M03-lighting,EXACT,M03,M03,1,1,26,46.389480000012554
warm,M03-cast,EXACT,M03,M03,0.9189375284825441,1,28,28.731818999978714
warm,M03-background,EXACT,M03,M04,0.9323126112795523,2,26,65.94205000001239
warm,M03-crop,EXACT,M03,M03,0.86163334049797,1,24,70.10012999997707
warm,M03-orientation,EXACT,M03,M03,0.85,1,26,45.36197700002231
warm,M04-duplicate,EQUIVALENT,M04,M03,1,2,26,42.88884999998845
warm,M04-independent,EXACT,M04,M03,1,2,26,42.257794000033755
warm,M04-angle,EXACT,M04,M03,1,2,26,63.97142099996563
warm,M04-lighting,EXACT,M04,M03,1,2,26,53.51843599998392
warm,M04-cast,EXACT,M04,B09,0.7902822239409764,,36,34.43247399997199
warm,M04-background,EXACT,M04,M04,0.9334953451310162,1,26,26.512668999959715
warm,M04-crop,EXACT,M04,M04,0.8736115653864421,1,26,46.75969700003043
warm,M04-orientation,EXACT,M04,M03,0.8677930863144425,2,26,58.02804999996442
warm,M05-duplicate,EQUIVALENT,M05,M05,1,1,19,60.85043400002178
warm,M05-independent,EXACT,M05,M05,1,1,19,46.34770300000673
warm,M05-angle,EXACT,M05,M05,1,1,19,63.78269399999408
warm,M05-lighting,EXACT,M05,M05,1,1,19,22.84227300004568
warm,M05-cast,EXACT,M05,M03,0.7503239746543343,,26,41.91374499996891
warm,M05-background,EXACT,M05,M05,0.9249999999999999,1,19,80.56324799999129
warm,M05-crop,EXACT,M05,M05,0.8412351476269604,1,19,35.57988699997077
warm,M05-orientation,EXACT,M05,M06,0.8827667638437563,2,19,28.588278000010177
warm,M06-duplicate,EQUIVALENT,M06,M05,1,2,19,76.27593499998329
warm,M06-independent,EXACT,M06,M05,1,2,19,79.30693699995754
warm,M06-angle,EXACT,M06,M05,1,2,19,31.506414000003133
warm,M06-lighting,EXACT,M06,M05,1,2,19,28.42258099996252
warm,M06-cast,EXACT,M06,M08,0.7291011123774538,,36,37.48163600004045
warm,M06-background,EXACT,M06,M06,0.9249999999999999,1,19,22.956103999982588
warm,M06-crop,EXACT,M06,M06,0.8368680016460204,1,19,21.556477000005543
warm,M06-orientation,EXACT,M06,M06,0.8637187779063754,1,19,32.16368800000055
warm,M07-duplicate,EQUIVALENT,M07,M07,1,1,36,26.70189600001322
warm,M07-independent,EXACT,M07,M07,1,1,36,31.042657999962103
warm,M07-angle,EXACT,M07,M07,1,1,36,39.8400440000114
warm,M07-lighting,EXACT,M07,M07,0.9798466123157761,1,36,34.80359299998963
warm,M07-cast,EXACT,M07,L08,0.7440166672890308,,28,45.97308399999747
warm,M07-background,EXACT,M07,M07,0.9917867564625511,1,36,32.732424000045285
warm,M07-crop,EXACT,M07,M07,0.8779019632941928,1,36,30.753421999979764
warm,M07-orientation,EXACT,M07,M07,0.8687499999999999,1,36,78.01656499999808
warm,M08-duplicate,EQUIVALENT,M08,M07,1,2,36,183.57582899997942
warm,M08-independent,EXACT,M08,M07,1,2,36,48.21608499996364
warm,M08-angle,EXACT,M08,M08,1,1,36,145.8242470000405
warm,M08-lighting,EXACT,M08,M07,0.9142417913919881,2,36,40.85377200000221
warm,M08-cast,EXACT,M08,M08,0.8919811059427363,1,36,65.03859900002135
warm,M08-background,EXACT,M08,M08,0.9906377105502826,1,36,45.203845000010915
warm,M08-crop,EXACT,M08,M08,0.8732055759361133,1,36,31.08558000001358
warm,M08-orientation,EXACT,M08,M07,0.884201525156518,2,36,25.03651600005105
warm,B01-ambiguous,AMBIGUOUS,B01|B02,B01,1,1,34,22.04985700000543
warm,B02-ambiguous,AMBIGUOUS,B01|B02,B01,1,1,34,21.339026000001468
warm,B03-ambiguous,AMBIGUOUS,B03|B04,B03,1,1,36,49.06014000001596
warm,B04-ambiguous,AMBIGUOUS,B03|B04,B03,1,1,36,46.930618999991566
warm,B05-ambiguous,AMBIGUOUS,B05|B06,B05,1,1,36,36.12019300000975
warm,B06-ambiguous,AMBIGUOUS,B05|B06,B05,1,1,36,28.012063000001945
warm,B07-ambiguous,AMBIGUOUS,B07|B08,B07,1,1,36,44.23354799998924
warm,B08-ambiguous,AMBIGUOUS,B07|B08,B07,1,1,36,60.829337000031956
warm,B09-ambiguous,AMBIGUOUS,B09|B10,B03,1,2,36,96.40511400002288
warm,B10-ambiguous,AMBIGUOUS,B09|B10,B03,1,2,36,37.73954999999842
warm,B11-ambiguous,AMBIGUOUS,B11|B12,B05,1,3,36,25.542058999999426
warm,B12-ambiguous,AMBIGUOUS,B11|B12,B05,1,3,36,25.134324000042398
warm,B13-ambiguous,AMBIGUOUS,B13|B14,B08,1,2,36,29.999829999986105
warm,B14-ambiguous,AMBIGUOUS,B13|B14,B08,1,2,36,56.66711399995256
warm,B15-ambiguous,AMBIGUOUS,B15|B16,B15,1,1,36,28.42050800001016
warm,B16-ambiguous,AMBIGUOUS,B15|B16,B15,1,1,36,34.03916400001617
warm,L01-ambiguous,AMBIGUOUS,L01|L02,L01,0.9868270997562064,1,28,21.86528799997177
warm,L02-ambiguous,AMBIGUOUS,L01|L02,L01,0.9868270997562064,1,28,21.00186100002611
warm,L03-ambiguous,AMBIGUOUS,L03|L04,L03,0.9996725192560223,1,28,21.450912999978755
warm,L04-ambiguous,AMBIGUOUS,L03|L04,L03,0.9996725192560223,1,28,36.07760700001381
warm,L05-ambiguous,AMBIGUOUS,L05|L06,L05,0.9974513946021298,1,28,44.73167499998817
warm,L06-ambiguous,AMBIGUOUS,L05|L06,L05,0.9974513946021298,1,28,34.19536999997217
warm,L07-ambiguous,AMBIGUOUS,L07|L08,L07,0.9679122969895029,1,45,30.591297000006307
warm,L08-ambiguous,AMBIGUOUS,L07|L08,L07,0.9679122969895029,1,45,24.63048799999524
warm,L09-ambiguous,AMBIGUOUS,L09|L10,L09,0.9690279028765113,1,45,24.00417999998899
warm,L10-ambiguous,AMBIGUOUS,L09|L10,L09,0.9690279028765113,1,45,27.67720500001451
warm,L11-ambiguous,AMBIGUOUS,L11|L12,L11,0.9711758025792837,1,48,24.527687000052538
warm,L12-ambiguous,AMBIGUOUS,L11|L12,L11,0.9711758025792837,1,48,32.225176999985706
warm,L13-ambiguous,AMBIGUOUS,L13|L14,L13,0.9762815668027407,1,45,30.446340999973472
warm,L14-ambiguous,AMBIGUOUS,L13|L14,L13,0.9762815668027407,1,45,36.32371900003636
warm,L15-ambiguous,AMBIGUOUS,L15|L16,L15,0.9772664593607577,1,48,26.497452999989036
warm,L16-ambiguous,AMBIGUOUS,L15|L16,L15,0.9772664593607577,1,48,30.58314399997471
warm,N001,NO_MATCH,,M01,0.6806014201729783,,26,31.327464999980293
warm,N002,NO_MATCH,,L02,0.9786759197334612,,28,23.132011999958195
warm,N003,NO_MATCH,,L09,1,,27,23.790440000011586
warm,N004,NO_MATCH,,L09,0.942257448029,,19,28.281152999959886
warm,N005,NO_MATCH,,B05,1,,36,27.864876999985427
warm,N006,NO_MATCH,,B05,0.8908503531840944,,36,45.09772000001976
warm,N007,NO_MATCH,,D07,0.9028579136025369,,17,42.11511600000085
warm,N008,NO_MATCH,,L14,0.9515460583851948,,19,50.62933900003554
warm,N009,NO_MATCH,,L09,0.945549460602917,,26,70.64163199998438
warm,N010,NO_MATCH,,L09,1,,26,35.13578000001144
warm,N011,NO_MATCH,,L11,0.9374836062105557,,21,39.3147530000424
warm,N012,NO_MATCH,,L11,1,,25,52.46210900001461
warm,N013,NO_MATCH,,B13,1,,36,51.308511000010185
warm,N014,NO_MATCH,,B13,0.9125616572523874,,34,43.96372599998722
warm,N015,NO_MATCH,,L16,0.8580542340869469,,17,42.77273899997817
warm,N016,NO_MATCH,,L16,0.8671140627646445,,19,46.77473200001987
warm,N017,NO_MATCH,,L09,1,,28,47.89543800003594
warm,N018,NO_MATCH,,L09,0.983751982613604,,26,29.003100000030827
warm,N019,NO_MATCH,,M05,0.8173279614240366,,19,21.242907000007108
warm,N020,NO_MATCH,,B01,0.9251999266897781,,37,32.57396000000881
warm,N021,NO_MATCH,,B16,0.945522170742143,,36,26.804914999986067
warm,N022,NO_MATCH,,B16,1,,22,26.281420000013895
warm,N023,NO_MATCH,,L15,0.9652563953103704,,17,23.214333999960218
warm,N024,NO_MATCH,,L15,0.7903814095082478,,22,41.65298300003633
warm,N025,NO_MATCH,,L02,0.9117535938912994,,28,27.9336159999948
warm,N026,NO_MATCH,,L01,0.7722478418172455,,27,25.73841300001368
warm,N027,NO_MATCH,,L09,0.9415016240709455,,19,31.260616999992635
warm,N028,NO_MATCH,,B03,1,,36,37.90309099998558
warm,N029,NO_MATCH,,B05,1,,36,30.81197899999097
warm,N030,NO_MATCH,,L11,0.8595277386954459,,17,33.30429699999513
warm,N031,NO_MATCH,,L14,0.7103979435510829,,19,21.970304000016768
warm,N032,NO_MATCH,,L13,1,,26,37.0758199999691
warm,N033,NO_MATCH,,L09,1,,26,46.42210100003285
warm,N034,NO_MATCH,,L09,1,,21,28.374462999985553
warm,N035,NO_MATCH,,L11,0.9046223651501819,,27,29.54144100000849
warm,N036,NO_MATCH,,L11,0.8920518655140436,,36,29.4610930000199
warm,N037,NO_MATCH,,D08,0.8208753341858281,,32,35.851475000032224
warm,N038,NO_MATCH,,L14,0.855756639708507,,17,43.21253600000637
warm,N039,NO_MATCH,,L16,0.9606295217335835,,19,41.004283000016585
warm,N040,NO_MATCH,,L12,0.9570642453289958,,24,34.405885999964084
warm,N041,NO_MATCH,,M03,0.7630252078731622,,26,49.38473499997053
warm,N042,NO_MATCH,,L12,0.9563932523340193,,19,48.37122299999464
warm,N043,NO_MATCH,,B01,1,,38,34.57489799999166
warm,N044,NO_MATCH,,B14,1,,36,30.019499999994878
warm,N045,NO_MATCH,,B15,0.9758596349263186,,21,40.62074499996379
warm,N046,NO_MATCH,,L15,0.853908730059075,,17,30.722294999985024
warm,N047,NO_MATCH,,L15,0.9298548647173126,,26,28.45356700004777
warm,N048,NO_MATCH,,L15,0.7779838920217211,,28,26.229695000045467
warm,N049,NO_MATCH,,L02,0.8435370001898668,,27,21.297936999995727
warm,N050,NO_MATCH,,M06,0.7961416832501229,,19,20.839995000045747
warm,N051,NO_MATCH,,B04,0.9361529483326233,,36,27.88560999999754
warm,N052,NO_MATCH,,B03,0.9009496387795474,,36,27.13870400004089
warm,N053,NO_MATCH,,L15,0.9148021959851828,,17,27.113376999972388
warm,N054,NO_MATCH,,L15,0.9614481856178125,,19,33.8500729999505
warm,N055,NO_MATCH,,L14,0.8366361947467353,,26,25.431110000004992
warm,N056,NO_MATCH,,L14,0.9103266254914265,,26,23.332463999977335
warm,N057,NO_MATCH,,L09,0.95766360182976,,21,38.5142019999912
warm,N058,NO_MATCH,,B04,0.9627056761426372,,28,33.23096800001804
warm,N059,NO_MATCH,,B05,1,,36,27.076041999971494
warm,N060,NO_MATCH,,L11,0.9280360060690944,,32,40.92918600002304
warm,N061,NO_MATCH,,D07,0.6581757585786704,,17,22.605118999956176
warm,N062,NO_MATCH,,D07,0.6519899295152881,,17,28.217138000007253
warm,N063,NO_MATCH,,D08,0.6434136915079083,,17,23.700537000026088
warm,N064,NO_MATCH,,D01,0.6369617423478788,,17,27.72232400003122
warm,N065,NO_MATCH,,D01,0.6431317909832505,,17,23.42081199999666
warm,N066,NO_MATCH,,D05,0.6393589813573702,,17,26.06209399999352
warm,N067,NO_MATCH,,D05,0.6599753993917712,,17,37.37106799997855
warm,N068,NO_MATCH,,D06,0.6778352080965259,,17,29.922229999967385
warm,N069,NO_MATCH,,D06,0.6527660405925911,,17,27.288558000000194
warm,N070,NO_MATCH,,D08,0.660223878239999,,17,46.26780500001041
warm,N071,NO_MATCH,,D07,0.6547363911173609,,17,32.25008999998681
warm,N072,NO_MATCH,,D06,0.6646036131427828,,17,27.056036000023596
warm,N073,NO_MATCH,,D06,0.670333864328674,,17,45.66995200002566
warm,N074,NO_MATCH,,D05,0.6410191083669902,,17,40.51358900003834
warm,N075,NO_MATCH,,D05,0.6784909678696488,,17,32.589268999989145
warm,N076,NO_MATCH,,D05,0.6776654129595703,,17,30.92684799997369
warm,N077,NO_MATCH,,D05,0.636984812295104,,17,25.138312999974005
warm,N078,NO_MATCH,,D07,0.6402810862967152,,17,35.90599599998677
warm,N079,NO_MATCH,,D07,0.6606197756367729,,17,36.93027900002198
warm,N080,NO_MATCH,,D06,0.6939435604581587,,17,33.43569699994987
warm,N081,NO_MATCH,,B15,0.6250220340661516,,45,29.602283000014722
warm,N082,NO_MATCH,,B03,0.616459784909771,,45,33.08396200003335
warm,N083,NO_MATCH,,B01,0.6446599264705881,,45,28.55610099999467
warm,N084,NO_MATCH,,B09,0.6414025363933452,,43,25.549170000012964
warm,N085,NO_MATCH,,B15,0.67296423177857,,44,35.975005999964196
warm,N086,NO_MATCH,,B15,0.6698137007328183,,45,32.8800329999649
warm,N087,NO_MATCH,,B05,0.6454538360155383,,45,28.578570000012405
warm,N088,NO_MATCH,,B15,0.6250220340661516,,45,42.623174000007566
warm,N089,NO_MATCH,,B03,0.616459784909771,,45,40.67626699997345
warm,N090,NO_MATCH,,B01,0.6446599264705881,,45,40.44604899996193
warm,N091,NO_MATCH,,B09,0.6414025363933452,,43,29.60346800001571
warm,N092,NO_MATCH,,B15,0.67296423177857,,44,32.276167000003625
warm,N093,NO_MATCH,,B15,0.6698137007328183,,45,31.420974000007845
warm,N094,NO_MATCH,,B05,0.6454538360155383,,45,28.01412300002994
warm,N095,NO_MATCH,,B15,0.6250220340661516,,45,27.9033519999939
warm,N096,NO_MATCH,,B03,0.616459784909771,,45,41.17132199998014
warm,N097,NO_MATCH,,B01,0.6446599264705881,,45,23.962811000004876
warm,N098,NO_MATCH,,B09,0.6414025363933452,,43,29.461665000009816
warm,N099,NO_MATCH,,B15,0.67296423177857,,44,36.85059200000251
warm,N100,NO_MATCH,,B15,0.6698137007328183,,45,27.08686600002693
plain,B01-duplicate,EQUIVALENT,B01,B01,1,1,36,80.72714400000405
plain,B01-independent,EXACT,B01,B01,1,1,36,35.28951600001892
plain,B01-angle,EXACT,B01,B01,1,1,36,37.54624200001126
plain,B01-lighting,EXACT,B01,B01,0.9780546965411545,1,36,34.93049900000915
plain,B01-cast,EXACT,B01,L01,0.8032190292625351,,28,34.40505900001153
plain,B01-background,EXACT,B01,B01,1,1,36,41.049640999990515
plain,B01-crop,EXACT,B01,B06,0.9011027964005756,8,36,33.941858000005595
plain,B01-orientation,EXACT,B01,B06,0.8652614146529898,5,36,35.354747999983374
plain,B02-duplicate,EQUIVALENT,B02,B01,1,2,36,36.27136300003622
plain,B02-independent,EXACT,B02,B01,1,2,36,41.72775099996943
plain,B02-angle,EXACT,B02,B01,1,2,36,34.10171399998944
plain,B02-lighting,EXACT,B02,B01,1,2,27,37.37801500002388
plain,B02-cast,EXACT,B02,B01,0.9446784419155707,2,36,28.246146999998018
plain,B02-background,EXACT,B02,B01,1,2,36,28.821959000022616
plain,B02-crop,EXACT,B02,B06,0.9011067459524098,11,35,41.45407600002363
plain,B02-orientation,EXACT,B02,B03,0.8629937291697587,5,36,43.6131920000189
plain,B03-duplicate,EQUIVALENT,B03,B03,1,1,36,44.79627099999925
plain,B03-independent,EXACT,B03,B03,0.9910077167228032,1,36,25.718162999954075
plain,B03-angle,EXACT,B03,B03,1,1,36,39.350256000005174
plain,B03-lighting,EXACT,B03,B03,1,1,36,23.732935999985784
plain,B03-cast,EXACT,B03,L09,0.8436346116285325,,28,21.87705399998231
plain,B03-background,EXACT,B03,B03,1,1,36,24.938541000010446
plain,B03-crop,EXACT,B03,B06,0.8787055132892503,4,36,24.303735000023153
plain,B03-orientation,EXACT,B03,B04,0.895025413233194,3,36,28.706286999979056
plain,B04-duplicate,EQUIVALENT,B04,B03,1,2,36,29.329231999989133
plain,B04-independent,EXACT,B04,B03,0.9903130140656267,2,36,27.362675000040326
plain,B04-angle,EXACT,B04,B03,1,2,36,29.137705999950413
plain,B04-lighting,EXACT,B04,B04,0.9364753686054275,1,30,29.98358100000769
plain,B04-cast,EXACT,B04,B04,0.9495697369565376,1,36,31.13903500000015
plain,B04-background,EXACT,B04,B03,1,2,36,26.314238999970257
plain,B04-crop,EXACT,B04,B06,0.8792367749557082,3,36,23.1803470000159
plain,B04-orientation,EXACT,B04,B04,0.8669151829154488,1,36,23.430705000006128
plain,B05-duplicate,EQUIVALENT,B05,B05,1,1,36,34.12287599995034
plain,B05-independent,EXACT,B05,B05,1,1,36,23.687458999978844
plain,B05-angle,EXACT,B05,B05,1,1,36,27.11358200001996
plain,B05-lighting,EXACT,B05,B05,1,1,36,26.94076099997619
plain,B05-cast,EXACT,B05,L11,0.8306355308702735,,28,22.69808300002478
plain,B05-background,EXACT,B05,B05,1,1,36,22.124639999994542
plain,B05-crop,EXACT,B05,B05,0.8734074544623079,1,36,22.443556000012904
plain,B05-orientation,EXACT,B05,B07,0.8809962699776809,2,36,37.01159900001949
plain,B06-duplicate,EQUIVALENT,B06,B05,1,2,36,29.48013300000457
plain,B06-independent,EXACT,B06,B05,1,2,36,30.145831000001635
plain,B06-angle,EXACT,B06,B05,1,2,36,30.76592299999902
plain,B06-lighting,EXACT,B06,B05,1,2,34,26.080598000029568
plain,B06-cast,EXACT,B06,B05,0.956482996988331,2,36,29.608790999976918
plain,B06-background,EXACT,B06,B05,1,2,36,36.44877999997698
plain,B06-crop,EXACT,B06,B05,0.8640727516761829,2,35,27.901526000001468
plain,B06-orientation,EXACT,B06,B06,0.8769508832182377,1,35,32.88483300001826
plain,B07-duplicate,EQUIVALENT,B07,B07,1,1,36,33.40055399999255
plain,B07-independent,EXACT,B07,B07,1,1,36,47.16864799999166
plain,B07-angle,EXACT,B07,B07,1,1,36,42.296799000003375
plain,B07-lighting,EXACT,B07,B07,0.9795729979112295,1,36,40.2079500000109
plain,B07-cast,EXACT,B07,L14,0.9219677738982853,,28,26.5452369999839
plain,B07-background,EXACT,B07,B07,1,1,36,26.87551500002155
plain,B07-crop,EXACT,B07,B07,0.8810478567320692,1,36,23.26853400003165
plain,B07-orientation,EXACT,B07,B07,0.8781249999999999,1,34,41.17956200003391
plain,B08-duplicate,EQUIVALENT,B08,B07,1,2,36,38.04087599995546
plain,B08-independent,EXACT,B08,B07,1,2,36,28.270241000049282
plain,B08-angle,EXACT,B08,B07,1,2,36,28.157165999989957
plain,B08-lighting,EXACT,B08,B08,0.9238709309937456,1,33,30.727807999996003
plain,B08-cast,EXACT,B08,B08,0.9365591648250934,1,36,32.29785500001162
plain,B08-background,EXACT,B08,B07,1,2,36,27.483354999974836
plain,B08-crop,EXACT,B08,B07,0.8833363343695303,2,36,24.88905400002841
plain,B08-orientation,EXACT,B08,B06,0.8768615145952725,4,36,40.21254500001669
plain,B09-duplicate,EQUIVALENT,B09,B01,1,3,36,25.85504499997478
plain,B09-independent,EXACT,B09,B09,1,1,36,24.667600999993738
plain,B09-angle,EXACT,B09,B01,1,3,36,60.88074699998833
plain,B09-lighting,EXACT,B09,B09,0.968293836831841,1,36,53.20503200002713
plain,B09-cast,EXACT,B09,L09,0.8334068191597581,,28,43.979686000035144
plain,B09-background,EXACT,B09,B03,1,3,36,60.88966500002425
plain,B09-crop,EXACT,B09,B06,0.8935064298117449,9,36,30.181887999991886
plain,B09-orientation,EXACT,B09,B08,0.8742039688380676,8,36,47.59528200002387
plain,B10-duplicate,EQUIVALENT,B10,B01,1,4,36,34.452493000018876
plain,B10-independent,EXACT,B10,B09,1,2,36,36.58354799996596
plain,B10-angle,EXACT,B10,B01,1,4,36,24.817955000035
plain,B10-lighting,EXACT,B10,B10,0.9318327811145559,1,27,25.55260699999053
plain,B10-cast,EXACT,B10,B10,0.9545676929953986,1,36,37.10204500000691
plain,B10-background,EXACT,B10,B09,1,2,36,55.722808000049554
plain,B10-crop,EXACT,B10,B07,0.8906104859664274,10,36,30.97271100000944
plain,B10-orientation,EXACT,B10,B10,0.8761478129393695,1,33,38.42699599999469
plain,B11-duplicate,EQUIVALENT,B11,B03,1,5,36,29.192376999999397
plain,B11-independent,EXACT,B11,B06,1,2,36,24.37638800003333
plain,B11-angle,EXACT,B11,B05,1,2,36,28.254683000035584
plain,B11-lighting,EXACT,B11,B11,1,1,36,26.847733000002336
plain,B11-cast,EXACT,B11,L11,0.9411187616531186,,28,24.981086000043433
plain,B11-background,EXACT,B11,B05,1,3,36,25.725809999974445
plain,B11-crop,EXACT,B11,B11,0.8936667622507878,1,36,26.991156000003684
plain,B11-orientation,EXACT,B11,B14,0.8895227755200124,6,36,41.70009900000878
plain,B12-duplicate,EQUIVALENT,B12,B03,1,6,36,28.03163699997822
plain,B12-independent,EXACT,B12,B06,1,3,36,34.018270000000484
plain,B12-angle,EXACT,B12,B05,1,3,36,22.23101400001906
plain,B12-lighting,EXACT,B12,B11,1,2,34,31.111506999994162
plain,B12-cast,EXACT,B12,B12,0.9562479667796766,1,36,41.66959499998484
plain,B12-background,EXACT,B12,B05,1,4,36,28.871252999990247
plain,B12-crop,EXACT,B12,B11,0.8847053668156827,2,36,37.22213200002443
plain,B12-orientation,EXACT,B12,B16,0.8630406129824745,3,33,45.04391400003806
plain,B13-duplicate,EQUIVALENT,B13,B07,1,2,36,42.13143900001887
plain,B13-independent,EXACT,B13,B13,1,1,36,74.94128599995747
plain,B13-angle,EXACT,B13,B07,1,3,36,64.86542899999768
plain,B13-lighting,EXACT,B13,B13,0.9745272778584644,1,36,35.961834999965504
plain,B13-cast,EXACT,B13,L13,0.9202632334546362,,28,46.17275600001449
plain,B13-background,EXACT,B13,B13,1,1,36,46.68240200000582
plain,B13-crop,EXACT,B13,B11,0.8727807027015008,3,32,45.12579000002006
plain,B13-orientation,EXACT,B13,B14,0.8747703444395175,2,32,67.2191200000234
plain,B14-duplicate,EQUIVALENT,B14,B07,1,3,36,50.107310999999754
plain,B14-independent,EXACT,B14,B13,1,2,36,36.70795100001851
plain,B14-angle,EXACT,B14,B07,1,4,36,29.240938000031747
plain,B14-lighting,EXACT,B14,B14,0.9211063417641895,1,30,26.728761999984272
plain,B14-cast,EXACT,B14,B14,0.9341202152946809,1,36,33.240456000028644
plain,B14-background,EXACT,B14,B13,1,2,36,26.9841080000042
plain,B14-crop,EXACT,B14,B11,0.8724674555607411,4,36,21.265014000004157
plain,B14-orientation,EXACT,B14,B13,0.8680088927380674,2,33,23.57386000000406
plain,B15-duplicate,EQUIVALENT,B15,B15,1,1,36,34.39482099999441
plain,B15-independent,EXACT,B15,B15,1,1,36,23.537372999999207
plain,B15-angle,EXACT,B15,B15,1,1,36,25.64563199999975
plain,B15-lighting,EXACT,B15,B15,1,1,36,35.01109700003872
plain,B15-cast,EXACT,B15,L16,0.8451540595760881,,28,31.030014000018127
plain,B15-background,EXACT,B15,B05,1,3,36,40.299791000026744
plain,B15-crop,EXACT,B15,B16,0.8743041668318311,2,36,26.7061860000249
plain,B15-orientation,EXACT,B15,B14,0.8887326699071931,5,35,30.718676000018604
plain,B16-duplicate,EQUIVALENT,B16,B15,1,2,36,34.358647000044584
plain,B16-independent,EXACT,B16,B15,1,2,36,22.46604299999308
plain,B16-angle,EXACT,B16,B15,1,2,36,21.921734000032302
plain,B16-lighting,EXACT,B16,B15,1,2,34,24.215323999989778
plain,B16-cast,EXACT,B16,B15,0.9420350482943762,2,36,22.46483499999158
plain,B16-background,EXACT,B16,B15,1,2,36,21.434301999979652
plain,B16-crop,EXACT,B16,B13,0.8688155853329076,3,31,24.273734999995213
plain,B16-orientation,EXACT,B16,B16,0.8951714935617685,1,31,32.90173300000606
plain,L01-duplicate,EQUIVALENT,L01,L01,1,1,28,29.03353099996457
plain,L01-independent,EXACT,L01,L01,0.9863084677406316,1,28,25.191692000022158
plain,L01-angle,EXACT,L01,L02,0.8808841736694678,2,28,29.159213999984786
plain,L01-lighting,EXACT,L01,L01,0.8020937482525874,1,28,21.50745099998312
plain,L01-cast,EXACT,L01,L01,0.9409083919763194,1,28,22.370088000025135
plain,L01-background,EXACT,L01,L01,0.6614498527541495,1,25,25.06101900001522
plain,L01-crop,EXACT,L01,L08,0.6378288451633246,6,24,25.625462000025436
plain,L01-orientation,EXACT,L01,L06,0.6481056057491423,4,27,22.100990000006277
plain,L02-duplicate,EQUIVALENT,L02,L02,1,1,28,23.197960999968927
plain,L02-independent,EXACT,L02,L02,0.89097243888096,1,28,25.29052799998317
plain,L02-angle,EXACT,L02,L02,0.8795737849903111,1,28,40.72430699999677
plain,L02-lighting,EXACT,L02,L09,0.7795180789403687,3,45,39.8748290000367
plain,L02-cast,EXACT,L02,B01,0.8647091609629114,,36,31.4917799999821
plain,L02-background,EXACT,L02,L02,0.6608839275727988,1,24,29.18960700003663
plain,L02-crop,EXACT,L02,L05,0.6476175543587355,8,27,22.069083000009414
plain,L02-orientation,EXACT,L02,L05,0.6724356530640644,7,28,20.22582599997986
plain,L03-duplicate,EQUIVALENT,L03,L03,1,1,28,25.928928999986965
plain,L03-independent,EXACT,L03,L03,0.9989819431417063,1,28,24.44737799995346
plain,L03-angle,EXACT,L03,L03,0.8807272810685451,1,28,22.006732999987435
plain,L03-lighting,EXACT,L03,L04,0.9655137766150423,2,28,31.53939699998591
plain,L03-cast,EXACT,L03,L03,0.9416756567209844,1,28,22.462700000032783
plain,L03-background,EXACT,L03,L03,0.7219645185840428,1,22,25.87830500002019
plain,L03-crop,EXACT,L03,L08,0.651412332668157,5,24,23.477470999991056
plain,L03-orientation,EXACT,L03,L04,0.6498679139228069,4,28,21.959109999996144
plain,L04-duplicate,EQUIVALENT,L04,L04,1,1,28,25.319019000045955
plain,L04-independent,EXACT,L04,L04,0.9868359475887786,1,28,24.922518000006676
plain,L04-angle,EXACT,L04,L03,0.894258226334012,2,28,24.911282999964897
plain,L04-lighting,EXACT,L04,L03,0.7959871757080565,2,47,28.158299000002444
plain,L04-cast,EXACT,L04,L14,0.8241058599593414,,36,62.42374800000107
plain,L04-background,EXACT,L04,L04,0.7269384788376558,1,23,29.584739000012632
plain,L04-crop,EXACT,L04,L05,0.6499481032229569,3,28,22.077753000019584
plain,L04-orientation,EXACT,L04,L06,0.6739577565472821,4,26,24.95890500000678
plain,L05-duplicate,EQUIVALENT,L05,L05,1,1,26,20.273188999970444
plain,L05-independent,EXACT,L05,L05,0.890105085238504,1,28,20.687236000027042
plain,L05-angle,EXACT,L05,L06,0.8785827558114175,2,26,21.16090900002746
plain,L05-lighting,EXACT,L05,L05,0.8811474686232814,1,28,22.401811000017915
plain,L05-cast,EXACT,L05,L05,0.9421950116554666,1,28,23.617100000032224
plain,L05-background,EXACT,L05,L05,0.7161458333333334,1,24,30.26812500000233
plain,L05-crop,EXACT,L05,L02,0.6762844297575443,4,27,33.52008600003319
plain,L05-orientation,EXACT,L05,L02,0.6506946762519202,9,28,25.98684399999911
plain,L06-duplicate,EQUIVALENT,L06,L06,1,1,26,28.44313000002876
plain,L06-independent,EXACT,L06,B05,0.7948357698875634,,36,26.16820800001733
plain,L06-angle,EXACT,L06,L05,0.8885903895763037,2,26,44.23835299996426
plain,L06-lighting,EXACT,L06,L15,0.8617866621310915,6,47,42.231910999980755
plain,L06-cast,EXACT,L06,B05,0.8132343155467578,,36,22.324647000001278
plain,L06-background,EXACT,L06,L06,0.703125,1,23,32.84213499998441
plain,L06-crop,EXACT,L06,B15,0.6724532825767097,,35,33.534198999986984
plain,L06-orientation,EXACT,L06,L06,0.6383050081101151,1,26,35.064660000032745
plain,L07-duplicate,EQUIVALENT,L07,L07,1,1,45,42.10914399998728
plain,L07-independent,EXACT,L07,L07,0.9822352136561696,1,45,28.221225999994203
plain,L07-angle,EXACT,L07,L07,0.8138862965057818,1,26,22.471825999964494
plain,L07-lighting,EXACT,L07,B07,0.8352427745607283,4,45,27.357308999984525
plain,L07-cast,EXACT,L07,L07,0.985649130908402,1,28,21.37487699999474
plain,L07-background,EXACT,L07,L06,0.691135072156459,3,28,19.472981999977492
plain,L07-crop,EXACT,L07,B15,0.6975710504164451,30,36,24.77051100000972
plain,L07-orientation,EXACT,L07,L13,0.6349010706648915,8,45,22.271982999984175
plain,L08-duplicate,EQUIVALENT,L08,L08,1,1,36,27.830776999995578
plain,L08-independent,EXACT,L08,L08,0.9713858603786341,1,28,32.3280060000252
plain,L08-angle,EXACT,L08,L08,0.890387850421293,1,36,22.426607999950647
plain,L08-lighting,EXACT,L08,L13,0.7813315634712645,12,45,23.661928999994416
plain,L08-cast,EXACT,L08,B08,0.8679349879800413,28,36,32.05603199999314
plain,L08-background,EXACT,L08,L06,0.6894014019502623,7,26,23.52127999998629
plain,L08-crop,EXACT,L08,M07,0.6837292596225274,19,36,24.46372599998722
plain,L08-orientation,EXACT,L08,L05,0.6541604387414481,2,26,31.85137400001986
plain,L09-duplicate,EQUIVALENT,L09,L09,1,1,47,39.78052499995101
plain,L09-independent,EXACT,L09,L09,0.9847320292990379,1,46,29.618604000017513
plain,L09-angle,EXACT,L09,L09,0.886157463183736,1,45,35.59682299999986
plain,L09-lighting,EXACT,L09,L10,0.874709187316659,2,48,25.42340599995805
plain,L09-cast,EXACT,L09,L09,0.9839449843833669,1,28,22.478874000022188
plain,L09-background,EXACT,L09,L03,0.6764434310405268,2,26,23.005767999973614
plain,L09-crop,EXACT,L09,L05,0.6555461053171756,38,44,25.171720000042114
plain,L09-orientation,EXACT,L09,B15,0.6697715762026167,8,45,25.48327500000596
plain,L10-duplicate,EQUIVALENT,L10,L10,1,1,47,37.74056800000835
plain,L10-independent,EXACT,L10,L10,0.9856770833333334,1,46,29.79964399995515
plain,L10-angle,EXACT,L10,L09,0.8866590351556736,2,46,28.916311000008136
plain,L10-lighting,EXACT,L10,L09,0.7783154176912697,2,48,39.640620000020135
plain,L10-cast,EXACT,L10,L10,0.903505861966525,1,36,24.602994000015315
plain,L10-background,EXACT,L10,L10,0.6570745581092496,1,26,28.346128000004683
plain,L10-crop,EXACT,L10,L08,0.6540733078875776,37,41,27.43067799997516
plain,L10-orientation,EXACT,L10,D08,0.6540150959572568,9,45,23.50383800000418
plain,L11-duplicate,EQUIVALENT,L11,L11,1,1,48,25.609585999976844
plain,L11-independent,EXACT,L11,L11,0.9668807289175834,1,48,26.128908000013325
plain,L11-angle,EXACT,L11,L12,0.9566346677559914,2,48,41.770309999992605
plain,L11-lighting,EXACT,L11,L15,0.8680951183935408,3,48,77.53644999995595
plain,L11-cast,EXACT,L11,L11,0.9810899714511686,1,28,24.265188999997918
plain,L11-background,EXACT,L11,L11,0.67578125,1,45,27.436263000010513
plain,L11-crop,EXACT,L11,L08,0.6914593927518835,28,45,28.78185599995777
plain,L11-orientation,EXACT,L11,B15,0.6686474425628838,22,45,36.32831899996381
plain,L12-duplicate,EQUIVALENT,L12,L12,1,1,48,28.62901100004092
plain,L12-independent,EXACT,L12,L12,0.9763481674731391,1,48,24.3816780000343
plain,L12-angle,EXACT,L12,L12,0.8724219795850068,1,48,27.807941999984905
plain,L12-lighting,EXACT,L12,L12,0.8835707865752135,1,48,32.83774899999844
plain,L12-cast,EXACT,L12,L12,0.9061420039100098,1,36,27.035223999992013
plain,L12-background,EXACT,L12,L12,0.6614583333333334,1,44,34.43990800000029
plain,L12-crop,EXACT,L12,B01,0.6807693756978908,34,44,31.17829199996777
plain,L12-orientation,EXACT,L12,D08,0.6551956586323594,8,45,27.625339999969583
plain,L13-duplicate,EQUIVALENT,L13,L13,1,1,45,25.898579000029713
plain,L13-independent,EXACT,L13,L13,0.9772732781166105,1,45,24.657682000019122
plain,L13-angle,EXACT,L13,L07,0.8851646416319907,2,45,26.966041000036057
plain,L13-lighting,EXACT,L13,L14,0.9642629980500996,3,45,35.62216400000034
plain,L13-cast,EXACT,L13,L13,0.9515104319447536,1,25,20.6601340000052
plain,L13-background,EXACT,L13,L13,0.6780614978137911,1,27,21.975618999975268
plain,L13-crop,EXACT,L13,B01,0.6940253617892388,14,43,30.73705700004939
plain,L13-orientation,EXACT,L13,B15,0.6574261634133637,9,45,27.168653000029735
plain,L14-duplicate,EQUIVALENT,L14,L14,1,1,48,26.4503309999709
plain,L14-independent,EXACT,L14,L14,0.9699744760766429,1,45,35.559035999991465
plain,L14-angle,EXACT,L14,L14,0.8894250408496733,1,48,30.52924800000619
plain,L14-lighting,EXACT,L14,L14,0.8113566356162134,1,48,39.218582000001334
plain,L14-cast,EXACT,L14,L14,0.954574980185568,1,36,24.92693999997573
plain,L14-background,EXACT,L14,L07,0.6644500831386251,8,26,23.701003000023775
plain,L14-crop,EXACT,L14,B01,0.662586763594247,27,43,29.207052999990992
plain,L14-orientation,EXACT,L14,L15,0.671317141482099,3,46,40.26753599999938
plain,L15-duplicate,EQUIVALENT,L15,L15,1,1,48,30.614271000027657
plain,L15-independent,EXACT,L15,L15,0.9694708562537129,1,48,54.06136100000003
plain,L15-angle,EXACT,L15,L15,0.880642361111111,1,46,39.08017699996708
plain,L15-lighting,EXACT,L15,L15,0.8306711265306249,1,48,38.23596299998462
plain,L15-cast,EXACT,L15,L15,0.9808045407567622,1,28,42.679782999970485
plain,L15-background,EXACT,L15,L15,0.71875,1,45,26.66612399998121
plain,L15-crop,EXACT,L15,B13,0.6501323196276477,19,45,23.23174400004791
plain,L15-orientation,EXACT,L15,L16,0.6443167892156864,4,45,24.428572999953758
plain,L16-duplicate,EQUIVALENT,L16,L16,1,1,48,28.464868999959435
plain,L16-independent,EXACT,L16,L15,0.9606904423291951,2,48,24.002632999967318
plain,L16-angle,EXACT,L16,L16,0.9847375408496732,1,48,28.091964000021107
plain,L16-lighting,EXACT,L16,L16,0.9601884147096823,1,48,26.314161999966018
plain,L16-cast,EXACT,L16,L16,0.9136419970128684,1,36,31.420622000005096
plain,L16-background,EXACT,L16,L16,0.7044270833333334,1,45,36.36639300000388
plain,L16-crop,EXACT,L16,B01,0.6812652017741317,16,43,26.452361000003293
plain,L16-orientation,EXACT,L16,L15,0.6586338261975041,5,44,27.471560000034515
plain,D01-duplicate,EQUIVALENT,D01,D01,1,1,48,24.12853200000245
plain,D01-independent,EXACT,D01,D01,0.8033418850867267,1,48,23.38768699998036
plain,D01-angle,EXACT,D01,D01,0.8896758167501451,1,48,24.704854000010528
plain,D01-lighting,EXACT,D01,D02,0.7257452543342023,2,48,27.67772000003606
plain,D01-cast,EXACT,D01,D01,0.7613098425572689,1,28,30.727648000000045
plain,D01-background,EXACT,D01,D01,0.866298852679388,1,48,25.182657000026666
plain,D01-crop,EXACT,D01,B15,0.6869336632767907,24,48,27.705514000030234
plain,D01-orientation,EXACT,D01,B15,0.6950962500028667,14,48,28.235782000003383
plain,D02-duplicate,EQUIVALENT,D02,D02,1,1,48,22.07078000000911
plain,D02-independent,EXACT,D02,D01,0.8739858847130244,2,48,24.805722999968566
plain,D02-angle,EXACT,D02,D01,0.8882954180188307,2,48,24.355892000021413
plain,D02-lighting,EXACT,D02,D02,0.7128960072182047,1,36,36.759419000009075
plain,D02-cast,EXACT,D02,D02,0.9871663930531998,1,36,29.815152999944985
plain,D02-background,EXACT,D02,D02,0.8805354733889256,1,47,30.232215000025462
plain,D02-crop,EXACT,D02,B06,0.6921796504637431,13,48,25.93882500001928
plain,D02-orientation,EXACT,D02,D01,0.6888877497079475,3,48,27.05712000001222
plain,D03-duplicate,EQUIVALENT,D03,D03,1,1,48,37.26344099995913
plain,D03-independent,EXACT,D03,D03,0.7330455102257831,1,47,25.73541700001806
plain,D03-angle,EXACT,D03,D03,0.9710990858905415,1,48,24.466897000034805
plain,D03-lighting,EXACT,D03,B15,0.7150136805454081,2,48,26.717493999982253
plain,D03-cast,EXACT,D03,D03,0.8212078073049378,1,28,39.74783299997216
plain,D03-background,EXACT,D03,D03,0.8023287805001884,1,47,35.14852399996016
plain,D03-crop,EXACT,D03,B15,0.6776393154604501,11,48,35.04005700000562
plain,D03-orientation,EXACT,D03,B15,0.6705713867026087,19,48,34.79986699996516
plain,D04-duplicate,EQUIVALENT,D04,D04,1,1,48,28.47816599998623
plain,D04-independent,EXACT,D04,D03,0.7887457669501422,2,47,37.6501940000453
plain,D04-angle,EXACT,D04,D03,0.8900912008545896,2,48,33.722160000004806
plain,D04-lighting,EXACT,D04,D04,0.7237043004073925,1,36,36.945196000044234
plain,D04-cast,EXACT,D04,D04,0.9743162542689878,1,36,30.460061000019778
plain,D04-background,EXACT,D04,D04,0.889420775363599,1,47,25.971954000007827
plain,D04-crop,EXACT,D04,B15,0.6858153103157831,6,48,28.971212000004016
plain,D04-orientation,EXACT,D04,B15,0.7019420992305417,21,48,29.898946000030264
plain,D05-duplicate,EQUIVALENT,D05,D05,1,1,48,28.091221000009682
plain,D05-independent,EXACT,D05,D05,0.725472972630719,1,48,29.645389000012074
plain,D05-angle,EXACT,D05,D05,0.966377271145244,1,47,27.749910000013188
plain,D05-lighting,EXACT,D05,B15,0.7301858369210126,3,48,24.659898999962024
plain,D05-cast,EXACT,D05,D05,0.97602068319666,1,27,26.17247300001327
plain,D05-background,EXACT,D05,D05,0.8760416666666667,1,47,24.92145799996797
plain,D05-crop,EXACT,D05,B15,0.6765247517031218,4,48,22.999813999980688
plain,D05-orientation,EXACT,D05,M01,0.6708194144954269,12,48,36.35860599996522
plain,D06-duplicate,EQUIVALENT,D06,D06,1,1,48,30.308399000030477
plain,D06-independent,EXACT,D06,D06,0.7811742787894346,1,48,23.71005299995886
plain,D06-angle,EXACT,D06,D05,0.9782851125186048,2,48,25.617236000020057
plain,D06-lighting,EXACT,D06,B15,0.7260082790097241,6,48,29.344863999984227
plain,D06-cast,EXACT,D06,D06,0.951944697066478,1,36,39.12669900001492
plain,D06-background,EXACT,D06,D06,0.8903645833333333,1,45,24.953399000049103
plain,D06-crop,EXACT,D06,B15,0.6690663525101299,13,48,29.739110000024084
plain,D06-orientation,EXACT,D06,B15,0.6823634542014573,4,45,27.258978000027128
plain,D07-duplicate,EQUIVALENT,D07,D07,1,1,46,27.473773000005167
plain,D07-independent,EXACT,D07,D07,0.7973505493259805,1,45,30.127762000018265
plain,D07-angle,EXACT,D07,D08,0.9678372778134672,2,45,35.0122969999793
plain,D07-lighting,EXACT,D07,D07,0.7618271204532869,1,48,24.5547910000314
plain,D07-cast,EXACT,D07,D07,0.9733278197956726,1,28,37.547734999971
plain,D07-background,EXACT,D07,D07,0.8445306964203796,1,28,26.869754999992438
plain,D07-crop,EXACT,D07,B15,0.683859064772449,2,45,43.64838400000008
plain,D07-orientation,EXACT,D07,B15,0.685173898501581,7,45,41.82739599997876
plain,D08-duplicate,EQUIVALENT,D08,D08,1,1,46,27.357381999958307
plain,D08-independent,EXACT,D08,D07,0.7971917630337106,2,45,34.65640100004384
plain,D08-angle,EXACT,D08,D08,0.9675630668531364,1,48,29.25779499998316
plain,D08-lighting,EXACT,D08,B15,0.7140992317660938,4,48,28.05469700001413
plain,D08-cast,EXACT,D08,D08,0.9667610455349309,1,36,36.56487100000959
plain,D08-background,EXACT,D08,D08,0.9266581288327385,1,28,21.48775900003966
plain,D08-crop,EXACT,D08,B15,0.6836069133122978,3,45,24.364348999981303
plain,D08-orientation,EXACT,D08,B15,0.7235896711261575,3,45,27.393192999996245
plain,M01-duplicate,EQUIVALENT,M01,M01,1,1,26,25.923653000034392
plain,M01-independent,EXACT,M01,M01,1,1,26,21.83235500002047
plain,M01-angle,EXACT,M01,M01,1,1,26,26.749064999981783
plain,M01-lighting,EXACT,M01,M01,1,1,26,23.687436999985948
plain,M01-cast,EXACT,M01,M01,0.9309348938733625,1,28,24.185361000010744
plain,M01-background,EXACT,M01,M02,0.9980126609066851,2,24,28.32286399998702
plain,M01-crop,EXACT,M01,M01,0.8458364290069899,1,26,25.69705299998168
plain,M01-orientation,EXACT,M01,M01,0.85,1,26,21.82809399999678
plain,M02-duplicate,EQUIVALENT,M02,M01,1,2,26,21.90091199998278
plain,M02-independent,EXACT,M02,M01,1,2,26,22.330549000005703
plain,M02-angle,EXACT,M02,M01,1,2,26,22.53682999999728
plain,M02-lighting,EXACT,M02,M02,0.954657305858057,1,26,21.91310300002806
plain,M02-cast,EXACT,M02,B14,0.7404743843142046,,35,20.058223000029102
plain,M02-background,EXACT,M02,M01,1,2,24,21.07809000002453
plain,M02-crop,EXACT,M02,M01,0.8645864290069898,2,26,29.312900000019
plain,M02-orientation,EXACT,M02,M01,0.8871807560862838,2,26,23.729500000015832
plain,M03-duplicate,EQUIVALENT,M03,M03,1,1,26,20.385519000003114
plain,M03-independent,EXACT,M03,M03,1,1,26,29.496282000036445
plain,M03-angle,EXACT,M03,M03,1,1,26,24.250531999976374
plain,M03-lighting,EXACT,M03,M03,1,1,26,26.351269999984652
plain,M03-cast,EXACT,M03,M03,0.9189375284825441,1,28,26.01472699997248
plain,M03-background,EXACT,M03,M04,0.9323126112795523,2,26,25.643579999974463
plain,M03-crop,EXACT,M03,M03,0.86163334049797,1,24,26.899444000038784
plain,M03-orientation,EXACT,M03,M03,0.85,1,26,42.48824999999488
plain,M04-duplicate,EQUIVALENT,M04,M03,1,2,26,22.199695000017527
plain,M04-independent,EXACT,M04,M03,1,2,26,21.952294999966398
plain,M04-angle,EXACT,M04,M03,1,2,26,31.600703999982215
plain,M04-lighting,EXACT,M04,M03,1,2,26,31.793474000005517
plain,M04-cast,EXACT,M04,B09,0.7902822239409764,,36,30.668304999999236
plain,M04-background,EXACT,M04,M04,0.9334953451310162,1,26,35.67490099999122
plain,M04-crop,EXACT,M04,M04,0.8736115653864421,1,26,21.93867499998305
plain,M04-orientation,EXACT,M04,M03,0.8677930863144425,2,26,22.58011500001885
plain,M05-duplicate,EQUIVALENT,M05,M05,1,1,19,30.636018999968655
plain,M05-independent,EXACT,M05,M05,1,1,19,23.471308999985922
plain,M05-angle,EXACT,M05,M05,1,1,19,21.75294199999189
plain,M05-lighting,EXACT,M05,M05,1,1,19,22.897827000007965
plain,M05-cast,EXACT,M05,M03,0.7503239746543343,,26,24.21059299999615
plain,M05-background,EXACT,M05,M05,0.9249999999999999,1,19,23.710679000010714
plain,M05-crop,EXACT,M05,M05,0.8412351476269604,1,19,21.04824799997732
plain,M05-orientation,EXACT,M05,M06,0.8827667638437563,2,19,26.095404999970924
plain,M06-duplicate,EQUIVALENT,M06,M05,1,2,19,21.342502999992575
plain,M06-independent,EXACT,M06,M05,1,2,19,25.549700999981724
plain,M06-angle,EXACT,M06,M05,1,2,19,38.545103000011295
plain,M06-lighting,EXACT,M06,M05,1,2,19,27.11191699997289
plain,M06-cast,EXACT,M06,M08,0.7291011123774538,,36,33.928298000013456
plain,M06-background,EXACT,M06,M06,0.9249999999999999,1,19,26.275211000000127
plain,M06-crop,EXACT,M06,M06,0.8368680016460204,1,19,28.299352000001818
plain,M06-orientation,EXACT,M06,M06,0.8637187779063754,1,19,36.699426999955904
plain,M07-duplicate,EQUIVALENT,M07,M07,1,1,36,31.067298999987543
plain,M07-independent,EXACT,M07,M07,1,1,36,31.113191000011284
plain,M07-angle,EXACT,M07,M07,1,1,36,34.14371500001289
plain,M07-lighting,EXACT,M07,M07,0.9798466123157761,1,36,40.9825590000255
plain,M07-cast,EXACT,M07,L08,0.7440166672890308,,28,31.037707999988925
plain,M07-background,EXACT,M07,M07,0.9917867564625511,1,36,41.218983999977354
plain,M07-crop,EXACT,M07,M07,0.8779019632941928,1,36,39.06746000004932
plain,M07-orientation,EXACT,M07,M07,0.8687499999999999,1,36,23.912267000006977
plain,M08-duplicate,EQUIVALENT,M08,M07,1,2,36,30.63236099999631
plain,M08-independent,EXACT,M08,M07,1,2,36,29.167284000024665
plain,M08-angle,EXACT,M08,M08,1,1,36,26.742943999997806
plain,M08-lighting,EXACT,M08,M07,0.9142417913919881,2,36,23.205500000040047
plain,M08-cast,EXACT,M08,M08,0.8919811059427363,1,36,37.20052900002338
plain,M08-background,EXACT,M08,M08,0.9906377105502826,1,36,21.709942000044975
plain,M08-crop,EXACT,M08,M08,0.8732055759361133,1,36,40.13144900003681
plain,M08-orientation,EXACT,M08,M07,0.884201525156518,2,36,32.996558999991976
plain,B01-ambiguous,AMBIGUOUS,B01|B02,B01,1,1,34,28.04881100001512
plain,B02-ambiguous,AMBIGUOUS,B01|B02,B01,1,1,34,22.016925999952946
plain,B03-ambiguous,AMBIGUOUS,B03|B04,B03,1,1,36,23.62929999997141
plain,B04-ambiguous,AMBIGUOUS,B03|B04,B03,1,1,36,26.16509500000393
plain,B05-ambiguous,AMBIGUOUS,B05|B06,B05,1,1,36,33.29297000000952
plain,B06-ambiguous,AMBIGUOUS,B05|B06,B05,1,1,36,20.00455100002
plain,B07-ambiguous,AMBIGUOUS,B07|B08,B07,1,1,36,23.20566500001587
plain,B08-ambiguous,AMBIGUOUS,B07|B08,B07,1,1,36,24.237276000028942
plain,B09-ambiguous,AMBIGUOUS,B09|B10,B03,1,2,36,23.83596799999941
plain,B10-ambiguous,AMBIGUOUS,B09|B10,B03,1,2,36,21.855849999992643
plain,B11-ambiguous,AMBIGUOUS,B11|B12,B05,1,3,36,23.92053699999815
plain,B12-ambiguous,AMBIGUOUS,B11|B12,B05,1,3,36,22.813670999952592
plain,B13-ambiguous,AMBIGUOUS,B13|B14,B08,1,2,36,29.210930999950506
plain,B14-ambiguous,AMBIGUOUS,B13|B14,B08,1,2,36,29.082523999968544
plain,B15-ambiguous,AMBIGUOUS,B15|B16,B15,1,1,36,24.974439000012353
plain,B16-ambiguous,AMBIGUOUS,B15|B16,B15,1,1,36,22.19515499996487
plain,L01-ambiguous,AMBIGUOUS,L01|L02,L01,0.9868270997562064,1,28,20.386524000030477
plain,L02-ambiguous,AMBIGUOUS,L01|L02,L01,0.9868270997562064,1,28,19.919466999999713
plain,L03-ambiguous,AMBIGUOUS,L03|L04,L03,0.9996725192560223,1,28,20.965095999999903
plain,L04-ambiguous,AMBIGUOUS,L03|L04,L03,0.9996725192560223,1,28,25.825164000038058
plain,L05-ambiguous,AMBIGUOUS,L05|L06,L05,0.9974513946021298,1,28,19.88093799998751
plain,L06-ambiguous,AMBIGUOUS,L05|L06,L05,0.9974513946021298,1,28,21.32394500001101
plain,L07-ambiguous,AMBIGUOUS,L07|L08,L07,0.9679122969895029,1,45,29.539490000053775
plain,L08-ambiguous,AMBIGUOUS,L07|L08,L07,0.9679122969895029,1,45,28.96543300000485
plain,L09-ambiguous,AMBIGUOUS,L09|L10,L09,0.9690279028765113,1,45,22.209330999990925
plain,L10-ambiguous,AMBIGUOUS,L09|L10,L09,0.9690279028765113,1,45,24.450385999982245
plain,L11-ambiguous,AMBIGUOUS,L11|L12,L11,0.9711758025792837,1,48,24.078111000009812
plain,L12-ambiguous,AMBIGUOUS,L11|L12,L11,0.9711758025792837,1,48,30.197344000043813
plain,L13-ambiguous,AMBIGUOUS,L13|L14,L13,0.9762815668027407,1,45,32.708855999982916
plain,L14-ambiguous,AMBIGUOUS,L13|L14,L13,0.9762815668027407,1,45,25.37251799996011
plain,L15-ambiguous,AMBIGUOUS,L15|L16,L15,0.9772664593607577,1,48,38.42001599998912
plain,L16-ambiguous,AMBIGUOUS,L15|L16,L15,0.9772664593607577,1,48,26.347787000006065
plain,N001,NO_MATCH,,M01,0.6806014201729783,,26,26.254758000024594
plain,N002,NO_MATCH,,L02,0.9786759197334612,,28,21.692298999987543
plain,N003,NO_MATCH,,L09,1,,27,22.063063999987207
plain,N004,NO_MATCH,,L09,0.942257448029,,19,25.522699999972247
plain,N005,NO_MATCH,,B05,1,,36,22.484033000015188
plain,N006,NO_MATCH,,B05,0.8908503531840944,,36,51.09724999999162
plain,N007,NO_MATCH,,D07,0.9028579136025369,,17,25.401511000003666
plain,N008,NO_MATCH,,L14,0.9515460583851948,,19,51.66785299999174
plain,N009,NO_MATCH,,L09,0.945549460602917,,26,24.175390000047628
plain,N010,NO_MATCH,,L09,1,,26,31.413607000024058
plain,N011,NO_MATCH,,L11,0.9374836062105557,,21,20.71153900003992
plain,N012,NO_MATCH,,L11,1,,25,20.056520000041928
plain,N013,NO_MATCH,,B13,1,,36,22.72027800005162
plain,N014,NO_MATCH,,B13,0.9125616572523874,,34,21.9366329999757
plain,N015,NO_MATCH,,L16,0.8580542340869469,,17,21.007921000011265
plain,N016,NO_MATCH,,L16,0.8671140627646445,,19,26.46111800003564
plain,N017,NO_MATCH,,L09,1,,28,21.735447000013664
plain,N018,NO_MATCH,,L09,0.983751982613604,,26,25.88828700000886
plain,N019,NO_MATCH,,M05,0.8173279614240366,,19,23.859522000013385
plain,N020,NO_MATCH,,B01,0.9251999266897781,,37,28.830926000024192
plain,N021,NO_MATCH,,B16,0.945522170742143,,36,24.035464000015054
plain,N022,NO_MATCH,,B16,1,,22,21.787412000005133
plain,N023,NO_MATCH,,L15,0.9652563953103704,,17,17.87487699999474
plain,N024,NO_MATCH,,L15,0.7903814095082478,,22,26.933703999966383
plain,N025,NO_MATCH,,L02,0.9117535938912994,,28,25.1163799999631
plain,N026,NO_MATCH,,L01,0.7722478418172455,,27,23.496931999980006
plain,N027,NO_MATCH,,L09,0.9415016240709455,,19,29.643067999975756
plain,N028,NO_MATCH,,B03,1,,36,25.187187000003178
plain,N029,NO_MATCH,,B05,1,,36,23.364790000021458
plain,N030,NO_MATCH,,L11,0.8595277386954459,,17,24.455765999970026
plain,N031,NO_MATCH,,L14,0.7103979435510829,,19,19.773958000005223
plain,N032,NO_MATCH,,L13,1,,26,21.473544000007678
plain,N033,NO_MATCH,,L09,1,,26,23.114570999983698
plain,N034,NO_MATCH,,L09,1,,21,36.03501900000265
plain,N035,NO_MATCH,,L11,0.9046223651501819,,27,28.61886799999047
plain,N036,NO_MATCH,,L11,0.8920518655140436,,36,34.51459999999497
plain,N037,NO_MATCH,,D08,0.8208753341858281,,32,31.343614000012167
plain,N038,NO_MATCH,,L14,0.855756639708507,,17,20.826289999997243
plain,N039,NO_MATCH,,L16,0.9606295217335835,,19,22.868411000003107
plain,N040,NO_MATCH,,L12,0.9570642453289958,,24,31.862233000050765
plain,N041,NO_MATCH,,M03,0.7630252078731622,,26,23.418883999984246
plain,N042,NO_MATCH,,L12,0.9563932523340193,,19,25.299383999954443
plain,N043,NO_MATCH,,B01,1,,38,35.6997819999815
plain,N044,NO_MATCH,,B14,1,,36,38.44395300000906
plain,N045,NO_MATCH,,B15,0.9758596349263186,,21,28.35004700004356
plain,N046,NO_MATCH,,L15,0.853908730059075,,17,46.76636299997335
plain,N047,NO_MATCH,,L15,0.9298548647173126,,26,24.175310999969952
plain,N048,NO_MATCH,,L15,0.7779838920217211,,28,24.884689999977127
plain,N049,NO_MATCH,,L02,0.8435370001898668,,27,22.16453500004718
plain,N050,NO_MATCH,,M06,0.7961416832501229,,19,44.031844999990426
plain,N051,NO_MATCH,,B04,0.9361529483326233,,36,42.51057599997148
plain,N052,NO_MATCH,,B03,0.9009496387795474,,36,44.44997699995292
plain,N053,NO_MATCH,,L15,0.9148021959851828,,17,34.743914999999106
plain,N054,NO_MATCH,,L15,0.9614481856178125,,19,28.672248999995645
plain,N055,NO_MATCH,,L14,0.8366361947467353,,26,24.099456000025384
plain,N056,NO_MATCH,,L14,0.9103266254914265,,26,41.78372300002957
plain,N057,NO_MATCH,,L09,0.95766360182976,,21,20.608588000002783
plain,N058,NO_MATCH,,B04,0.9627056761426372,,28,23.303091000008862
plain,N059,NO_MATCH,,B05,1,,36,34.12957499996992
plain,N060,NO_MATCH,,L11,0.9280360060690944,,32,24.700604999961797
plain,N061,NO_MATCH,,D07,0.6581757585786704,,17,20.317861999967135
plain,N062,NO_MATCH,,D07,0.6519899295152881,,17,19.566644999955315
plain,N063,NO_MATCH,,D08,0.6434136915079083,,17,17.512445000000298
plain,N064,NO_MATCH,,D01,0.6369617423478788,,17,18.81878999999026
plain,N065,NO_MATCH,,D01,0.6431317909832505,,17,24.78322300000582
plain,N066,NO_MATCH,,D05,0.6393589813573702,,17,17.947870000032708
plain,N067,NO_MATCH,,D05,0.6599753993917712,,17,19.71123300003819
plain,N068,NO_MATCH,,D06,0.6778352080965259,,17,18.428963000013027
plain,N069,NO_MATCH,,D06,0.6527660405925911,,17,18.412395999999717
plain,N070,NO_MATCH,,D08,0.660223878239999,,17,39.20507899997756
plain,N071,NO_MATCH,,D07,0.6547363911173609,,17,21.481779999972787
plain,N072,NO_MATCH,,D06,0.6646036131427828,,17,24.73889900004724
plain,N073,NO_MATCH,,D06,0.670333864328674,,17,20.376025999954436
plain,N074,NO_MATCH,,D05,0.6410191083669902,,17,21.336137000005692
plain,N075,NO_MATCH,,D05,0.6784909678696488,,17,18.84960700001102
plain,N076,NO_MATCH,,D05,0.6776654129595703,,17,40.43928099999903
plain,N077,NO_MATCH,,D05,0.636984812295104,,17,22.586590000020806
plain,N078,NO_MATCH,,D07,0.6402810862967152,,17,20.472573999955785
plain,N079,NO_MATCH,,D07,0.6606197756367729,,17,23.530388000013772
plain,N080,NO_MATCH,,D06,0.6939435604581587,,17,24.217214000003878
plain,N081,NO_MATCH,,B15,0.6250220340661516,,45,32.273938000027556
plain,N082,NO_MATCH,,B03,0.616459784909771,,45,39.29162500001257
plain,N083,NO_MATCH,,B01,0.6446599264705881,,45,35.1099900000263
plain,N084,NO_MATCH,,B09,0.6414025363933452,,43,28.27232600003481
plain,N085,NO_MATCH,,B15,0.67296423177857,,44,37.60023900005035
plain,N086,NO_MATCH,,B15,0.6698137007328183,,45,31.085710000013933
plain,N087,NO_MATCH,,B05,0.6454538360155383,,45,26.877045000030193
plain,N088,NO_MATCH,,B15,0.6250220340661516,,45,27.618948000017554
plain,N089,NO_MATCH,,B03,0.616459784909771,,45,25.952613000001293
plain,N090,NO_MATCH,,B01,0.6446599264705881,,45,26.24913499999093
plain,N091,NO_MATCH,,B09,0.6414025363933452,,43,24.725838000013027
plain,N092,NO_MATCH,,B15,0.67296423177857,,44,21.38568900001701
plain,N093,NO_MATCH,,B15,0.6698137007328183,,45,30.320039000012912
plain,N094,NO_MATCH,,B05,0.6454538360155383,,45,32.38091599999461
plain,N095,NO_MATCH,,B15,0.6250220340661516,,45,23.706695000000764
plain,N096,NO_MATCH,,B03,0.616459784909771,,45,21.75263800000539
plain,N097,NO_MATCH,,B01,0.6446599264705881,,45,23.951132000016514
plain,N098,NO_MATCH,,B09,0.6414025363933452,,43,23.490115000051446
plain,N099,NO_MATCH,,B15,0.67296423177857,,44,26.00107699999353
plain,N100,NO_MATCH,,B15,0.6698137007328183,,45,24.822013999975752
