PASS Santa Monica matches CA/California and USA/United States without exposing private or opted-out profiles
PASS screenshot city/state input, abbreviations, whitespace, conflicting regions and nearby privacy
PASS real city-centre 5/10-mile searches, nearest-first sorting, unknown city and invalid radius handling
PASS iCal preserves local time, escapes notes, folds UTF-8, and handles all-day/year-boundary/overnight events
PASS Quick Sale 2 × $1.50 survives edit and returns $3.00 in CSV
PASS regular sale create/edit photos persist; omitted metadata preserved
PASS Quick Sale edit accepts photo on original record
PASS linked Piece photo is copied and remains intact after sale photo change
PASS bad amount/quantity reject whole save without rounding or partial insertion
PASS Studio Note create/edit/edit persists one original id
PASS Community Library saves two photos on create
PASS Community Library edit replaces one photo in place, preserves other photo and notes
PASS Community Library append fills empty slot; ownership prevents editing another entry
PASS all domain forms normalize for Shopping, Events and Profile; opt-in stays explicit
PASS Profile saves persist directory settings and preserve omitted shop links
PASS single-event Apple Calendar export preserves time and enforces ownership
PASS sample PDF is a real PDF; styles/scripts resolve from nested URLs
PASS server restart retains records and every saved photo
PASS shared badge maps authenticated admin and Unlimited account
PASS note create then repeated edit keeps one record and re-enables Save
PASS sales details versus Edit, exact cents, quantity and saved photo
PASS combo edit preserves id and photo slots, guards double submit
PASS two photos accumulate and excess selections are rejected visibly
PASS Dashboard Back and Blog Back do not rewrite history or loop
PASS external member link is absolute; blank and malformed URLs handled
PASS Help jumps to settings without opting user in; Casualty preselected
PASS Casualty summary buttons filter, show empty state and reset
PASS Find a Potter sends selected nearby radius and keeps opt-in explicit
PASS each event offers separate Google and Apple Calendar actions
PASS preview keeps real account and credentials separate
PASS root asset URLs survive nested paths; Help has only Mud Room links
PASS disposable baseline: 61 tables; integrity, foreign keys, version and unauthenticated access checked
TAP version 13
# Subtest: manifest exact counts and independent labels
ok 1 - manifest exact counts and independent labels
  ---
  duration_ms: 4.124163
  type: 'test'
  ...
# Subtest: duplicate query IDs rejected
ok 2 - duplicate query IDs rejected
  ---
  duration_ms: 3.544736
  type: 'test'
  ...
# Subtest: unknown expected Piece rejected
ok 3 - unknown expected Piece rejected
  ---
  duration_ms: 14.395992
  type: 'test'
  ...
# Subtest: no-match cannot contain expected ID
ok 4 - no-match cannot contain expected ID
  ---
  duration_ms: 4.01753
  type: 'test'
  ...
# Subtest: ambiguous requires explicit set
ok 5 - ambiguous requires explicit set
  ---
  duration_ms: 3.019745
  type: 'test'
  ...
# Subtest: object families cannot cross splits
ok 6 - object families cannot cross splits
  ---
  duration_ms: 1.511445
  type: 'test'
  ...
# Subtest: fixture image hashes agree with frozen manifest
ok 7 - fixture image hashes agree with frozen manifest
  ---
  duration_ms: 24.896507
  type: 'test'
  ...
# Subtest: procedural image generation repeatable
ok 8 - procedural image generation repeatable
  ---
  duration_ms: 35.112928
  type: 'test'
  ...
# Subtest: split counts preserve strata and family isolation
ok 9 - split counts preserve strata and family isolation
  ---
  duration_ms: 0.496507
  type: 'test'
  ...
# Subtest: metrics do not include ambiguity/negative in exact denominator
ok 10 - metrics do not include ambiguity/negative in exact denominator
  ---
  duration_ms: 1.350975
  type: 'test'
  ...
# Subtest: missing correct Piece counted as miss not rank zero
ok 11 - missing correct Piece counted as miss not rank zero
  ---
  duration_ms: 0.556507
  type: 'test'
  ...
# Subtest: no-match accounting uses every returned candidate
ok 12 - no-match accounting uses every returned candidate
  ---
  duration_ms: 0.33233
  type: 'test'
  ...
# Subtest: ambiguous acceptable set evaluated separately
ok 13 - ambiguous acceptable set evaluated separately
  ---
  duration_ms: 0.174062
  type: 'test'
  ...
# Subtest: latency uses nearest-rank percentiles
ok 14 - latency uses nearest-rank percentiles
  ---
  duration_ms: 0.068759
  type: 'test'
  ...
# Subtest: score populations are not merged
ok 15 - score populations are not merged
  ---
  duration_ms: 0.107809
  type: 'test'
  ...
# Subtest: baseline gate passes self consistency
ok 16 - baseline gate passes self consistency
  ---
  duration_ms: 0.430681
  type: 'test'
  ...
# Subtest: future release rejects unchanged light/plain baseline
ok 17 - future release rejects unchanged light/plain baseline
  ---
  duration_ms: 0.420396
  type: 'test'
  ...
# Subtest: blue top1 case loss fails even if other cases improve
ok 18 - blue top1 case loss fails even if other cases improve
  ---
  duration_ms: 0.417094
  type: 'test'
  ...
# Subtest: blue top3 case loss fails
ok 19 - blue top3 case loss fails
  ---
  duration_ms: 0.363217
  type: 'test'
  ...
# Subtest: overall Top3 decline fails
ok 20 - overall Top3 decline fails
  ---
  duration_ms: 0.212083
  type: 'test'
  ...
# Subtest: negative false-positive increase fails
ok 21 - negative false-positive increase fails
  ---
  duration_ms: 0.207314
  type: 'test'
  ...
# Subtest: privacy leak fails
ok 22 - privacy leak fails
  ---
  duration_ms: 0.197299
  type: 'test'
  ...
# Subtest: latency tolerance enforced
ok 23 - latency tolerance enforced
  ---
  duration_ms: 0.206255
  type: 'test'
  ...
# Subtest: label manipulation cannot improve gate
ok 24 - label manipulation cannot improve gate
  ---
  duration_ms: 0.1771
  type: 'test'
  ...
# Subtest: missing query cannot improve gate
ok 25 - missing query cannot improve gate
  ---
  duration_ms: 0.142342
  type: 'test'
  ...
# Subtest: duplicate Piece result fails
ok 26 - duplicate Piece result fails
  ---
  duration_ms: 0.191513
  type: 'test'
  ...
# Subtest: 10 percentage points is absolute not relative
ok 27 - 10 percentage points is absolute not relative
  ---
  duration_ms: 0.283252
  type: 'test'
  ...
# Subtest: warm rankings/scores repeat exactly and observer matches original endpoint
ok 28 - warm rankings/scores repeat exactly and observer matches original endpoint
  ---
  duration_ms: 102.812914
  type: 'test'
  ...
# Subtest: cold first-request cap remains ten photos
ok 29 - cold first-request cap remains ten photos
  ---
  duration_ms: 4.997951
  type: 'test'
  ...
# Subtest: warm all references considered before hue gate
ok 30 - warm all references considered before hue gate
  ---
  duration_ms: 68.664731
  type: 'test'
  ...
# Subtest: cold repeated requests change coverage predictably
ok 31 - cold repeated requests change coverage predictably
  ---
  duration_ms: 1.272838
  type: 'test'
  ...
# Subtest: actual multi-photo winner equals maximum observed score per Piece
ok 32 - actual multi-photo winner equals maximum observed score per Piece
  ---
  duration_ms: 106.571469
  type: 'test'
  ...
# Subtest: winning-photo output limitation captured without changing API
ok 33 - winning-photo output limitation captured without changing API
  ---
  duration_ms: 1.416599
  type: 'test'
  ...
# Subtest: B candidates and identifying metadata never enter A output
ok 34 - B candidates and identifying metadata never enter A output
  ---
  duration_ms: 224.746732
  type: 'test'
  ...
# Subtest: protected media cross-account access denied
ok 35 - protected media cross-account access denied
  ---
  duration_ms: 0.463024
  type: 'test'
  ...
# Subtest: baseline improvement deliberately unachieved
ok 36 - baseline improvement deliberately unachieved
  ---
  duration_ms: 0.376171
  type: 'test'
  ...
# Subtest: foreign result ID fails gate even without leakage flag
ok 37 - foreign result ID fails gate even without leakage flag
  ---
  duration_ms: 1.251564
  type: 'test'
  ...
# Subtest: changed fixture bytes fail gate
ok 38 - changed fixture bytes fail gate
  ---
  duration_ms: 0.336454
  type: 'test'
  ...
# Subtest: invalid latency measurement fails gate
ok 39 - invalid latency measurement fails gate
  ---
  duration_ms: 0.331374
  type: 'test'
  ...
# Subtest: protected media positive owner control and anonymous denial
ok 40 - protected media positive owner control and anonymous denial
  ---
  duration_ms: 1173.804731
  type: 'test'
  ...
1..40
# tests 40
# suites 0
# pass 40
# fail 0
# cancelled 0
# skipped 0
# todo 0
# duration_ms 1944.275658
TAP version 13
# Subtest: valid search keeps API and protected candidate metadata
ok 1 - valid search keeps API and protected candidate metadata
  ---
  duration_ms: 2659.460269
  type: 'test'
  ...
# Subtest: reject unauthorized null
ok 2 - reject unauthorized null
  ---
  duration_ms: 11.828022
  type: 'test'
  ...
# Subtest: reject unauthorized invalid
ok 3 - reject unauthorized invalid
  ---
  duration_ms: 4.55308
  type: 'test'
  ...
# Subtest: reject unauthorized missing
ok 4 - reject unauthorized missing
  ---
  duration_ms: 6.084238
  type: 'test'
  ...
# Subtest: deleted account token rejected
ok 5 - deleted account token rejected
  ---
  duration_ms: 6.386154
  type: 'test'
  ...
# Subtest: empty
ok 6 - empty
  ---
  duration_ms: 11.36494
  type: 'test'
  ...
# Subtest: text disguised as PNG
ok 7 - text disguised as PNG
  ---
  duration_ms: 16.638084
  type: 'test'
  ...
# Subtest: truncated PNG
ok 8 - truncated PNG
  ---
  duration_ms: 14.542181
  type: 'test'
  ...
# Subtest: SVG
ok 9 - SVG
  ---
  duration_ms: 11.461213
  type: 'test'
  ...
# Subtest: nonimage MIME
ok 10 - nonimage MIME
  ---
  duration_ms: 13.028218
  type: 'test'
  ...
# Subtest: missing photo
ok 11 - missing photo
  ---
  duration_ms: 9.831326
  type: 'test'
  ...
# Subtest: multiple files rejected
ok 12 - multiple files rejected
  ---
  duration_ms: 6.767913
  type: 'test'
  ...
# Subtest: encoded size limit
ok 13 - encoded size limit
  ---
  duration_ms: 240.950285
  type: 'test'
  ...
# Subtest: dimension limit
ok 14 - dimension limit
  ---
  duration_ms: 14.086187
  type: 'test'
  ...
# Subtest: pixel count limit
ok 15 - pixel count limit
  ---
  duration_ms: 187.769107
  type: 'test'
  ...
# Subtest: actual decoder type cannot be hidden by MIME
ok 16 - actual decoder type cannot be hidden by MIME
  ---
  duration_ms: 11.725942
  type: 'test'
  ...
# Subtest: corrupt compressed image rejected
ok 17 - corrupt compressed image rejected
  ---
  duration_ms: 9.132164
  type: 'test'
  ...
# Subtest: retired debug uploader null
ok 18 - retired debug uploader null
  ---
  duration_ms: 2.760286
  type: 'test'
  ...
# Subtest: retired debug uploader A
ok 19 - retired debug uploader A
  ---
  duration_ms: 3.442227
  type: 'test'
  ...
# Subtest: retired debug uploader B
ok 20 - retired debug uploader B
  ---
  duration_ms: 3.338196
  type: 'test'
  ...
# Subtest: stored debug colors require a live account
ok 21 - stored debug colors require a live account
  ---
  duration_ms: 5.604496
  type: 'test'
  ...
# Subtest: query filename cannot be fetched by any account
ok 22 - query filename cannot be fetched by any account
  ---
  duration_ms: 49.864314
  type: 'test'
  ...
# Subtest: two accounts retrieve only their own pieces
ok 23 - two accounts retrieve only their own pieces
  ---
  duration_ms: 1956.127641
  type: 'test'
  ...
# Subtest: protected candidate media retains owner and foreign behavior
ok 24 - protected candidate media retains owner and foreign behavior
  ---
  duration_ms: 13.330706
  type: 'test'
  ...
# Subtest: ranking failure cleans query and releases capacity
ok 25 - ranking failure cleans query and releases capacity
  ---
  duration_ms: 57.86376
  type: 'test'
  ...
# Subtest: partial upload is private, same-account concurrency bounded, abort releases capacity
ok 26 - partial upload is private, same-account concurrency bounded, abort releases capacity
  ---
  duration_ms: 248.534252
  type: 'test'
  ...
# Subtest: malformed multipart cleans and permits retry
ok 27 - malformed multipart cleans and permits retry
  ---
  duration_ms: 46.753573
  type: 'test'
  ...
# Subtest: release wipes memory, is idempotent, and clears request reference
ok 28 - release wipes memory, is idempotent, and clears request reference
  ---
  duration_ms: 96.837592
  type: 'test'
  ...
# Subtest: frozen Eval-1 feature extraction, crops, weights and hashes
ok 29 - frozen Eval-1 feature extraction, crops, weights and hashes
  ---
  duration_ms: 0.514325
  type: 'test'
  ...
# Subtest: frozen Eval-1 scoring, ordering and per-Piece selection
ok 30 - frozen Eval-1 scoring, ordering and per-Piece selection
  ---
  duration_ms: 0.437377
  type: 'test'
  ...
1..30
# tests 30
# suites 0
# pass 30
# fail 0
# cancelled 0
# skipped 0
# todo 0
# duration_ms 6039.789925
TAP version 13
# Subtest: cold request evaluates all 144 photos and all 48 eligible Pieces
ok 1 - cold request evaluates all 144 photos and all 48 eligible Pieces
  ---
  duration_ms: 2527.827108
  type: 'test'
  ...
# Subtest: warm request uses complete existing feature pairs without backfill
ok 2 - warm request uses complete existing feature pairs without backfill
  ---
  duration_ms: 47.527573
  type: 'test'
  ...
# Subtest: partial legacy feature pairs complete and do not omit tail Piece
ok 3 - partial legacy feature pairs complete and do not omit tail Piece
  ---
  duration_ms: 64.363576
  type: 'test'
  ...
# Subtest: hidden Pieces excluded consistently from cold and warm snapshots
ok 4 - hidden Pieces excluded consistently from cold and warm snapshots
  ---
  duration_ms: 2449.149275
  type: 'test'
  ...
# Subtest: missing candidate fails explicitly instead of returning a partial ranking
ok 5 - missing candidate fails explicitly instead of returning a partial ranking
  ---
  duration_ms: 97.034069
  type: 'test'
  ...
# Subtest: corrupt candidate fails explicitly instead of returning a partial ranking
ok 6 - corrupt candidate fails explicitly instead of returning a partial ranking
  ---
  duration_ms: 64.450854
  type: 'test'
  ...
# Subtest: oversized candidate fails explicitly instead of returning a partial ranking
ok 7 - oversized candidate fails explicitly instead of returning a partial ranking
  ---
  duration_ms: 83.548594
  type: 'test'
  ...
# Subtest: unsafe candidate fails explicitly instead of returning a partial ranking
ok 8 - unsafe candidate fails explicitly instead of returning a partial ranking
  ---
  duration_ms: 75.224284
  type: 'test'
  ...
# Subtest: multi-photo evidence remains MAX with an actual winning photo ID
ok 9 - multi-photo evidence remains MAX with an actual winning photo ID
  ---
  duration_ms: 37.680183
  type: 'test'
  ...
# Subtest: cold and warm rankings repeat exactly
ok 10 - cold and warm rankings repeat exactly
  ---
  duration_ms: 1968.61508
  type: 'test'
  ...
# Subtest: identical other-account images never enter candidate snapshot
ok 11 - identical other-account images never enter candidate snapshot
  ---
  duration_ms: 2000.50018
  type: 'test'
  ...
# Subtest: no persistent schema or index is added by search
ok 12 - no persistent schema or index is added by search
  ---
  duration_ms: 31.451375
  type: 'test'
  ...
# Subtest: optimized DCT retains exact legacy feature bytes for every corpus image
ok 13 - optimized DCT retains exact legacy feature bytes for every corpus image
  ---
  duration_ms: 40652.958148
  type: 'test'
  ...
# Subtest: color extraction and distance remain byte-identical to frozen algorithm
ok 14 - color extraction and distance remain byte-identical to frozen algorithm
  ---
  duration_ms: 2.461539
  type: 'test'
  ...
# Subtest: all 516-query accuracy gates pass including every protected blue case
ok 15 - all 516-query accuracy gates pass including every protected blue case
  ---
  duration_ms: 96.345663
  type: 'test'
  ...
# Subtest: full cold corpus has zero unevaluated positives and complete 144-photo snapshots
ok 16 - full cold corpus has zero unevaluated positives and complete 144-photo snapshots
  ---
  duration_ms: 86.795607
  type: 'test'
  ...
# Subtest: pale/plain improvement is at least ten absolute percentage points
ok 17 - pale/plain improvement is at least ten absolute percentage points
  ---
  duration_ms: 0.40919
  type: 'test'
  ...
# Subtest: crop/orientation accuracy does not regress
ok 18 - crop/orientation accuracy does not regress
  ---
  duration_ms: 2.264131
  type: 'test'
  ...
# Subtest: all four modes agree and every mode is account isolated
ok 19 - all four modes agree and every mode is account isolated
  ---
  duration_ms: 157.41466
  type: 'test'
  ...
# Subtest: paired sequential latency and accuracy gates pass without relaxation
ok 20 - paired sequential latency and accuracy gates pass without relaxation
  ---
  duration_ms: 1.00599
  type: 'test'
  ...
# Subtest: expired cold preparation budget fails closed and releases query
ok 21 - expired cold preparation budget fails closed and releases query
  ---
  duration_ms: 4.818326
  type: 'test'
  ...
# Subtest: expired warm scoring budget fails closed and releases query
ok 22 - expired warm scoring budget fails closed and releases query
  ---
  duration_ms: 5.781384
  type: 'test'
  ...
# Subtest: evidence identifies the current server bytes
ok 23 - evidence identifies the current server bytes
  ---
  duration_ms: 4.793601
  type: 'test'
  ...
# Subtest: quiet selector exactly preserves original cluster choices
ok 24 - quiet selector exactly preserves original cluster choices
  ---
  duration_ms: 32.138961
  type: 'test'
  ...
# Subtest: abort during cold preparation releases query memory slot and permits complete retry
ok 25 - abort during cold preparation releases query memory slot and permits complete retry
  ---
  duration_ms: 2363.126477
  type: 'test'
  ...
1..25
# tests 25
# suites 0
# pass 25
# fail 0
# cancelled 0
# skipped 0
# todo 0
# duration_ms 53065.678992
TAP version 13
# Subtest: piece searches own canonical record only
ok 1 - piece searches own canonical record only
  ---
  duration_ms: 669.015855
  type: 'test'
  ...
# Subtest: clay searches own canonical record only
ok 2 - clay searches own canonical record only
  ---
  duration_ms: 9.366473
  type: 'test'
  ...
# Subtest: glaze searches own canonical record only
ok 3 - glaze searches own canonical record only
  ---
  duration_ms: 4.894565
  type: 'test'
  ...
# Subtest: raw-material searches own canonical record only
ok 4 - raw-material searches own canonical record only
  ---
  duration_ms: 6.394425
  type: 'test'
  ...
# Subtest: test-tile searches own canonical record only
ok 5 - test-tile searches own canonical record only
  ---
  duration_ms: 7.340907
  type: 'test'
  ...
# Subtest: firing searches own canonical record only
ok 6 - firing searches own canonical record only
  ---
  duration_ms: 4.144528
  type: 'test'
  ...
# Subtest: pricing searches own canonical record only
ok 7 - pricing searches own canonical record only
  ---
  duration_ms: 6.554835
  type: 'test'
  ...
# Subtest: sale searches own canonical record only
ok 8 - sale searches own canonical record only
  ---
  duration_ms: 3.875086
  type: 'test'
  ...
# Subtest: project searches own canonical record only
ok 9 - project searches own canonical record only
  ---
  duration_ms: 7.032427
  type: 'test'
  ...
# Subtest: contact searches own canonical record only
ok 10 - contact searches own canonical record only
  ---
  duration_ms: 7.26028
  type: 'test'
  ...
# Subtest: event searches own canonical record only
ok 11 - event searches own canonical record only
  ---
  duration_ms: 5.662459
  type: 'test'
  ...
# Subtest: all categories are searched and foreign account has only its own results
ok 12 - all categories are searched and foreign account has only its own results
  ---
  duration_ms: 9.199663
  type: 'test'
  ...
# Subtest: public Piece and corrupt foreign Clay relationship do not broaden scope
ok 13 - public Piece and corrupt foreign Clay relationship do not broaden scope
  ---
  duration_ms: 1.707762
  type: 'test'
  ...
# Subtest: current Test Tile tier revocation overrides stale JWT without counts or snippets
ok 14 - current Test Tile tier revocation overrides stale JWT without counts or snippets
  ---
  duration_ms: 19.867939
  type: 'test'
  ...
# Subtest: missing, invalid and deleted-account credentials fail closed with no-store
ok 15 - missing, invalid and deleted-account credentials fail closed with no-store
  ---
  duration_ms: 16.808247
  type: 'test'
  ...
# Subtest: invalid and structured query parameters are rejected
ok 16 - invalid and structured query parameters are rejected
  ---
  duration_ms: 65.973354
  type: 'test'
  ...
# Subtest: SQL syntax, percent and underscore are literal search content
ok 17 - SQL syntax, percent and underscore are literal search content
  ---
  duration_ms: 2.973619
  type: 'test'
  ...
# Subtest: Unicode case and canonical accents are handled, tokens can match different fields
ok 18 - Unicode case and canonical accents are handled, tokens can match different fields
  ---
  duration_ms: 1.716003
  type: 'test'
  ...
# Subtest: exact title precedes title phrase and body-only hits; pagination is stable
ok 19 - exact title precedes title phrase and body-only hits; pagination is stable
  ---
  duration_ms: 4.58898
  type: 'test'
  ...
# Subtest: same IDs in different categories are not collapsed
ok 20 - same IDs in different categories are not collapsed
  ---
  duration_ms: 1.924162
  type: 'test'
  ...
# Subtest: long matched notes produce a bounded contextual excerpt without HTML generation
ok 21 - long matched notes produce a bounded contextual excerpt without HTML generation
  ---
  duration_ms: 1.692498
  type: 'test'
  ...
# Subtest: queries do not change schema, records, media references or entitlement state
ok 22 - queries do not change schema, records, media references or entitlement state
  ---
  duration_ms: 9.349216
  type: 'test'
  ...
# Subtest: fresh rename and deletion appear without an index rebuild or stale cache
ok 23 - fresh rename and deletion appear without an index rebuild or stale cache
  ---
  duration_ms: 18.055961
  type: 'test'
  ...
# Subtest: result-window cap is explicit and never emits an unusable next offset
ok 24 - result-window cap is explicit and never emits an unusable next offset
  ---
  duration_ms: 44.097176
  type: 'test'
  ...
1..24
# tests 24
# suites 0
# pass 24
# fail 0
# cancelled 0
# skipped 0
# todo 0
# duration_ms 1264.161787
TAP version 13
# Subtest: entry, labels, empty state, keyboard form, safe successful results
ok 1 - entry, labels, empty state, keyboard form, safe successful results
  ---
  duration_ms: 880.473826
  type: 'test'
  ...
# Subtest: stored HTML remains inert plain text
ok 2 - stored HTML remains inert plain text
  ---
  duration_ms: 451.637958
  type: 'test'
  ...
# Subtest: piece opens fresh canonical viewer and returns to Search
ok 3 - piece opens fresh canonical viewer and returns to Search
  ---
  duration_ms: 353.069275
  type: 'test'
  ...
# Subtest: clay opens fresh canonical viewer and returns to Search
ok 4 - clay opens fresh canonical viewer and returns to Search
  ---
  duration_ms: 347.402219
  type: 'test'
  ...
# Subtest: glaze opens fresh canonical viewer and returns to Search
ok 5 - glaze opens fresh canonical viewer and returns to Search
  ---
  duration_ms: 401.161175
  type: 'test'
  ...
# Subtest: raw-material opens fresh canonical viewer and returns to Search
ok 6 - raw-material opens fresh canonical viewer and returns to Search
  ---
  duration_ms: 361.804143
  type: 'test'
  ...
# Subtest: test-tile opens fresh canonical viewer and returns to Search
ok 7 - test-tile opens fresh canonical viewer and returns to Search
  ---
  duration_ms: 410.844023
  type: 'test'
  ...
# Subtest: firing opens fresh canonical viewer and returns to Search
ok 8 - firing opens fresh canonical viewer and returns to Search
  ---
  duration_ms: 403.407489
  type: 'test'
  ...
# Subtest: pricing opens fresh canonical viewer and returns to Search
ok 9 - pricing opens fresh canonical viewer and returns to Search
  ---
  duration_ms: 374.505586
  type: 'test'
  ...
# Subtest: sale opens fresh canonical viewer and returns to Search
ok 10 - sale opens fresh canonical viewer and returns to Search
  ---
  duration_ms: 392.701706
  type: 'test'
  ...
# Subtest: project opens fresh canonical viewer and returns to Search
ok 11 - project opens fresh canonical viewer and returns to Search
  ---
  duration_ms: 415.126937
  type: 'test'
  ...
# Subtest: contact opens fresh canonical viewer and returns to Search
ok 12 - contact opens fresh canonical viewer and returns to Search
  ---
  duration_ms: 402.263903
  type: 'test'
  ...
# Subtest: event opens fresh canonical viewer and returns to Search
ok 13 - event opens fresh canonical viewer and returns to Search
  ---
  duration_ms: 453.154017
  type: 'test'
  ...
# Subtest: piece deleted or foreign canonical result fails closed
ok 14 - piece deleted or foreign canonical result fails closed
  ---
  duration_ms: 341.56775
  type: 'test'
  ...
# Subtest: clay deleted or foreign canonical result fails closed
ok 15 - clay deleted or foreign canonical result fails closed
  ---
  duration_ms: 328.19156
  type: 'test'
  ...
# Subtest: glaze deleted or foreign canonical result fails closed
ok 16 - glaze deleted or foreign canonical result fails closed
  ---
  duration_ms: 390.575481
  type: 'test'
  ...
# Subtest: raw-material deleted or foreign canonical result fails closed
ok 17 - raw-material deleted or foreign canonical result fails closed
  ---
  duration_ms: 413.354891
  type: 'test'
  ...
# Subtest: test-tile deleted or foreign canonical result fails closed
ok 18 - test-tile deleted or foreign canonical result fails closed
  ---
  duration_ms: 304.936199
  type: 'test'
  ...
# Subtest: firing deleted or foreign canonical result fails closed
ok 19 - firing deleted or foreign canonical result fails closed
  ---
  duration_ms: 320.923428
  type: 'test'
  ...
# Subtest: pricing deleted or foreign canonical result fails closed
ok 20 - pricing deleted or foreign canonical result fails closed
  ---
  duration_ms: 286.105
  type: 'test'
  ...
# Subtest: sale deleted or foreign canonical result fails closed
ok 21 - sale deleted or foreign canonical result fails closed
  ---
  duration_ms: 285.326014
  type: 'test'
  ...
# Subtest: project deleted or foreign canonical result fails closed
ok 22 - project deleted or foreign canonical result fails closed
  ---
  duration_ms: 327.530665
  type: 'test'
  ...
# Subtest: contact deleted or foreign canonical result fails closed
ok 23 - contact deleted or foreign canonical result fails closed
  ---
  duration_ms: 293.867459
  type: 'test'
  ...
# Subtest: event deleted or foreign canonical result fails closed
ok 24 - event deleted or foreign canonical result fails closed
  ---
  duration_ms: 290.222878
  type: 'test'
  ...
# Subtest: forged successful foreign response cannot bypass ownership
ok 25 - forged successful foreign response cannot bypass ownership
  ---
  duration_ms: 351.531778
  type: 'test'
  ...
# Subtest: piece filter is sent to API unchanged
ok 26 - piece filter is sent to API unchanged
  ---
  duration_ms: 276.737218
  type: 'test'
  ...
# Subtest: clay filter is sent to API unchanged
ok 27 - clay filter is sent to API unchanged
  ---
  duration_ms: 291.746902
  type: 'test'
  ...
# Subtest: glaze filter is sent to API unchanged
ok 28 - glaze filter is sent to API unchanged
  ---
  duration_ms: 237.722124
  type: 'test'
  ...
# Subtest: raw-material filter is sent to API unchanged
ok 29 - raw-material filter is sent to API unchanged
  ---
  duration_ms: 288.02704
  type: 'test'
  ...
# Subtest: test-tile filter is sent to API unchanged
ok 30 - test-tile filter is sent to API unchanged
  ---
  duration_ms: 236.70414
  type: 'test'
  ...
# Subtest: firing filter is sent to API unchanged
ok 31 - firing filter is sent to API unchanged
  ---
  duration_ms: 235.858671
  type: 'test'
  ...
# Subtest: pricing filter is sent to API unchanged
ok 32 - pricing filter is sent to API unchanged
  ---
  duration_ms: 235.993637
  type: 'test'
  ...
# Subtest: sale filter is sent to API unchanged
ok 33 - sale filter is sent to API unchanged
  ---
  duration_ms: 264.608053
  type: 'test'
  ...
# Subtest: project filter is sent to API unchanged
ok 34 - project filter is sent to API unchanged
  ---
  duration_ms: 222.550005
  type: 'test'
  ...
# Subtest: contact filter is sent to API unchanged
ok 35 - contact filter is sent to API unchanged
  ---
  duration_ms: 239.904432
  type: 'test'
  ...
# Subtest: event filter is sent to API unchanged
ok 36 - event filter is sent to API unchanged
  ---
  duration_ms: 250.610375
  type: 'test'
  ...
# Subtest: locked Test Tiles hide all tile fields even from malformed payload; unrelated filters retain lock
ok 37 - locked Test Tiles hide all tile fields even from malformed payload; unrelated filters retain lock
  ---
  duration_ms: 282.609207
  type: 'test'
  ...
# Subtest: entitlement lost after search removes tiles and clears previous detail
ok 38 - entitlement lost after search removes tiles and clears previous detail
  ---
  duration_ms: 303.349557
  type: 'test'
  ...
# Subtest: loading, no results, error, retry, clear, and input focus
ok 39 - loading, no results, error, retry, clear, and input focus
  ---
  duration_ms: 290.51583
  type: 'test'
  ...
# Subtest: API validation is handled without raw server error content
ok 40 - API validation is handled without raw server error content
  ---
  duration_ms: 222.381234
  type: 'test'
  ...
# Subtest: pagination keeps server order, retries same offset and honors cap
ok 41 - pagination keeps server order, retries same offset and honors cap
  ---
  duration_ms: 286.695413
  type: 'test'
  ...
# Subtest: late search cannot render after account
ok 42 - late search cannot render after account
  ---
  duration_ms: 222.215728
  type: 'test'
  ...
# Subtest: late search cannot render after token
ok 43 - late search cannot render after token
  ---
  duration_ms: 228.246613
  type: 'test'
  ...
# Subtest: late search cannot render after logout
ok 44 - late search cannot render after logout
  ---
  duration_ms: 256.210319
  type: 'test'
  ...
# Subtest: late search cannot render after storage
ok 45 - late search cannot render after storage
  ---
  duration_ms: 254.235111
  type: 'test'
  ...
# Subtest: late search cannot render after clear
ok 46 - late search cannot render after clear
  ---
  duration_ms: 237.061082
  type: 'test'
  ...
# Subtest: late search cannot render after navigate
ok 47 - late search cannot render after navigate
  ---
  duration_ms: 224.909468
  type: 'test'
  ...
# Subtest: late search cannot render after new-query
ok 48 - late search cannot render after new-query
  ---
  duration_ms: 247.005677
  type: 'test'
  ...
# Subtest: late canonical read cannot render after account
ok 49 - late canonical read cannot render after account
  ---
  duration_ms: 271.105072
  type: 'test'
  ...
# Subtest: late canonical read cannot render after token
ok 50 - late canonical read cannot render after token
  ---
  duration_ms: 269.796844
  type: 'test'
  ...
# Subtest: late canonical read cannot render after logout
ok 51 - late canonical read cannot render after logout
  ---
  duration_ms: 269.683218
  type: 'test'
  ...
# Subtest: late canonical read cannot render after back
ok 52 - late canonical read cannot render after back
  ---
  duration_ms: 286.463289
  type: 'test'
  ...
# Subtest: late canonical read cannot render after different-record
ok 53 - late canonical read cannot render after different-record
  ---
  duration_ms: 301.251181
  type: 'test'
  ...
# Subtest: 401 invalidates results, detail and in-flight state
ok 54 - 401 invalidates results, detail and in-flight state
  ---
  duration_ms: 251.460337
  type: 'test'
  ...
# Subtest: canonical route refresh reauthorizes without any search metadata
ok 55 - canonical route refresh reauthorizes without any search metadata
  ---
  duration_ms: 231.822148
  type: 'test'
  ...
# Subtest: browser Back clears detail and restores results; Forward reads fresh
ok 56 - browser Back clears detail and restores results; Forward reads fresh
  ---
  duration_ms: 320.790355
  type: 'test'
  ...
# Subtest: new account never reuses existing results or selected detail
ok 57 - new account never reuses existing results or selected detail
  ---
  duration_ms: 272.024555
  type: 'test'
  ...
# Subtest: entitlement revoked between preflight and canonical Tile fetch purges results
ok 58 - entitlement revoked between preflight and canonical Tile fetch purges results
  ---
  duration_ms: 266.895021
  type: 'test'
  ...
# Subtest: pricing response without owner field relies on canonical owner-scoped route
ok 59 - pricing response without owner field relies on canonical owner-scoped route
  ---
  duration_ms: 260.938342
  type: 'test'
  ...
# Subtest: modal close clears detail and returns to Search
ok 60 - modal close clears detail and returns to Search
  ---
  duration_ms: 278.734515
  type: 'test'
  ...
# Subtest: HTTP Search to canonical piece viewer
ok 61 - HTTP Search to canonical piece viewer
  ---
  duration_ms: 2135.00655
  type: 'test'
  ...
# Subtest: HTTP Search to canonical clay viewer
ok 62 - HTTP Search to canonical clay viewer
  ---
  duration_ms: 866.310877
  type: 'test'
  ...
# Subtest: HTTP Search to canonical glaze viewer
ok 63 - HTTP Search to canonical glaze viewer
  ---
  duration_ms: 799.512859
  type: 'test'
  ...
# Subtest: HTTP Search to canonical raw-material viewer
ok 64 - HTTP Search to canonical raw-material viewer
  ---
  duration_ms: 572.481365
  type: 'test'
  ...
# Subtest: HTTP Search to canonical test-tile viewer
ok 65 - HTTP Search to canonical test-tile viewer
  ---
  duration_ms: 606.954919
  type: 'test'
  ...
# Subtest: HTTP Search to canonical firing viewer
ok 66 - HTTP Search to canonical firing viewer
  ---
  duration_ms: 678.970296
  type: 'test'
  ...
# Subtest: HTTP Search to canonical pricing viewer
ok 67 - HTTP Search to canonical pricing viewer
  ---
  duration_ms: 585.872482
  type: 'test'
  ...
# Subtest: HTTP Search to canonical sale viewer
ok 68 - HTTP Search to canonical sale viewer
  ---
  duration_ms: 380.632885
  type: 'test'
  ...
# Subtest: HTTP Search to canonical project viewer
ok 69 - HTTP Search to canonical project viewer
  ---
  duration_ms: 363.210347
  type: 'test'
  ...
# Subtest: HTTP Search to canonical contact viewer
ok 70 - HTTP Search to canonical contact viewer
  ---
  duration_ms: 298.765278
  type: 'test'
  ...
# Subtest: HTTP Search to canonical event viewer
ok 71 - HTTP Search to canonical event viewer
  ---
  duration_ms: 341.74
  type: 'test'
  ...
# Subtest: HTTP piece ownership changes after search fail closed
ok 72 - HTTP piece ownership changes after search fail closed
  ---
  duration_ms: 269.180949
  type: 'test'
  ...
# Subtest: HTTP clay ownership changes after search fail closed
ok 73 - HTTP clay ownership changes after search fail closed
  ---
  duration_ms: 296.951872
  type: 'test'
  ...
# Subtest: HTTP glaze ownership changes after search fail closed
ok 74 - HTTP glaze ownership changes after search fail closed
  ---
  duration_ms: 273.025289
  type: 'test'
  ...
# Subtest: HTTP raw-material ownership changes after search fail closed
ok 75 - HTTP raw-material ownership changes after search fail closed
  ---
  duration_ms: 294.610621
  type: 'test'
  ...
# Subtest: HTTP test-tile ownership changes after search fail closed
ok 76 - HTTP test-tile ownership changes after search fail closed
  ---
  duration_ms: 318.882445
  type: 'test'
  ...
# Subtest: HTTP firing ownership changes after search fail closed
ok 77 - HTTP firing ownership changes after search fail closed
  ---
  duration_ms: 334.179497
  type: 'test'
  ...
# Subtest: HTTP pricing ownership changes after search fail closed
ok 78 - HTTP pricing ownership changes after search fail closed
  ---
  duration_ms: 379.631959
  type: 'test'
  ...
# Subtest: HTTP sale ownership changes after search fail closed
ok 79 - HTTP sale ownership changes after search fail closed
  ---
  duration_ms: 303.025273
  type: 'test'
  ...
# Subtest: HTTP project ownership changes after search fail closed
ok 80 - HTTP project ownership changes after search fail closed
  ---
  duration_ms: 279.723704
  type: 'test'
  ...
# Subtest: HTTP contact ownership changes after search fail closed
ok 81 - HTTP contact ownership changes after search fail closed
  ---
  duration_ms: 278.091531
  type: 'test'
  ...
# Subtest: HTTP event ownership changes after search fail closed
ok 82 - HTTP event ownership changes after search fail closed
  ---
  duration_ms: 305.455788
  type: 'test'
  ...
# Subtest: HTTP fresh rename wins over Search metadata
ok 83 - HTTP fresh rename wins over Search metadata
  ---
  duration_ms: 278.047037
  type: 'test'
  ...
# Subtest: HTTP lost Test Tile entitlement clears searched tile and denies canonical viewer
ok 84 - HTTP lost Test Tile entitlement clears searched tile and denies canonical viewer
  ---
  duration_ms: 304.131569
  type: 'test'
  ...
# Subtest: HTTP canonical deleted Contact after search fails closed
ok 85 - HTTP canonical deleted Contact after search fails closed
  ---
  duration_ms: 286.637242
  type: 'test'
  ...
# Subtest: HTTP new account cannot reuse prior results or open former account record
ok 86 - HTTP new account cannot reuse prior results or open former account record
  ---
  duration_ms: 306.936217
  type: 'test'
  ...
1..86
# tests 86
# suites 0
# pass 86
# fail 0
# cancelled 0
# skipped 0
# todo 0
# duration_ms 19400.575051
TAP version 13
# Subtest: Admin grants: constrained schema, both routes, preservation and compatibility
    # Subtest: fresh schema constrained field exists first startup
    ok 1 - fresh schema constrained field exists first startup
      ---
      duration_ms: 3.179786
      type: 'test'
      ...
    # Subtest: member grant preserves free
    ok 2 - member grant preserves free
      ---
      duration_ms: 94.789148
      type: 'test'
      ...
    # Subtest: member grant preserves monthly
    ok 3 - member grant preserves monthly
      ---
      duration_ms: 25.391286
      type: 'test'
      ...
    # Subtest: member grant preserves yearly
    ok 4 - member grant preserves yearly
      ---
      duration_ms: 19.400961
      type: 'test'
      ...
    # Subtest: member grant preserves promo
    ok 5 - member grant preserves promo
      ---
      duration_ms: 12.982234
      type: 'test'
      ...
    # Subtest: member grant preserves null
    ok 6 - member grant preserves null
      ---
      duration_ms: 13.459856
      type: 'test'
      ...
    # Subtest: member grant preserves legacy
    ok 7 - member grant preserves legacy
      ---
      duration_ms: 12.404974
      type: 'test'
      ...
    # Subtest: member grant preserves stripe
    ok 8 - member grant preserves stripe
      ---
      duration_ms: 13.02958
      type: 'test'
      ...
    # Subtest: member grant preserves iap-active
    ok 9 - member grant preserves iap-active
      ---
      duration_ms: 16.315968
      type: 'test'
      ...
    # Subtest: member grant preserves iap-expired
    ok 10 - member grant preserves iap-expired
      ---
      duration_ms: 15.421654
      type: 'test'
      ...
    # Subtest: member grant preserves future-plan
    ok 11 - member grant preserves future-plan
      ---
      duration_ms: 12.282232
      type: 'test'
      ...
    # Subtest: member grant preserves expired-plan
    ok 12 - member grant preserves expired-plan
      ---
      duration_ms: 11.942148
      type: 'test'
      ...
    # Subtest: member rejects billing "stripe-monthly"
    ok 13 - member rejects billing "stripe-monthly"
      ---
      duration_ms: 3.067779
      type: 'test'
      ...
    # Subtest: member rejects billing "bad"
    ok 14 - member rejects billing "bad"
      ---
      duration_ms: 2.517838
      type: 'test'
      ...
    # Subtest: member rejects billing ""
    ok 15 - member rejects billing ""
      ---
      duration_ms: 2.449855
      type: 'test'
      ...
    # Subtest: member rejects billing null
    ok 16 - member rejects billing null
      ---
      duration_ms: 2.355858
      type: 'test'
      ...
    # Subtest: member rejects billing 3
    ok 17 - member rejects billing 3
      ---
      duration_ms: 2.247387
      type: 'test'
      ...
    # Subtest: member rejects billing {}
    ok 18 - member rejects billing {}
      ---
      duration_ms: 3.610679
      type: 'test'
      ...
    # Subtest: member rejects billing []
    ok 19 - member rejects billing []
      ---
      duration_ms: 2.440894
      type: 'test'
      ...
    # Subtest: member rejects tier "premium"
    ok 20 - member rejects tier "premium"
      ---
      duration_ms: 2.400304
      type: 'test'
      ...
    # Subtest: member rejects tier ""
    ok 21 - member rejects tier ""
      ---
      duration_ms: 2.753341
      type: 'test'
      ...
    # Subtest: member rejects tier null
    ok 22 - member rejects tier null
      ---
      duration_ms: 4.310421
      type: 'test'
      ...
    # Subtest: member rejects tier 3
    ok 23 - member rejects tier 3
      ---
      duration_ms: 2.300065
      type: 'test'
      ...
    # Subtest: member rejects tier {}
    ok 24 - member rejects tier {}
      ---
      duration_ms: 2.536107
      type: 'test'
      ...
    # Subtest: member rejects tier []
    ok 25 - member rejects tier []
      ---
      duration_ms: 4.720444
      type: 'test'
      ...
    # Subtest: member missing target 404
    ok 26 - member missing target 404
      ---
      duration_ms: 2.451456
      type: 'test'
      ...
    # Subtest: member failed statement atomic and CHECK remains enforced
    ok 27 - member failed statement atomic and CHECK remains enforced
      ---
      duration_ms: 9.425886
      type: 'test'
      ...
    # Subtest: member downgrade re-upgrade and eleventh Piece
    ok 28 - member downgrade re-upgrade and eleventh Piece
      ---
      duration_ms: 24.430113
      type: 'test'
      ...
    # Subtest: remote grant preserves free
    ok 29 - remote grant preserves free
      ---
      duration_ms: 13.613007
      type: 'test'
      ...
    # Subtest: remote grant preserves monthly
    ok 30 - remote grant preserves monthly
      ---
      duration_ms: 10.737837
      type: 'test'
      ...
    # Subtest: remote grant preserves yearly
    ok 31 - remote grant preserves yearly
      ---
      duration_ms: 9.637727
      type: 'test'
      ...
    # Subtest: remote grant preserves promo
    ok 32 - remote grant preserves promo
      ---
      duration_ms: 10.786287
      type: 'test'
      ...
    # Subtest: remote grant preserves null
    ok 33 - remote grant preserves null
      ---
      duration_ms: 12.461611
      type: 'test'
      ...
    # Subtest: remote grant preserves legacy
    ok 34 - remote grant preserves legacy
      ---
      duration_ms: 12.008614
      type: 'test'
      ...
    # Subtest: remote grant preserves stripe
    ok 35 - remote grant preserves stripe
      ---
      duration_ms: 12.702704
      type: 'test'
      ...
    # Subtest: remote grant preserves iap-active
    ok 36 - remote grant preserves iap-active
      ---
      duration_ms: 15.557441
      type: 'test'
      ...
    # Subtest: remote grant preserves iap-expired
    ok 37 - remote grant preserves iap-expired
      ---
      duration_ms: 11.052321
      type: 'test'
      ...
    # Subtest: remote grant preserves future-plan
    ok 38 - remote grant preserves future-plan
      ---
      duration_ms: 10.278842
      type: 'test'
      ...
    # Subtest: remote grant preserves expired-plan
    ok 39 - remote grant preserves expired-plan
      ---
      duration_ms: 15.784352
      type: 'test'
      ...
    # Subtest: remote rejects billing "stripe-monthly"
    ok 40 - remote rejects billing "stripe-monthly"
      ---
      duration_ms: 4.725223
      type: 'test'
      ...
    # Subtest: remote rejects billing "bad"
    ok 41 - remote rejects billing "bad"
      ---
      duration_ms: 2.502633
      type: 'test'
      ...
    # Subtest: remote rejects billing ""
    ok 42 - remote rejects billing ""
      ---
      duration_ms: 2.565391
      type: 'test'
      ...
    # Subtest: remote rejects billing null
    ok 43 - remote rejects billing null
      ---
      duration_ms: 3.346109
      type: 'test'
      ...
    # Subtest: remote rejects billing 3
    ok 44 - remote rejects billing 3
      ---
      duration_ms: 2.741208
      type: 'test'
      ...
    # Subtest: remote rejects billing {}
    ok 45 - remote rejects billing {}
      ---
      duration_ms: 2.745692
      type: 'test'
      ...
    # Subtest: remote rejects billing []
    ok 46 - remote rejects billing []
      ---
      duration_ms: 2.404718
      type: 'test'
      ...
    # Subtest: remote rejects tier "premium"
    ok 47 - remote rejects tier "premium"
      ---
      duration_ms: 2.406485
      type: 'test'
      ...
    # Subtest: remote rejects tier ""
    ok 48 - remote rejects tier ""
      ---
      duration_ms: 2.58474
      type: 'test'
      ...
    # Subtest: remote rejects tier null
    ok 49 - remote rejects tier null
      ---
      duration_ms: 2.810971
      type: 'test'
      ...
    # Subtest: remote rejects tier 3
    ok 50 - remote rejects tier 3
      ---
      duration_ms: 3.248337
      type: 'test'
      ...
    # Subtest: remote rejects tier {}
    ok 51 - remote rejects tier {}
      ---
      duration_ms: 2.498629
      type: 'test'
      ...
    # Subtest: remote rejects tier []
    ok 52 - remote rejects tier []
      ---
      duration_ms: 2.307289
      type: 'test'
      ...
    # Subtest: remote missing target 404
    ok 53 - remote missing target 404
      ---
      duration_ms: 2.058267
      type: 'test'
      ...
    # Subtest: remote failed statement atomic and CHECK remains enforced
    ok 54 - remote failed statement atomic and CHECK remains enforced
      ---
      duration_ms: 10.698322
      type: 'test'
      ...
    # Subtest: remote downgrade re-upgrade and eleventh Piece
    ok 55 - remote downgrade re-upgrade and eleventh Piece
      ---
      duration_ms: 17.327625
      type: 'test'
      ...
    # Subtest: ungranted monthly Starter remains limited and Free flag alone cannot grant
    ok 56 - ungranted monthly Starter remains limited and Free flag alone cannot grant
      ---
      duration_ms: 5.79549
      type: 'test'
      ...
    # Subtest: explicit provider update and null clear; omitted values preserved
    ok 57 - explicit provider update and null clear; omitted values preserved
      ---
      duration_ms: 14.371333
      type: 'test'
      ...
    # Subtest: explicit interval edit only on member route; remote preserves interval
    ok 58 - explicit interval edit only on member route; remote preserves interval
      ---
      duration_ms: 5.179119
      type: 'test'
      ...
    # Subtest: Admin paid/gifted counts and unchanged web paid filter
    ok 59 - Admin paid/gifted counts and unchanged web paid filter
      ---
      duration_ms: 4.561885
      type: 'test'
      ...
    # Subtest: two restarts preserve grants and all interval/provider fields
    ok 60 - two restarts preserve grants and all interval/provider fields
      ---
      duration_ms: 958.552754
      type: 'test'
      ...
    # Subtest: authentication, missing email, default remote Starter and supported tier enum
    ok 61 - authentication, missing email, default remote Starter and supported tier enum
      ---
      duration_ms: 75.070731
      type: 'test'
      ...
    # Subtest: existing schema additive migration defaults zero without inference; idempotent
    ok 62 - existing schema additive migration defaults zero without inference; idempotent
      ---
      duration_ms: 946.128427
      type: 'test'
      ...
    1..62
ok 1 - Admin grants: constrained schema, both routes, preservation and compatibility
  ---
  duration_ms: 3324.609873
  type: 'test'
  ...
# Subtest: unchanged mobile subscription display derives provider only from evidence
ok 2 - unchanged mobile subscription display derives provider only from evidence
  ---
  duration_ms: 6.399594
  type: 'test'
  ...
1..2
# tests 64
# suites 0
# pass 64
# fail 0
# cancelled 0
# skipped 0
# todo 0
# duration_ms 3431.430756
TAP version 13
# Subtest: release original uses exact built-in path
ok 1 - release original uses exact built-in path
  ---
  duration_ms: 0.864703
  type: 'test'
  ...
# Subtest: release original preserves authoritative size and hash
ok 2 - release original preserves authoritative size and hash
  ---
  duration_ms: 0.517055
  type: 'test'
  ...
# Subtest: release original has PDF header and trailer
ok 3 - release original has PDF header and trailer
  ---
  duration_ms: 0.298689
  type: 'test'
  ...
# Subtest: preview is distinct from original
ok 4 - preview is distinct from original
  ---
  duration_ms: 0.755264
  type: 'test'
  ...
# Subtest: rehearsal consumes tracked asset without generator
ok 5 - rehearsal consumes tracked asset without generator
  ---
  duration_ms: 0.33193
  type: 'test'
  ...
1..5
# tests 5
# suites 0
# pass 5
# fail 0
# cancelled 0
# skipped 0
# todo 0
# duration_ms 76.166617
TAP version 13
# Subtest: special-account canonical storage matrix and entitlement compatibility
    # Subtest: monthly normalizes safely
    ok 1 - monthly normalizes safely
      ---
      duration_ms: 5.060177
      type: 'test'
      ...
    # Subtest: yearly normalizes safely
    ok 2 - yearly normalizes safely
      ---
      duration_ms: 1.068116
      type: 'test'
      ...
    # Subtest: promo normalizes safely
    ok 3 - promo normalizes safely
      ---
      duration_ms: 0.735111
      type: 'test'
      ...
    # Subtest: null normalizes safely
    ok 4 - null normalizes safely
      ---
      duration_ms: 0.610011
      type: 'test'
      ...
    # Subtest: stripe-monthly normalizes safely
    ok 5 - stripe-monthly normalizes safely
      ---
      duration_ms: 0.686211
      type: 'test'
      ...
    # Subtest: unrelated historical marker remains readable and is not bulk-normalized
    ok 6 - unrelated historical marker remains readable and is not bulk-normalized
      ---
      duration_ms: 0.616649
      type: 'test'
      ...
    # Subtest: compatibility serialization preserves interval and promo meaning
    ok 7 - compatibility serialization preserves interval and promo meaning
      ---
      duration_ms: 0.193446
      type: 'test'
      ...
    # Subtest: special exception is exact-email and tier-sensitive
    ok 8 - special exception is exact-email and tier-sensitive
      ---
      duration_ms: 0.342888
      type: 'test'
      ...
    1..8
ok 1 - special-account canonical storage matrix and entitlement compatibility
  ---
  duration_ms: 12.619922
  type: 'test'
  ...
# Subtest: fresh constrained server stores canonical values while preserving observable grandfathered behavior
    # Subtest: startup canonicalizes only selected invalid/missing storage and preserves allowed values
    ok 1 - startup canonicalizes only selected invalid/missing storage and preserves allowed values
      ---
      duration_ms: 2.835988
      type: 'test'
      ...
    # Subtest: subscription and auth serialization preserve compatible observable meaning without fake provider state
    ok 2 - subscription and auth serialization preserve compatible observable meaning without fake provider state
      ---
      duration_ms: 21.994736
      type: 'test'
      ...
    # Subtest: grandfathered account can create eleventh Piece while ordinary Starter cannot
    ok 3 - grandfathered account can create eleventh Piece while ordinary Starter cannot
      ---
      duration_ms: 13.034073
      type: 'test'
      ...
    # Subtest: Admin paid/gifted classification recognizes special and historical grandfathering without broadening monthly Starter
    ok 4 - Admin paid/gifted classification recognizes special and historical grandfathering without broadening monthly Starter
      ---
      duration_ms: 2.990405
      type: 'test'
      ...
    # Subtest: tier sensitivity preserves cancellation semantics until existing startup regrant runs
    ok 5 - tier sensitivity preserves cancellation semantics until existing startup regrant runs
      ---
      duration_ms: 472.996057
      type: 'test'
      ...
    # Subtest: immediate restart is idempotent and does not create invalid billing rows
    ok 6 - immediate restart is idempotent and does not create invalid billing rows
      ---
      duration_ms: 467.176886
      type: 'test'
      ...
    1..6
ok 2 - fresh constrained server stores canonical values while preserving observable grandfathered behavior
  ---
  duration_ms: 1960.662852
  type: 'test'
  ...
# Subtest: both Admin upgrade routes no longer bypass CHECK or default to legacy storage
ok 3 - both Admin upgrade routes no longer bypass CHECK or default to legacy storage
  ---
  duration_ms: 2.883314
  type: 'test'
  ...
1..3
# tests 17
# suites 0
# pass 17
# fail 0
# cancelled 0
# skipped 0
# todo 0
# duration_ms 2083.752202
TAP version 13
# Subtest: fresh demographics contract
    # Subtest: source-defined schema has no is_admin; key-only authorization works
    ok 1 - source-defined schema has no is_admin; key-only authorization works
      ---
      duration_ms: 41.9219
      type: 'test'
      ...
    # Subtest: no authentication is 401 with no demographics disclosure
    ok 2 - no authentication is 401 with no demographics disclosure
      ---
      duration_ms: 10.900267
      type: 'test'
      ...
    # Subtest: incorrect admin key is not authentication
    ok 3 - incorrect admin key is not authentication
      ---
      duration_ms: 3.31293
      type: 'test'
      ...
    # Subtest: expired JWT is denied
    ok 4 - expired JWT is denied
      ---
      duration_ms: 8.174655
      type: 'test'
      ...
    # Subtest: key-authorized read does not mutate schema or user rows
    ok 5 - key-authorized read does not mutate schema or user rows
      ---
      duration_ms: 1.273314
      type: 'test'
      ...
    # Subtest: established admin identity JWT succeeds without key
    ok 6 - established admin identity JWT succeeds without key
      ---
      duration_ms: 8.483241
      type: 'test'
      ...
    # Subtest: authenticated paid non-admin is 403 and receives no other accounts
    ok 7 - authenticated paid non-admin is 403 and receives no other accounts
      ---
      duration_ms: 4.560866
      type: 'test'
      ...
    # Subtest: non-admin with incorrect key remains denied
    ok 8 - non-admin with incorrect key remains denied
      ---
      duration_ms: 9.338497
      type: 'test'
      ...
    # Subtest: valid existing key authorizes ordinary JWT consistently
    ok 9 - valid existing key authorizes ordinary JWT consistently
      ---
      duration_ms: 5.599537
      type: 'test'
      ...
    # Subtest: JWT claims cannot impersonate admin email or privilege
    ok 10 - JWT claims cannot impersonate admin email or privilege
      ---
      duration_ms: 6.357346
      type: 'test'
      ...
    # Subtest: unknown identity does not gain admin access
    ok 11 - unknown identity does not gain admin access
      ---
      duration_ms: 4.136272
      type: 'test'
      ...
    # Subtest: response keys, selected fields, NULLs, ordering and totals match legacy SQL contract
    ok 12 - response keys, selected fields, NULLs, ordering and totals match legacy SQL contract
      ---
      duration_ms: 5.883881
      type: 'test'
      ...
    # Subtest: admin access follows current database email, not stale JWT privilege
    ok 13 - admin access follows current database email, not stale JWT privilege
      ---
      duration_ms: 4.88519
      type: 'test'
      ...
    # Subtest: all requests preserve database and avoid missing-column errors
    ok 14 - all requests preserve database and avoid missing-column errors
      ---
      duration_ms: 1.365505
      type: 'test'
      ...
    1..14
ok 1 - fresh demographics contract
  ---
  duration_ms: 805.400206
  type: 'test'
  ...
# Subtest: initialized demographics contract
    # Subtest: source-defined schema has no is_admin; key-only authorization works
    ok 1 - source-defined schema has no is_admin; key-only authorization works
      ---
      duration_ms: 13.318747
      type: 'test'
      ...
    # Subtest: no authentication is 401 with no demographics disclosure
    ok 2 - no authentication is 401 with no demographics disclosure
      ---
      duration_ms: 5.614539
      type: 'test'
      ...
    # Subtest: incorrect admin key is not authentication
    ok 3 - incorrect admin key is not authentication
      ---
      duration_ms: 1.52156
      type: 'test'
      ...
    # Subtest: expired JWT is denied
    ok 4 - expired JWT is denied
      ---
      duration_ms: 6.325628
      type: 'test'
      ...
    # Subtest: key-authorized read does not mutate schema or user rows
    ok 5 - key-authorized read does not mutate schema or user rows
      ---
      duration_ms: 0.74464
      type: 'test'
      ...
    # Subtest: established admin identity JWT succeeds without key
    ok 6 - established admin identity JWT succeeds without key
      ---
      duration_ms: 3.506189
      type: 'test'
      ...
    # Subtest: authenticated paid non-admin is 403 and receives no other accounts
    ok 7 - authenticated paid non-admin is 403 and receives no other accounts
      ---
      duration_ms: 3.026848
      type: 'test'
      ...
    # Subtest: non-admin with incorrect key remains denied
    ok 8 - non-admin with incorrect key remains denied
      ---
      duration_ms: 3.307316
      type: 'test'
      ...
    # Subtest: valid existing key authorizes ordinary JWT consistently
    ok 9 - valid existing key authorizes ordinary JWT consistently
      ---
      duration_ms: 3.766561
      type: 'test'
      ...
    # Subtest: JWT claims cannot impersonate admin email or privilege
    ok 10 - JWT claims cannot impersonate admin email or privilege
      ---
      duration_ms: 4.306024
      type: 'test'
      ...
    # Subtest: unknown identity does not gain admin access
    ok 11 - unknown identity does not gain admin access
      ---
      duration_ms: 2.888044
      type: 'test'
      ...
    # Subtest: response keys, selected fields, NULLs, ordering and totals match legacy SQL contract
    ok 12 - response keys, selected fields, NULLs, ordering and totals match legacy SQL contract
      ---
      duration_ms: 4.418582
      type: 'test'
      ...
    # Subtest: admin access follows current database email, not stale JWT privilege
    ok 13 - admin access follows current database email, not stale JWT privilege
      ---
      duration_ms: 2.978074
      type: 'test'
      ...
    # Subtest: all requests preserve database and avoid missing-column errors
    ok 14 - all requests preserve database and avoid missing-column errors
      ---
      duration_ms: 1.392723
      type: 'test'
      ...
    1..14
ok 2 - initialized demographics contract
  ---
  duration_ms: 872.60145
  type: 'test'
  ...
# Subtest: existing-populated demographics contract
    # Subtest: source-defined schema has no is_admin; key-only authorization works
    ok 1 - source-defined schema has no is_admin; key-only authorization works
      ---
      duration_ms: 16.083706
      type: 'test'
      ...
    # Subtest: no authentication is 401 with no demographics disclosure
    ok 2 - no authentication is 401 with no demographics disclosure
      ---
      duration_ms: 4.204351
      type: 'test'
      ...
    # Subtest: incorrect admin key is not authentication
    ok 3 - incorrect admin key is not authentication
      ---
      duration_ms: 2.286065
      type: 'test'
      ...
    # Subtest: expired JWT is denied
    ok 4 - expired JWT is denied
      ---
      duration_ms: 4.75624
      type: 'test'
      ...
    # Subtest: key-authorized read does not mutate schema or user rows
    ok 5 - key-authorized read does not mutate schema or user rows
      ---
      duration_ms: 1.021503
      type: 'test'
      ...
    # Subtest: established admin identity JWT succeeds without key
    ok 6 - established admin identity JWT succeeds without key
      ---
      duration_ms: 4.636627
      type: 'test'
      ...
    # Subtest: authenticated paid non-admin is 403 and receives no other accounts
    ok 7 - authenticated paid non-admin is 403 and receives no other accounts
      ---
      duration_ms: 4.330974
      type: 'test'
      ...
    # Subtest: non-admin with incorrect key remains denied
    ok 8 - non-admin with incorrect key remains denied
      ---
      duration_ms: 3.326964
      type: 'test'
      ...
    # Subtest: valid existing key authorizes ordinary JWT consistently
    ok 9 - valid existing key authorizes ordinary JWT consistently
      ---
      duration_ms: 2.164311
      type: 'test'
      ...
    # Subtest: JWT claims cannot impersonate admin email or privilege
    ok 10 - JWT claims cannot impersonate admin email or privilege
      ---
      duration_ms: 3.48723
      type: 'test'
      ...
    # Subtest: unknown identity does not gain admin access
    ok 11 - unknown identity does not gain admin access
      ---
      duration_ms: 2.859373
      type: 'test'
      ...
    # Subtest: response keys, selected fields, NULLs, ordering and totals match legacy SQL contract
    ok 12 - response keys, selected fields, NULLs, ordering and totals match legacy SQL contract
      ---
      duration_ms: 4.814553
      type: 'test'
      ...
    # Subtest: admin access follows current database email, not stale JWT privilege
    ok 13 - admin access follows current database email, not stale JWT privilege
      ---
      duration_ms: 2.720668
      type: 'test'
      ...
    # Subtest: all requests preserve database and avoid missing-column errors
    ok 14 - all requests preserve database and avoid missing-column errors
      ---
      duration_ms: 1.160239
      type: 'test'
      ...
    1..14
ok 3 - existing-populated demographics contract
  ---
  duration_ms: 1254.930602
  type: 'test'
  ...
1..3
# tests 45
# suites 0
# pass 45
# fail 0
# cancelled 0
# skipped 0
# todo 0
# duration_ms 3026.313493
TAP version 13
# Subtest: first init creates nullable TEXT events.contact_id
ok 1 - first init creates nullable TEXT events.contact_id
  ---
  duration_ms: 625.085614
  type: 'test'
  ...
# Subtest: first init creates nullable TEXT contacts.role
ok 2 - first init creates nullable TEXT contacts.role
  ---
  duration_ms: 100.57384
  type: 'test'
  ...
# Subtest: first init creates nullable TEXT contacts.address
ok 3 - first init creates nullable TEXT contacts.address
  ---
  duration_ms: 106.506321
  type: 'test'
  ...
# Subtest: first init creates nullable TEXT contacts.instagram
ok 4 - first init creates nullable TEXT contacts.instagram
  ---
  duration_ms: 115.526178
  type: 'test'
  ...
# Subtest: first init creates nullable TEXT contacts.website
ok 5 - first init creates nullable TEXT contacts.website
  ---
  duration_ms: 95.891723
  type: 'test'
  ...
# Subtest: existing install additive repair mask 0; rows/indexes/triggers and repeated startup preserved
ok 6 - existing install additive repair mask 0; rows/indexes/triggers and repeated startup preserved
  ---
  duration_ms: 374.198288
  type: 'test'
  ...
# Subtest: existing install additive repair mask 1; rows/indexes/triggers and repeated startup preserved
ok 7 - existing install additive repair mask 1; rows/indexes/triggers and repeated startup preserved
  ---
  duration_ms: 350.157486
  type: 'test'
  ...
# Subtest: existing install additive repair mask 2; rows/indexes/triggers and repeated startup preserved
ok 8 - existing install additive repair mask 2; rows/indexes/triggers and repeated startup preserved
  ---
  duration_ms: 322.150849
  type: 'test'
  ...
# Subtest: existing install additive repair mask 3; rows/indexes/triggers and repeated startup preserved
ok 9 - existing install additive repair mask 3; rows/indexes/triggers and repeated startup preserved
  ---
  duration_ms: 357.401426
  type: 'test'
  ...
# Subtest: existing install additive repair mask 4; rows/indexes/triggers and repeated startup preserved
ok 10 - existing install additive repair mask 4; rows/indexes/triggers and repeated startup preserved
  ---
  duration_ms: 359.096107
  type: 'test'
  ...
# Subtest: existing install additive repair mask 5; rows/indexes/triggers and repeated startup preserved
ok 11 - existing install additive repair mask 5; rows/indexes/triggers and repeated startup preserved
  ---
  duration_ms: 341.952844
  type: 'test'
  ...
# Subtest: existing install additive repair mask 6; rows/indexes/triggers and repeated startup preserved
ok 12 - existing install additive repair mask 6; rows/indexes/triggers and repeated startup preserved
  ---
  duration_ms: 381.172301
  type: 'test'
  ...
# Subtest: existing install additive repair mask 7; rows/indexes/triggers and repeated startup preserved
ok 13 - existing install additive repair mask 7; rows/indexes/triggers and repeated startup preserved
  ---
  duration_ms: 331.583242
  type: 'test'
  ...
# Subtest: existing install additive repair mask 8; rows/indexes/triggers and repeated startup preserved
ok 14 - existing install additive repair mask 8; rows/indexes/triggers and repeated startup preserved
  ---
  duration_ms: 316.413741
  type: 'test'
  ...
# Subtest: existing install additive repair mask 9; rows/indexes/triggers and repeated startup preserved
ok 15 - existing install additive repair mask 9; rows/indexes/triggers and repeated startup preserved
  ---
  duration_ms: 394.129528
  type: 'test'
  ...
# Subtest: existing install additive repair mask 10; rows/indexes/triggers and repeated startup preserved
ok 16 - existing install additive repair mask 10; rows/indexes/triggers and repeated startup preserved
  ---
  duration_ms: 360.912091
  type: 'test'
  ...
# Subtest: existing install additive repair mask 11; rows/indexes/triggers and repeated startup preserved
ok 17 - existing install additive repair mask 11; rows/indexes/triggers and repeated startup preserved
  ---
  duration_ms: 341.011986
  type: 'test'
  ...
# Subtest: existing install additive repair mask 12; rows/indexes/triggers and repeated startup preserved
ok 18 - existing install additive repair mask 12; rows/indexes/triggers and repeated startup preserved
  ---
  duration_ms: 352.003172
  type: 'test'
  ...
# Subtest: existing install additive repair mask 13; rows/indexes/triggers and repeated startup preserved
ok 19 - existing install additive repair mask 13; rows/indexes/triggers and repeated startup preserved
  ---
  duration_ms: 335.609056
  type: 'test'
  ...
# Subtest: existing install additive repair mask 14; rows/indexes/triggers and repeated startup preserved
ok 20 - existing install additive repair mask 14; rows/indexes/triggers and repeated startup preserved
  ---
  duration_ms: 335.125444
  type: 'test'
  ...
# Subtest: existing install additive repair mask 15; rows/indexes/triggers and repeated startup preserved
ok 21 - existing install additive repair mask 15; rows/indexes/triggers and repeated startup preserved
  ---
  duration_ms: 333.610346
  type: 'test'
  ...
# Subtest: existing install additive repair mask 16; rows/indexes/triggers and repeated startup preserved
ok 22 - existing install additive repair mask 16; rows/indexes/triggers and repeated startup preserved
  ---
  duration_ms: 325.464218
  type: 'test'
  ...
# Subtest: existing install additive repair mask 17; rows/indexes/triggers and repeated startup preserved
ok 23 - existing install additive repair mask 17; rows/indexes/triggers and repeated startup preserved
  ---
  duration_ms: 397.096906
  type: 'test'
  ...
# Subtest: existing install additive repair mask 18; rows/indexes/triggers and repeated startup preserved
ok 24 - existing install additive repair mask 18; rows/indexes/triggers and repeated startup preserved
  ---
  duration_ms: 343.460704
  type: 'test'
  ...
# Subtest: existing install additive repair mask 19; rows/indexes/triggers and repeated startup preserved
ok 25 - existing install additive repair mask 19; rows/indexes/triggers and repeated startup preserved
  ---
  duration_ms: 411.019938
  type: 'test'
  ...
# Subtest: existing install additive repair mask 20; rows/indexes/triggers and repeated startup preserved
ok 26 - existing install additive repair mask 20; rows/indexes/triggers and repeated startup preserved
  ---
  duration_ms: 341.935997
  type: 'test'
  ...
# Subtest: existing install additive repair mask 21; rows/indexes/triggers and repeated startup preserved
ok 27 - existing install additive repair mask 21; rows/indexes/triggers and repeated startup preserved
  ---
  duration_ms: 378.39912
  type: 'test'
  ...
# Subtest: existing install additive repair mask 22; rows/indexes/triggers and repeated startup preserved
ok 28 - existing install additive repair mask 22; rows/indexes/triggers and repeated startup preserved
  ---
  duration_ms: 391.331851
  type: 'test'
  ...
# Subtest: existing install additive repair mask 23; rows/indexes/triggers and repeated startup preserved
ok 29 - existing install additive repair mask 23; rows/indexes/triggers and repeated startup preserved
  ---
  duration_ms: 344.263876
  type: 'test'
  ...
# Subtest: existing install additive repair mask 24; rows/indexes/triggers and repeated startup preserved
ok 30 - existing install additive repair mask 24; rows/indexes/triggers and repeated startup preserved
  ---
  duration_ms: 334.251511
  type: 'test'
  ...
# Subtest: existing install additive repair mask 25; rows/indexes/triggers and repeated startup preserved
ok 31 - existing install additive repair mask 25; rows/indexes/triggers and repeated startup preserved
  ---
  duration_ms: 334.737322
  type: 'test'
  ...
# Subtest: existing install additive repair mask 26; rows/indexes/triggers and repeated startup preserved
ok 32 - existing install additive repair mask 26; rows/indexes/triggers and repeated startup preserved
  ---
  duration_ms: 397.03873
  type: 'test'
  ...
# Subtest: existing install additive repair mask 27; rows/indexes/triggers and repeated startup preserved
ok 33 - existing install additive repair mask 27; rows/indexes/triggers and repeated startup preserved
  ---
  duration_ms: 320.210361
  type: 'test'
  ...
# Subtest: existing install additive repair mask 28; rows/indexes/triggers and repeated startup preserved
ok 34 - existing install additive repair mask 28; rows/indexes/triggers and repeated startup preserved
  ---
  duration_ms: 331.584325
  type: 'test'
  ...
# Subtest: existing install additive repair mask 29; rows/indexes/triggers and repeated startup preserved
ok 35 - existing install additive repair mask 29; rows/indexes/triggers and repeated startup preserved
  ---
  duration_ms: 317.98163
  type: 'test'
  ...
# Subtest: existing install additive repair mask 30; rows/indexes/triggers and repeated startup preserved
ok 36 - existing install additive repair mask 30; rows/indexes/triggers and repeated startup preserved
  ---
  duration_ms: 337.21099
  type: 'test'
  ...
# Subtest: existing install additive repair mask 31; rows/indexes/triggers and repeated startup preserved
ok 37 - existing install additive repair mask 31; rows/indexes/triggers and repeated startup preserved
  ---
  duration_ms: 390.510586
  type: 'test'
  ...
# Subtest: first server startup supports basic Contact create/list/detail with NULL optional fields
ok 38 - first server startup supports basic Contact create/list/detail with NULL optional fields
  ---
  duration_ms: 105.982882
  type: 'test'
  ...
# Subtest: Contact role create/list/detail/update/clear on first startup
ok 39 - Contact role create/list/detail/update/clear on first startup
  ---
  duration_ms: 34.044528
  type: 'test'
  ...
# Subtest: Contact address create/list/detail/update/clear on first startup
ok 40 - Contact address create/list/detail/update/clear on first startup
  ---
  duration_ms: 20.393857
  type: 'test'
  ...
# Subtest: Contact instagram create/list/detail/update/clear on first startup
ok 41 - Contact instagram create/list/detail/update/clear on first startup
  ---
  duration_ms: 21.6247
  type: 'test'
  ...
# Subtest: Contact website create/list/detail/update/clear on first startup
ok 42 - Contact website create/list/detail/update/clear on first startup
  ---
  duration_ms: 19.23062
  type: 'test'
  ...
# Subtest: Contact ownership: list/detail scoped, foreign/missing updates and deletes retain existing no-op behavior
ok 43 - Contact ownership: list/detail scoped, foreign/missing updates and deletes retain existing no-op behavior
  ---
  duration_ms: 20.1165
  type: 'test'
  ...
# Subtest: Event without Contact create/read/update retains serialization and times
ok 44 - Event without Contact create/read/update retains serialization and times
  ---
  duration_ms: 10.882128
  type: 'test'
  ...
# Subtest: persisted owned Event Contact resolves by scoped detail and Contact counts/detail queries
ok 45 - persisted owned Event Contact resolves by scoped detail and Contact counts/detail queries
  ---
  duration_ms: 19.001825
  type: 'test'
  ...
# Subtest: Event API retains existing ignored Contact input semantics; no new linking/clearing endpoint
ok 46 - Event API retains existing ignored Contact input semantics; no new linking/clearing endpoint
  ---
  duration_ms: 19.425856
  type: 'test'
  ...
# Subtest: Event missing Contact pointer preserves legacy TEXT storage and scoped lookup
ok 47 - Event missing Contact pointer preserves legacy TEXT storage and scoped lookup
  ---
  duration_ms: 9.42449
  type: 'test'
  ...
# Subtest: Event foreign Contact pointer preserves legacy TEXT storage and scoped lookup
ok 48 - Event foreign Contact pointer preserves legacy TEXT storage and scoped lookup
  ---
  duration_ms: 21.607779
  type: 'test'
  ...
# Subtest: Contact deletion detaches owned Event without deleting Event or media metadata
ok 49 - Contact deletion detaches owned Event without deleting Event or media metadata
  ---
  duration_ms: 14.007791
  type: 'test'
  ...
# Subtest: Contact deletion rejects inconsistent foreign Event reference atomically
ok 50 - Contact deletion rejects inconsistent foreign Event reference atomically
  ---
  duration_ms: 17.636647
  type: 'test'
  ...
# Subtest: Event ownership and deletion unchanged
ok 51 - Event ownership and deletion unchanged
  ---
  duration_ms: 16.91232
  type: 'test'
  ...
# Subtest: Contact full values and basic fields survive unrelated initialization
ok 52 - Contact full values and basic fields survive unrelated initialization
  ---
  duration_ms: 56.093167
  type: 'test'
  ...
# Subtest: iCal export/feed output is Contact-independent and unchanged across additive initialization
ok 53 - iCal export/feed output is Contact-independent and unchanged across additive initialization
  ---
  duration_ms: 105.645717
  type: 'test'
  ...
1..53
# tests 53
# suites 0
# pass 53
# fail 0
# cancelled 0
# skipped 0
# todo 0
# duration_ms 12967.312696
TAP version 13
# Subtest: partial edit preserves relationships {"title":"Title"}
ok 1 - partial edit preserves relationships {"title":"Title"}
  ---
  duration_ms: 566.463071
  type: 'test'
  ...
# Subtest: partial edit preserves relationships {"status":"done"}
ok 2 - partial edit preserves relationships {"status":"done"}
  ---
  duration_ms: 10.151366
  type: 'test'
  ...
# Subtest: partial edit preserves relationships {"notes":"Notes"}
ok 3 - partial edit preserves relationships {"notes":"Notes"}
  ---
  duration_ms: 6.565306
  type: 'test'
  ...
# Subtest: partial edit preserves relationships {"status":"broken","casualtyNotes":"Oops"}
ok 4 - partial edit preserves relationships {"status":"broken","casualtyNotes":"Oops"}
  ---
  duration_ms: 6.822097
  type: 'test'
  ...
# Subtest: partial edit preserves relationships {"description":"Description"}
ok 5 - partial edit preserves relationships {"description":"Description"}
  ---
  duration_ms: 6.033626
  type: 'test'
  ...
# Subtest: partial edit preserves relationships {}
ok 6 - partial edit preserves relationships {}
  ---
  duration_ms: 6.008307
  type: 'test'
  ...
# Subtest: Clay mutation {"clayIntent":"manual","clay":"Typed","studio":"Old competing studio"}
ok 7 - Clay mutation {"clayIntent":"manual","clay":"Typed","studio":"Old competing studio"}
  ---
  duration_ms: 11.609551
  type: 'test'
  ...
# Subtest: Clay mutation {"clayIntent":"saved","clayBodyId":"ca2"}
ok 8 - Clay mutation {"clayIntent":"saved","clayBodyId":"ca2"}
  ---
  duration_ms: 14.605915
  type: 'test'
  ...
# Subtest: Clay mutation {"clayIntent":"saved","clayBodyId":"ca2","studio":"Real studio"}
ok 9 - Clay mutation {"clayIntent":"saved","clayBodyId":"ca2","studio":"Real studio"}
  ---
  duration_ms: 24.748178
  type: 'test'
  ...
# Subtest: Clay mutation {"clayIntent":"clear"}
ok 10 - Clay mutation {"clayIntent":"clear"}
  ---
  duration_ms: 15.926101
  type: 'test'
  ...
# Subtest: Clay mutation {"clayBodyId":null}
ok 11 - Clay mutation {"clayBodyId":null}
  ---
  duration_ms: 7.109765
  type: 'test'
  ...
# Subtest: Clay mutation {"studio":null}
ok 12 - Clay mutation {"studio":null}
  ---
  duration_ms: 7.632675
  type: 'test'
  ...
# Subtest: Clay mutation {"clay_body_id":"ca2"}
ok 13 - Clay mutation {"clay_body_id":"ca2"}
  ---
  duration_ms: 6.689862
  type: 'test'
  ...
# Subtest: Clay mutation {"clay_body_id":null,"clay":"Legacy manual"}
ok 14 - Clay mutation {"clay_body_id":null,"clay":"Legacy manual"}
  ---
  duration_ms: 6.687891
  type: 'test'
  ...
# Subtest: Clay mutation {"clayIntent":"untouched"}
ok 15 - Clay mutation {"clayIntent":"untouched"}
  ---
  duration_ms: 8.284424
  type: 'test'
  ...
# Subtest: Clay mutation {"clayIntent":"untouched","studio":"Studio edited"}
ok 16 - Clay mutation {"clayIntent":"untouched","studio":"Studio edited"}
  ---
  duration_ms: 6.152549
  type: 'test'
  ...
# Subtest: manual/saved Clay no-op null
ok 17 - manual/saved Clay no-op null
  ---
  duration_ms: 4.453713
  type: 'test'
  ...
# Subtest: manual/saved Clay no-op ca
ok 18 - manual/saved Clay no-op ca
  ---
  duration_ms: 3.137639
  type: 'test'
  ...
# Subtest: Clay atomic rejection {"clayBodyId":"cb"}
ok 19 - Clay atomic rejection {"clayBodyId":"cb"}
  ---
  duration_ms: 3.768883
  type: 'test'
  ...
# Subtest: Clay atomic rejection {"clayBodyId":"missing"}
ok 20 - Clay atomic rejection {"clayBodyId":"missing"}
  ---
  duration_ms: 3.848436
  type: 'test'
  ...
# Subtest: Clay atomic rejection {"clayBodyId":"ca","clay_body_id":"ca2"}
ok 21 - Clay atomic rejection {"clayBodyId":"ca","clay_body_id":"ca2"}
  ---
  duration_ms: 8.129474
  type: 'test'
  ...
# Subtest: Clay atomic rejection {"clay":"one","studio":"two"}
ok 22 - Clay atomic rejection {"clay":"one","studio":"two"}
  ---
  duration_ms: 4.054265
  type: 'test'
  ...
# Subtest: Clay atomic rejection {"clay":"Typed"}
ok 23 - Clay atomic rejection {"clay":"Typed"}
  ---
  duration_ms: 5.994473
  type: 'test'
  ...
# Subtest: Clay atomic rejection {"clayIntent":"saved","clayBodyId":null}
ok 24 - Clay atomic rejection {"clayIntent":"saved","clayBodyId":null}
  ---
  duration_ms: 7.432912
  type: 'test'
  ...
# Subtest: Clay atomic rejection {"clayIntent":"manual","clay":"Typed","clayBodyId":"ca"}
ok 25 - Clay atomic rejection {"clayIntent":"manual","clay":"Typed","clayBodyId":"ca"}
  ---
  duration_ms: 4.472576
  type: 'test'
  ...
# Subtest: Clay atomic rejection {"clayIntent":"clear","clay":"Conflicting"}
ok 26 - Clay atomic rejection {"clayIntent":"clear","clay":"Conflicting"}
  ---
  duration_ms: 3.038141
  type: 'test'
  ...
# Subtest: row identity inheritance customName=New manual
ok 27 - row identity inheritance customName=New manual
  ---
  duration_ms: 4.977532
  type: 'test'
  ...
# Subtest: row identity inheritance glazeId=ga2
ok 28 - row identity inheritance glazeId=ga2
  ---
  duration_ms: 4.269464
  type: 'test'
  ...
# Subtest: row identity inheritance coats=0
ok 29 - row identity inheritance coats=0
  ---
  duration_ms: 3.282427
  type: 'test'
  ...
# Subtest: row identity inheritance method=brush
ok 30 - row identity inheritance method=brush
  ---
  duration_ms: 3.237851
  type: 'test'
  ...
# Subtest: row identity inheritance notes=
ok 31 - row identity inheritance notes=
  ---
  duration_ms: 3.120603
  type: 'test'
  ...
# Subtest: row identity inheritance notes=Changed
ok 32 - row identity inheritance notes=Changed
  ---
  duration_ms: 3.62337
  type: 'test'
  ...
# Subtest: row identity inheritance method=null
ok 33 - row identity inheritance method=null
  ---
  duration_ms: 4.654257
  type: 'test'
  ...
# Subtest: all supported methods dip
ok 34 - all supported methods dip
  ---
  duration_ms: 3.259591
  type: 'test'
  ...
# Subtest: all supported methods brush
ok 35 - all supported methods brush
  ---
  duration_ms: 7.270724
  type: 'test'
  ...
# Subtest: all supported methods spray
ok 36 - all supported methods spray
  ---
  duration_ms: 3.766413
  type: 'test'
  ...
# Subtest: all supported methods pour
ok 37 - all supported methods pour
  ---
  duration_ms: 10.083895
  type: 'test'
  ...
# Subtest: all supported methods wax-resist
ok 38 - all supported methods wax-resist
  ---
  duration_ms: 7.872371
  type: 'test'
  ...
# Subtest: all supported methods other
ok 39 - all supported methods other
  ---
  duration_ms: 4.404602
  type: 'test'
  ...
# Subtest: all supported methods null
ok 40 - all supported methods null
  ---
  duration_ms: 6.00172
  type: 'test'
  ...
# Subtest: normalized aliases glazeIds JSON true
ok 41 - normalized aliases glazeIds JSON true
  ---
  duration_ms: 5.108241
  type: 'test'
  ...
# Subtest: normalized aliases glazeIds JSON false
ok 42 - normalized aliases glazeIds JSON false
  ---
  duration_ms: 5.788271
  type: 'test'
  ...
# Subtest: normalized aliases glaze_ids JSON true
ok 43 - normalized aliases glaze_ids JSON true
  ---
  duration_ms: 7.759187
  type: 'test'
  ...
# Subtest: normalized aliases glaze_ids JSON false
ok 44 - normalized aliases glaze_ids JSON false
  ---
  duration_ms: 4.853
  type: 'test'
  ...
# Subtest: explicit empty clears every layer
ok 45 - explicit empty clears every layer
  ---
  duration_ms: 3.995942
  type: 'test'
  ...
# Subtest: flat legacy Glaze text never clears layers
ok 46 - flat legacy Glaze text never clears layers
  ---
  duration_ms: 4.293003
  type: 'test'
  ...
# Subtest: Glaze rejection atomic null
ok 47 - Glaze rejection atomic null
  ---
  duration_ms: 4.081582
  type: 'test'
  ...
# Subtest: Glaze rejection atomic "[object Object]"
ok 48 - Glaze rejection atomic "[object Object]"
  ---
  duration_ms: 3.412594
  type: 'test'
  ...
# Subtest: Glaze rejection atomic {}
ok 49 - Glaze rejection atomic {}
  ---
  duration_ms: 3.70881
  type: 'test'
  ...
# Subtest: Glaze rejection atomic [{"id":"stale"}]
ok 50 - Glaze rejection atomic [{"id":"stale"}]
  ---
  duration_ms: 6.122184
  type: 'test'
  ...
# Subtest: Glaze rejection atomic [{"id":"l1","glaze_id":"gb"}]
ok 51 - Glaze rejection atomic [{"id":"l1","glaze_id":"gb"}]
  ---
  duration_ms: 3.778908
  type: 'test'
  ...
# Subtest: Glaze rejection atomic [{"id":"l1","glazeId":"missing"}]
ok 52 - Glaze rejection atomic [{"id":"l1","glazeId":"missing"}]
  ---
  duration_ms: 4.286165
  type: 'test'
  ...
# Subtest: Glaze rejection atomic [{"id":"l1","glazeId":"ga","glaze_id":"ga2"}]
ok 53 - Glaze rejection atomic [{"id":"l1","glazeId":"ga","glaze_id":"ga2"}]
  ---
  duration_ms: 7.933482
  type: 'test'
  ...
# Subtest: Glaze rejection atomic [{"id":"l1","method":"brush","application_method":"other"}]
ok 54 - Glaze rejection atomic [{"id":"l1","method":"brush","application_method":"other"}]
  ---
  duration_ms: 3.229623
  type: 'test'
  ...
# Subtest: Glaze rejection atomic [{"id":"l1"},{"id":"l1"}]
ok 55 - Glaze rejection atomic [{"id":"l1"},{"id":"l1"}]
  ---
  duration_ms: 4.011796
  type: 'test'
  ...
# Subtest: Glaze rejection atomic [{"glazeId":"ga"}]
ok 56 - Glaze rejection atomic [{"glazeId":"ga"}]
  ---
  duration_ms: 3.521491
  type: 'test'
  ...
# Subtest: Glaze rejection atomic [{"id":"l1","coats":-1}]
ok 57 - Glaze rejection atomic [{"id":"l1","coats":-1}]
  ---
  duration_ms: 4.756851
  type: 'test'
  ...
# Subtest: Glaze rejection atomic [{"id":"l1","method":"invented"}]
ok 58 - Glaze rejection atomic [{"id":"l1","method":"invented"}]
  ---
  duration_ms: 4.348831
  type: 'test'
  ...
# Subtest: wrong Piece row identity fails atomically
ok 59 - wrong Piece row identity fails atomically
  ---
  duration_ms: 6.519005
  type: 'test'
  ...
# Subtest: conflicting array aliases fail atomically
ok 60 - conflicting array aliases fail atomically
  ---
  duration_ms: 5.258708
  type: 'test'
  ...
# Subtest: same aliases are accepted after normalization
ok 61 - same aliases are accepted after normalization
  ---
  duration_ms: 3.91677
  type: 'test'
  ...
# Subtest: multipart create stores notes, zero coats and snake layer glazeIds
ok 62 - multipart create stores notes, zero coats and snake layer glazeIds
  ---
  duration_ms: 13.326092
  type: 'test'
  ...
# Subtest: multipart create stores notes, zero coats and snake layer glaze_ids
ok 63 - multipart create stores notes, zero coats and snake layer glaze_ids
  ---
  duration_ms: 5.340737
  type: 'test'
  ...
# Subtest: photo multipart unrelated update preserves exact relationships
ok 64 - photo multipart unrelated update preserves exact relationships
  ---
  duration_ms: 11.335274
  type: 'test'
  ...
# Subtest: SQL insert failure rolls Piece and deletion back
ok 65 - SQL insert failure rolls Piece and deletion back
  ---
  duration_ms: 6.156991
  type: 'test'
  ...
# Subtest: dangling untouched Clay and Glaze preserve exactly
ok 66 - dangling untouched Clay and Glaze preserve exactly
  ---
  duration_ms: 4.985322
  type: 'test'
  ...
# Subtest: History after manual transition retains repeats order metadata and no fake timestamps
ok 67 - History after manual transition retains repeats order metadata and no fake timestamps
  ---
  duration_ms: 28.905834
  type: 'test'
  ...
# Subtest: manual Clay to saved clears replaced compatibility label
ok 68 - manual Clay to saved clears replaced compatibility label
  ---
  duration_ms: 3.573017
  type: 'test'
  ...
# Subtest: nullable stored layer order survives metadata edits
ok 69 - nullable stored layer order survives metadata edits
  ---
  duration_ms: 3.95633
  type: 'test'
  ...
# Subtest: web saved no-op omits all relationships
ok 70 - web saved no-op omits all relationships
  ---
  duration_ms: 627.978781
  type: 'test'
  ...
# Subtest: web manual no-op omits all relationships
ok 71 - web manual no-op omits all relationships
  ---
  duration_ms: 408.259195
  type: 'test'
  ...
# Subtest: web mixed no-op omits all relationships
ok 72 - web mixed no-op omits all relationships
  ---
  duration_ms: 282.804932
  type: 'test'
  ...
# Subtest: web unrelated field \#pieceTitle
ok 73 - web unrelated field \#pieceTitle
  ---
  duration_ms: 202.922122
  type: 'test'
  ...
# Subtest: web unrelated field \#pieceNotes
ok 74 - web unrelated field \#pieceNotes
  ---
  duration_ms: 228.203853
  type: 'test'
  ...
# Subtest: web unrelated field \#pieceStatus
ok 75 - web unrelated field \#pieceStatus
  ---
  duration_ms: 218.912808
  type: 'test'
  ...
# Subtest: web unrelated field \#pieceCasualtyNotes
ok 76 - web unrelated field \#pieceCasualtyNotes
  ---
  duration_ms: 226.681011
  type: 'test'
  ...
# Subtest: web manual Clay clears hidden relationship Manual typed
ok 77 - web manual Clay clears hidden relationship Manual typed
  ---
  duration_ms: 356.754927
  type: 'test'
  ...
# Subtest: web manual Clay clears hidden relationship Pasted Clay
ok 78 - web manual Clay clears hidden relationship Pasted Clay
  ---
  duration_ms: 205.349946
  type: 'test'
  ...
# Subtest: web manual Clay clears hidden relationship 
ok 79 - web manual Clay clears hidden relationship 
  ---
  duration_ms: 199.153912
  type: 'test'
  ...
# Subtest: web explicit saved Clay selection {}
ok 80 - web explicit saved Clay selection {}
  ---
  duration_ms: 244.785367
  type: 'test'
  ...
# Subtest: web explicit saved Clay selection {"clay_body_id":null,"clay_body_name":null,"clay":"Manual"}
ok 81 - web explicit saved Clay selection {"clay_body_id":null,"clay_body_name":null,"clay":"Manual"}
  ---
  duration_ms: 205.713763
  type: 'test'
  ...
# Subtest: web Studio-only change preserves omitted Clay ID
ok 82 - web Studio-only change preserves omitted Clay ID
  ---
  duration_ms: 220.87412
  type: 'test'
  ...
# Subtest: web other and zero display correctly, notes hydrated
ok 83 - web other and zero display correctly, notes hydrated
  ---
  duration_ms: 268.29394
  type: 'test'
  ...
# Subtest: web one repeated Glaze manual replacement Manual replacement
ok 84 - web one repeated Glaze manual replacement Manual replacement
  ---
  duration_ms: 274.994142
  type: 'test'
  ...
# Subtest: web one repeated Glaze manual replacement Pasted label
ok 85 - web one repeated Glaze manual replacement Pasted label
  ---
  duration_ms: 243.795015
  type: 'test'
  ...
# Subtest: web saved picker row-scoped 0
ok 86 - web saved picker row-scoped 0
  ---
  duration_ms: 204.567185
  type: 'test'
  ...
# Subtest: web saved picker row-scoped 1
ok 87 - web saved picker row-scoped 1
  ---
  duration_ms: 185.584459
  type: 'test'
  ...
# Subtest: web saved picker row-scoped 2
ok 88 - web saved picker row-scoped 2
  ---
  duration_ms: 182.238182
  type: 'test'
  ...
# Subtest: web layer metadata edit notes
ok 89 - web layer metadata edit notes
  ---
  duration_ms: 183.574866
  type: 'test'
  ...
# Subtest: web layer metadata edit coats
ok 90 - web layer metadata edit coats
  ---
  duration_ms: 183.825898
  type: 'test'
  ...
# Subtest: web layer metadata edit method
ok 91 - web layer metadata edit method
  ---
  duration_ms: 215.534945
  type: 'test'
  ...
# Subtest: web blank manual replacement removes only targeted layer
ok 92 - web blank manual replacement removes only targeted layer
  ---
  duration_ms: 216.984108
  type: 'test'
  ...
# Subtest: web explicitly removing all emits empty array
ok 93 - web explicitly removing all emits empty array
  ---
  duration_ms: 196.931066
  type: 'test'
  ...
# Subtest: web new repeated saved Glaze has independent metadata and order
ok 94 - web new repeated saved Glaze has independent metadata and order
  ---
  duration_ms: 194.75453
  type: 'test'
  ...
# Subtest: web cancel and reopen drops unsaved intent
ok 95 - web cancel and reopen drops unsaved intent
  ---
  duration_ms: 208.305114
  type: 'test'
  ...
1..95
# tests 95
# suites 0
# pass 95
# fail 0
# cancelled 0
# skipped 0
# todo 0
# duration_ms 6931.983224
TAP version 13
# Subtest: pricing committed POST lost response Retry reconciles all surfaces
ok 1 - pricing committed POST lost response Retry reconciles all surfaces
  ---
  duration_ms: 739.587646
  type: 'test'
  ...
# Subtest: pricing committed DELETE lost response Retry reconciles all surfaces
ok 2 - pricing committed DELETE lost response Retry reconciles all surfaces
  ---
  duration_ms: 423.624102
  type: 'test'
  ...
# Subtest: firings committed POST lost response Retry reconciles all surfaces
ok 3 - firings committed POST lost response Retry reconciles all surfaces
  ---
  duration_ms: 413.200312
  type: 'test'
  ...
# Subtest: firings committed DELETE lost response Retry reconciles all surfaces
ok 4 - firings committed DELETE lost response Retry reconciles all surfaces
  ---
  duration_ms: 329.330941
  type: 'test'
  ...
# Subtest: test-tiles committed POST lost response Retry reconciles all surfaces
ok 5 - test-tiles committed POST lost response Retry reconciles all surfaces
  ---
  duration_ms: 322.721604
  type: 'test'
  ...
# Subtest: test-tiles committed DELETE lost response Retry reconciles all surfaces
ok 6 - test-tiles committed DELETE lost response Retry reconciles all surfaces
  ---
  duration_ms: 379.41007
  type: 'test'
  ...
# Subtest: pricing late recovery discarded on piece
ok 7 - pricing late recovery discarded on piece
  ---
  duration_ms: 367.197846
  type: 'test'
  ...
# Subtest: pricing late recovery discarded on account
ok 8 - pricing late recovery discarded on account
  ---
  duration_ms: 325.751744
  type: 'test'
  ...
# Subtest: pricing late recovery discarded on logout
ok 9 - pricing late recovery discarded on logout
  ---
  duration_ms: 382.425354
  type: 'test'
  ...
# Subtest: firings late recovery discarded on piece
ok 10 - firings late recovery discarded on piece
  ---
  duration_ms: 346.436914
  type: 'test'
  ...
# Subtest: firings late recovery discarded on account
ok 11 - firings late recovery discarded on account
  ---
  duration_ms: 432.158991
  type: 'test'
  ...
# Subtest: firings late recovery discarded on logout
ok 12 - firings late recovery discarded on logout
  ---
  duration_ms: 371.050293
  type: 'test'
  ...
# Subtest: test-tiles late recovery discarded on piece
ok 13 - test-tiles late recovery discarded on piece
  ---
  duration_ms: 387.011249
  type: 'test'
  ...
# Subtest: test-tiles late recovery discarded on account
ok 14 - test-tiles late recovery discarded on account
  ---
  duration_ms: 358.065579
  type: 'test'
  ...
# Subtest: test-tiles late recovery discarded on logout
ok 15 - test-tiles late recovery discarded on logout
  ---
  duration_ms: 362.636861
  type: 'test'
  ...
# Subtest: pricing duplicate Retry suppressed and History failure retains reconciliation
ok 16 - pricing duplicate Retry suppressed and History failure retains reconciliation
  ---
  duration_ms: 346.489543
  type: 'test'
  ...
# Subtest: firings duplicate Retry suppressed and History failure retains reconciliation
ok 17 - firings duplicate Retry suppressed and History failure retains reconciliation
  ---
  duration_ms: 356.409283
  type: 'test'
  ...
# Subtest: test-tiles duplicate Retry suppressed and History failure retains reconciliation
ok 18 - test-tiles duplicate Retry suppressed and History failure retains reconciliation
  ---
  duration_ms: 355.920002
  type: 'test'
  ...
# Subtest: Test Tile entitlement lost after committed link clears protected metadata during recovery
ok 19 - Test Tile entitlement lost after committed link clears protected metadata during recovery
  ---
  duration_ms: 307.656855
  type: 'test'
  ...
# Subtest: Test Tile unavailable after uncertain mutation remains distinct from empty
ok 20 - Test Tile unavailable after uncertain mutation remains distinct from empty
  ---
  duration_ms: 304.646199
  type: 'test'
  ...
1..20
# tests 20
# suites 0
# pass 20
# fail 0
# cancelled 0
# skipped 0
# todo 0
# duration_ms 8079.781658
TAP version 13
# Subtest: layer display precedence saved
ok 1 - layer display precedence saved
  ---
  duration_ms: 874.684564
  type: 'test'
  ...
# Subtest: layer display precedence manual
ok 2 - layer display precedence manual
  ---
  duration_ms: 6.954821
  type: 'test'
  ...
# Subtest: layer display precedence both
ok 3 - layer display precedence both
  ---
  duration_ms: 7.074696
  type: 'test'
  ...
# Subtest: layer display precedence neither
ok 4 - layer display precedence neither
  ---
  duration_ms: 6.341072
  type: 'test'
  ...
# Subtest: layer display precedence blank
ok 5 - layer display precedence blank
  ---
  duration_ms: 5.741769
  type: 'test'
  ...
# Subtest: layer display precedence foreign
ok 6 - layer display precedence foreign
  ---
  duration_ms: 4.218
  type: 'test'
  ...
# Subtest: layer display precedence dangling
ok 7 - layer display precedence dangling
  ---
  duration_ms: 4.263779
  type: 'test'
  ...
# Subtest: layer display precedence foreign-empty
ok 8 - layer display precedence foreign-empty
  ---
  duration_ms: 14.707936
  type: 'test'
  ...
# Subtest: layer display precedence dangling-empty
ok 9 - layer display precedence dangling-empty
  ---
  duration_ms: 5.375762
  type: 'test'
  ...
# Subtest: layer display precedence repeat
ok 10 - layer display precedence repeat
  ---
  duration_ms: 6.57973
  type: 'test'
  ...
# Subtest: mixed returned ordering, repeated IDs and nonunique positions preserve all layer identities
ok 11 - mixed returned ordering, repeated IDs and nonunique positions preserve all layer identities
  ---
  duration_ms: 5.005
  type: 'test'
  ...
# Subtest: owned list excludes foreign references and Piece independently requires ownership
ok 12 - owned list excludes foreign references and Piece independently requires ownership
  ---
  duration_ms: 11.420619
  type: 'test'
  ...
# Subtest: History preserves row-per-layer order and manual layers, excludes foreign/dangling and fabricates no chronology
ok 13 - History preserves row-per-layer order and manual layers, excludes foreign/dangling and fabricates no chronology
  ---
  duration_ms: 20.234292
  type: 'test'
  ...
# Subtest: live name brand type recipe photo and child-test changes are visible without rewriting layers
ok 14 - live name brand type recipe photo and child-test changes are visible without rewriting layers
  ---
  duration_ms: 14.812144
  type: 'test'
  ...
# Subtest: protected media exact parent child ownership /api/ql/glazes/ga/photos/gp
ok 15 - protected media exact parent child ownership /api/ql/glazes/ga/photos/gp
  ---
  duration_ms: 19.847725
  type: 'test'
  ...
# Subtest: protected media exact parent child ownership /api/ql/glazes/ga/clay-tests/ct/photo
ok 16 - protected media exact parent child ownership /api/ql/glazes/ga/clay-tests/ct/photo
  ---
  duration_ms: 12.990028
  type: 'test'
  ...
# Subtest: CSV unchanged by Glaze edits and has no glaze columns
ok 17 - CSV unchanged by Glaze edits and has no glaze columns
  ---
  duration_ms: 5.26789
  type: 'test'
  ...
# Subtest: inconsistent historical ownership prevents deletion with 409 and no changes
ok 18 - inconsistent historical ownership prevents deletion with 409 and no changes
  ---
  duration_ms: 5.317489
  type: 'test'
  ...
# Subtest: Glaze deletion preserves row identity position metadata and existing text or copies deleted name
ok 19 - Glaze deletion preserves row identity position metadata and existing text or copies deleted name
  ---
  duration_ms: 7.697681
  type: 'test'
  ...
# Subtest: CSV stays byte-identical after Glaze detachment
ok 20 - CSV stays byte-identical after Glaze detachment
  ---
  duration_ms: 10.600092
  type: 'test'
  ...
# Subtest: Piece deletion removes its layers while preserving Glaze recipes photos and tests
ok 21 - Piece deletion removes its layers while preserving Glaze recipes photos and tests
  ---
  duration_ms: 13.327339
  type: 'test'
  ...
# Subtest: ordered mixed layers and repeated Glaze launchers retain metadata and positions
ok 22 - ordered mixed layers and repeated Glaze launchers retain metadata and positions
  ---
  duration_ms: 791.942516
  type: 'test'
  ...
# Subtest: fresh detail and Piece recheck reuse full renderer read-only including protected child photos
ok 23 - fresh detail and Piece recheck reuse full renderer read-only including protected child photos
  ---
  duration_ms: 434.710975
  type: 'test'
  ...
# Subtest: old layer launcher unavailable after remove
ok 24 - old layer launcher unavailable after remove
  ---
  duration_ms: 302.720763
  type: 'test'
  ...
# Subtest: old layer launcher unavailable after recreate
ok 25 - old layer launcher unavailable after recreate
  ---
  duration_ms: 282.13784
  type: 'test'
  ...
# Subtest: old layer launcher unavailable after reorder
ok 26 - old layer launcher unavailable after reorder
  ---
  duration_ms: 269.802462
  type: 'test'
  ...
# Subtest: old layer launcher unavailable after position
ok 27 - old layer launcher unavailable after position
  ---
  duration_ms: 264.464775
  type: 'test'
  ...
# Subtest: old layer launcher unavailable after reassign
ok 28 - old layer launcher unavailable after reassign
  ---
  duration_ms: 266.917786
  type: 'test'
  ...
# Subtest: old layer launcher unavailable after manual
ok 29 - old layer launcher unavailable after manual
  ---
  duration_ms: 257.438192
  type: 'test'
  ...
# Subtest: old layer launcher unavailable after piece-owner
ok 30 - old layer launcher unavailable after piece-owner
  ---
  duration_ms: 253.604741
  type: 'test'
  ...
# Subtest: no name inference or foreign preflight foreign
ok 31 - no name inference or foreign preflight foreign
  ---
  duration_ms: 362.664505
  type: 'test'
  ...
# Subtest: no name inference or foreign preflight missing
ok 32 - no name inference or foreign preflight missing
  ---
  duration_ms: 332.005038
  type: 'test'
  ...
# Subtest: no name inference or foreign preflight name-only
ok 33 - no name inference or foreign preflight name-only
  ---
  duration_ms: 334.434324
  type: 'test'
  ...
# Subtest: generic failure and Retry 401
ok 34 - generic failure and Retry 401
  ---
  duration_ms: 373.623011
  type: 'test'
  ...
# Subtest: generic failure and Retry 403
ok 35 - generic failure and Retry 403
  ---
  duration_ms: 340.779961
  type: 'test'
  ...
# Subtest: generic failure and Retry 404
ok 36 - generic failure and Retry 404
  ---
  duration_ms: 359.66408
  type: 'test'
  ...
# Subtest: generic failure and Retry 500
ok 37 - generic failure and Retry 500
  ---
  duration_ms: 419.472431
  type: 'test'
  ...
# Subtest: late response isolation close
ok 38 - late response isolation close
  ---
  duration_ms: 491.202299
  type: 'test'
  ...
# Subtest: late response isolation piece
ok 39 - late response isolation piece
  ---
  duration_ms: 434.704498
  type: 'test'
  ...
# Subtest: late response isolation account
ok 40 - late response isolation account
  ---
  duration_ms: 309.465453
  type: 'test'
  ...
# Subtest: late response isolation session
ok 41 - late response isolation session
  ---
  duration_ms: 273.198352
  type: 'test'
  ...
# Subtest: late response isolation newer
ok 42 - late response isolation newer
  ---
  duration_ms: 271.022697
  type: 'test'
  ...
# Subtest: close cleans both media scopes child lightbox and cache, returns focus to correct repeated launcher
ok 43 - close cleans both media scopes child lightbox and cache, returns focus to correct repeated launcher
  ---
  duration_ms: 319.387946
  type: 'test'
  ...
# Subtest: normal library restores controls and pending Piece response cannot replace it
ok 44 - normal library restores controls and pending Piece response cannot replace it
  ---
  duration_ms: 308.238651
  type: 'test'
  ...
# Subtest: Retry retains originating layer focus rather than the replaced Retry button
ok 45 - Retry retains originating layer focus rather than the replaced Retry button
  ---
  duration_ms: 329.784043
  type: 'test'
  ...
# Subtest: late child image download on close is revoked and cannot repopulate modal
ok 46 - late child image download on close is revoked and cannot repopulate modal
  ---
  duration_ms: 274.948698
  type: 'test'
  ...
1..46
# tests 46
# suites 0
# pass 46
# fail 0
# cancelled 0
# skipped 0
# todo 0
# duration_ms 9410.296152
TAP version 13
# Subtest: display contract both
ok 1 - display contract both
  ---
  duration_ms: 878.449087
  type: 'test'
  ...
# Subtest: display contract saved
ok 2 - display contract saved
  ---
  duration_ms: 18.28084
  type: 'test'
  ...
# Subtest: display contract manual
ok 3 - display contract manual
  ---
  duration_ms: 5.930765
  type: 'test'
  ...
# Subtest: display contract empty
ok 4 - display contract empty
  ---
  duration_ms: 5.86471
  type: 'test'
  ...
# Subtest: display contract foreign
ok 5 - display contract foreign
  ---
  duration_ms: 5.605924
  type: 'test'
  ...
# Subtest: display contract foreign-empty
ok 6 - display contract foreign-empty
  ---
  duration_ms: 5.010626
  type: 'test'
  ...
# Subtest: dangling Clay is safe null
ok 7 - dangling Clay is safe null
  ---
  duration_ms: 7.000133
  type: 'test'
  ...
# Subtest: dangling Clay is safe Retained
ok 8 - dangling Clay is safe Retained
  ---
  duration_ms: 6.666198
  type: 'test'
  ...
# Subtest: shared Clay supports many Pieces
ok 9 - shared Clay supports many Pieces
  ---
  duration_ms: 0.63875
  type: 'test'
  ...
# Subtest: Clay and Piece each independently require ownership
ok 10 - Clay and Piece each independently require ownership
  ---
  duration_ms: 20.875742
  type: 'test'
  ...
# Subtest: rename changes fresh display but not stored text
ok 11 - rename changes fresh display but not stored text
  ---
  duration_ms: 33.449286
  type: 'test'
  ...
# Subtest: CSV uses resolved current name and raw Studio
ok 12 - CSV uses resolved current name and raw Studio
  ---
  duration_ms: 5.595666
  type: 'test'
  ...
# Subtest: Piece deletion preserves saved Clay
ok 13 - Piece deletion preserves saved Clay
  ---
  duration_ms: 4.59641
  type: 'test'
  ...
# Subtest: Clay deletion detaches all owned Pieces without copying name
ok 14 - Clay deletion detaches all owned Pieces without copying name
  ---
  duration_ms: 13.883506
  type: 'test'
  ...
# Subtest: CSV after deletion retains raw Studio and empties library name
ok 15 - CSV after deletion retains raw Studio and empties library name
  ---
  duration_ms: 3.83452
  type: 'test'
  ...
# Subtest: POST explicit saved selection preserves supplied Studio and coexisting saved ID
ok 16 - POST explicit saved selection preserves supplied Studio and coexisting saved ID
  ---
  duration_ms: 23.243864
  type: 'test'
  ...
# Subtest: PUT explicit saved intent keeps separate Studio value
ok 17 - PUT explicit saved intent keeps separate Studio value
  ---
  duration_ms: 11.324139
  type: 'test'
  ...
# Subtest: POST rejects foreign selected Clay
ok 18 - POST rejects foreign selected Clay
  ---
  duration_ms: 4.356482
  type: 'test'
  ...
# Subtest: PUT rejects foreign selected Clay
ok 19 - PUT rejects foreign selected Clay
  ---
  duration_ms: 4.195635
  type: 'test'
  ...
# Subtest: History uses live Clay values and creation date without fake link date or manual relationships
ok 20 - History uses live Clay values and creation date without fake link date or manual relationships
  ---
  duration_ms: 2.666556
  type: 'test'
  ...
# Subtest: PUT omitted Clay ID preserves it while independently editing Studio
ok 21 - PUT omitted Clay ID preserves it while independently editing Studio
  ---
  duration_ms: 4.811413
  type: 'test'
  ...
# Subtest: fresh owned reference enables compact View and read-only viewer with protected photos
ok 22 - fresh owned reference enables compact View and read-only viewer with protected photos
  ---
  duration_ms: 802.732351
  type: 'test'
  ...
# Subtest: no View for text or unresolved reference {"id":"p","user_id":"a","studio":"Manual"}
ok 23 - no View for text or unresolved reference {"id":"p","user_id":"a","studio":"Manual"}
  ---
  duration_ms: 354.080776
  type: 'test'
  ...
# Subtest: no View for text or unresolved reference {"id":"p","user_id":"a","clay_body_name":"Same name"}
ok 24 - no View for text or unresolved reference {"id":"p","user_id":"a","clay_body_name":"Same name"}
  ---
  duration_ms: 298.310781
  type: 'test'
  ...
# Subtest: no View for text or unresolved reference {"id":"p","user_id":"a","clay_body_id":"foreign","studio":"Own fallback"}
ok 25 - no View for text or unresolved reference {"id":"p","user_id":"a","clay_body_id":"foreign","studio":"Own fallback"}
  ---
  duration_ms: 266.234846
  type: 'test'
  ...
# Subtest: no View for text or unresolved reference {"id":"p","user_id":"a","clay_body_id":"missing"}
ok 26 - no View for text or unresolved reference {"id":"p","user_id":"a","clay_body_id":"missing"}
  ---
  duration_ms: 254.258013
  type: 'test'
  ...
# Subtest: foreign preflight response never enables View
ok 27 - foreign preflight response never enables View
  ---
  duration_ms: 258.425152
  type: 'test'
  ...
# Subtest: failure status 403 clears stale details and Retry authorizes again
ok 28 - failure status 403 clears stale details and Retry authorizes again
  ---
  duration_ms: 252.247639
  type: 'test'
  ...
# Subtest: failure status 404 clears stale details and Retry authorizes again
ok 29 - failure status 404 clears stale details and Retry authorizes again
  ---
  duration_ms: 256.332335
  type: 'test'
  ...
# Subtest: failure status 500 clears stale details and Retry authorizes again
ok 30 - failure status 500 clears stale details and Retry authorizes again
  ---
  duration_ms: 255.137111
  type: 'test'
  ...
# Subtest: pending Clay rejects close
ok 31 - pending Clay rejects close
  ---
  duration_ms: 235.142467
  type: 'test'
  ...
# Subtest: pending Clay rejects piece
ok 32 - pending Clay rejects piece
  ---
  duration_ms: 236.587081
  type: 'test'
  ...
# Subtest: pending Clay rejects session
ok 33 - pending Clay rejects session
  ---
  duration_ms: 246.732058
  type: 'test'
  ...
# Subtest: pending Clay rejects association
ok 34 - pending Clay rejects association
  ---
  duration_ms: 224.743782
  type: 'test'
  ...
# Subtest: close restores launch focus and revokes viewer blob
ok 35 - close restores launch focus and revokes viewer blob
  ---
  duration_ms: 289.411535
  type: 'test'
  ...
# Subtest: normal library controls restored after read-only viewer
ok 36 - normal library controls restored after read-only viewer
  ---
  duration_ms: 244.02104
  type: 'test'
  ...
1..36
# tests 36
# suites 0
# pass 36
# fail 0
# cancelled 0
# skipped 0
# todo 0
# duration_ms 5178.125681
TAP version 13
# Subtest: Piece Firing Delete is effectively invisible and inert; intentional Edit remains actionable
ok 1 - Piece Firing Delete is effectively invisible and inert; intentional Edit remains actionable
  ---
  duration_ms: 653.50565
  type: 'test'
  ...
# Subtest: normal standalone Firing Delete remains actionable
ok 2 - normal standalone Firing Delete remains actionable
  ---
  duration_ms: 379.244613
  type: 'test'
  ...
# Subtest: read-only Test Tile controls absent including loading and normal editor restored
ok 3 - read-only Test Tile controls absent including loading and normal editor restored
  ---
  duration_ms: 280.465094
  type: 'test'
  ...
# [saveFiring] Photos to upload: 0 savedId: f
# Subtest: Firing Edit Save refreshes origin, legacy and History; association true
ok 4 - Firing Edit Save refreshes origin, legacy and History; association true
  ---
  duration_ms: 276.486878
  type: 'test'
  ...
# [saveFiring] Photos to upload: 0 savedId: f
# Subtest: Firing Edit Save refreshes origin, legacy and History; association false
ok 5 - Firing Edit Save refreshes origin, legacy and History; association false
  ---
  duration_ms: 289.036973
  type: 'test'
  ...
# Subtest: Firing close restores launching control focus
ok 6 - Firing close restores launching control focus
  ---
  duration_ms: 225.174689
  type: 'test'
  ...
# Subtest: TestTile close restores launching control focus
ok 7 - TestTile close restores launching control focus
  ---
  duration_ms: 238.051616
  type: 'test'
  ...
# Subtest: Sale close restores launching control focus
ok 8 - Sale close restores launching control focus
  ---
  duration_ms: 279.103497
  type: 'test'
  ...
# Subtest: removed launch control and changed session do not receive focus
ok 9 - removed launch control and changed session do not receive focus
  ---
  duration_ms: 242.32319
  type: 'test'
  ...
# Subtest: inline Pricing Back restores focus after fresh linked list
ok 10 - inline Pricing Back restores focus after fresh linked list
  ---
  duration_ms: 276.131734
  type: 'test'
  ...
# Subtest: Test Tile picker has correct accessible label and neighbors remain correct
ok 11 - Test Tile picker has correct accessible label and neighbors remain correct
  ---
  duration_ms: 224.341246
  type: 'test'
  ...
# Subtest: History replacement revokes only outgoing History blobs, not active tile viewer
ok 12 - History replacement revokes only outgoing History blobs, not active tile viewer
  ---
  duration_ms: 236.045132
  type: 'test'
  ...
# Subtest: Firing closed pending detail never reopens or restores handlers
ok 13 - Firing closed pending detail never reopens or restores handlers
  ---
  duration_ms: 248.047755
  type: 'test'
  ...
# Subtest: TestTile closed pending detail never reopens or restores handlers
ok 14 - TestTile closed pending detail never reopens or restores handlers
  ---
  duration_ms: 228.502735
  type: 'test'
  ...
# Subtest: closing Firing while intentional Edit is fetching cannot reopen editor
ok 15 - closing Firing while intentional Edit is fetching cannot reopen editor
  ---
  duration_ms: 243.927851
  type: 'test'
  ...
# Subtest: failed Firing save retains editor and does not refresh origin from uncommitted form
ok 16 - failed Firing save retains editor and does not refresh origin from uncommitted form
  ---
  duration_ms: 285.557029
  type: 'test'
  ...
# [saveFiring] Photos to upload: 0 savedId: f
# Subtest: legacy summary still refreshes when QL availability is false after Firing edit
ok 17 - legacy summary still refreshes when QL availability is false after Firing edit
  ---
  duration_ms: 300.697007
  type: 'test'
  ...
1..17
# tests 17
# suites 0
# pass 17
# fail 0
# cancelled 0
# skipped 0
# todo 0
# duration_ms 5380.194488
TAP version 13
# Subtest: create Sale with Piece writes unit price and date but preserves quantity and Contact
ok 1 - create Sale with Piece writes unit price and date but preserves quantity and Contact
  ---
  duration_ms: 1589.130643
  type: 'test'
  ...
# Subtest: same Piece resave and omitted fields retain old-client transaction compatibility
ok 2 - same Piece resave and omitted fields retain old-client transaction compatibility
  ---
  duration_ms: 34.038612
  type: 'test'
  ...
# Subtest: multiple Sales retain last-save-wins Piece fields without uniqueness
ok 3 - multiple Sales retain last-save-wins Piece fields without uniqueness
  ---
  duration_ms: 18.751044
  type: 'test'
  ...
# Subtest: reassign retains old sold state while another Sale references old Piece
ok 4 - reassign retains old sold state while another Sale references old Piece
  ---
  duration_ms: 13.861007
  type: 'test'
  ...
# Subtest: clearing last association resets currently sold Piece and retains Contact buyer amounts
ok 5 - clearing last association resets currently sold Piece and retains Contact buyer amounts
  ---
  duration_ms: 11.907114
  type: 'test'
  ...
# Subtest: reassignment of last Sale resets old sold Piece and marks new one sold
ok 6 - reassignment of last Sale resets old sold Piece and marks new one sold
  ---
  duration_ms: 8.002808
  type: 'test'
  ...
# Subtest: delete one of multiple Sales preserves Piece sold fields; delete last resets
ok 7 - delete one of multiple Sales preserves Piece sold fields; delete last resets
  ---
  duration_ms: 29.972201
  type: 'test'
  ...
# Subtest: last Sale deletion does not reset a Piece independently moved away from sold
ok 8 - last Sale deletion does not reset a Piece independently moved away from sold
  ---
  duration_ms: 11.248274
  type: 'test'
  ...
# Subtest: Quick Sale starts without Piece Contact or image; later editor assignment appears in current reads
ok 9 - Quick Sale starts without Piece Contact or image; later editor assignment appears in current reads
  ---
  duration_ms: 28.531531
  type: 'test'
  ...
# Subtest: JSON and multipart preserve omitted fields and normalized amounts
ok 10 - JSON and multipart preserve omitted fields and normalized amounts
  ---
  duration_ms: 17.742904
  type: 'test'
  ...
# Subtest: atomic rollback preserves both old/new Piece states Sale Contact and files
ok 11 - atomic rollback preserves both old/new Piece states Sale Contact and files
  ---
  duration_ms: 24.910205
  type: 'test'
  ...
# Subtest: ordinary Piece deletion detaches Sale and preserves accounting Contact and shared Sale image
ok 12 - ordinary Piece deletion detaches Sale and preserves accounting Contact and shared Sale image
  ---
  duration_ms: 34.962393
  type: 'test'
  ...
# Subtest: casualty Piece deletion detaches Sale and preserves accounting Contact and shared Sale image
ok 13 - casualty Piece deletion detaches Sale and preserves accounting Contact and shared Sale image
  ---
  duration_ms: 21.894754
  type: 'test'
  ...
# Subtest: Contact deletion clears Contact only and preserves buyer text Piece and Sale
ok 14 - Contact deletion clears Contact only and preserves buyer text Piece and Sale
  ---
  duration_ms: 13.354803
  type: 'test'
  ...
# Subtest: fresh Piece Sales reads do not change database revenue summaries or CSV
ok 15 - fresh Piece Sales reads do not change database revenue summaries or CSV
  ---
  duration_ms: 57.185437
  type: 'test'
  ...
# Subtest: item description and Piece title fallback survive and Contact history follows contact_id
ok 16 - item description and Piece title fallback survive and Contact history follows contact_id
  ---
  duration_ms: 17.425779
  type: 'test'
  ...
# Subtest: History current membership follows reassignment clear delete and same-owner filtering
ok 17 - History current membership follows reassignment clear delete and same-owner filtering
  ---
  duration_ms: 78.583328
  type: 'test'
  ...
# Subtest: authenticated lists never authorize foreign Sale through Piece ownership
ok 18 - authenticated lists never authorize foreign Sale through Piece ownership
  ---
  duration_ms: 22.716796
  type: 'test'
  ...
# Subtest: account cleanup remains transactional and reference-safe for Sale media
ok 19 - account cleanup remains transactional and reference-safe for Sale media
  ---
  duration_ms: 30.404079
  type: 'test'
  ...
# Subtest: existing History groups metadata chronology dates fallback and fresh View action
ok 20 - existing History groups metadata chronology dates fallback and fresh View action
  ---
  duration_ms: 1168.901425
  type: 'test'
  ...
# Subtest: loading immediately clears previous Sale and disables mutation
ok 21 - loading immediately clears previous Sale and disables mutation
  ---
  duration_ms: 364.627674
  type: 'test'
  ...
# Subtest: deleted clears content and offers Retry
ok 22 - deleted clears content and offers Retry
  ---
  duration_ms: 287.846141
  type: 'test'
  ...
# Subtest: reassigned clears content and offers Retry
ok 23 - reassigned clears content and offers Retry
  ---
  duration_ms: 249.72077
  type: 'test'
  ...
# Subtest: cleared clears content and offers Retry
ok 24 - cleared clears content and offers Retry
  ---
  duration_ms: 244.493145
  type: 'test'
  ...
# Subtest: foreign clears content and offers Retry
ok 25 - foreign clears content and offers Retry
  ---
  duration_ms: 254.670654
  type: 'test'
  ...
# Subtest: missing owner clears content and offers Retry
ok 26 - missing owner clears content and offers Retry
  ---
  duration_ms: 245.053809
  type: 'test'
  ...
# Subtest: error is generic and Retry fresh-fetches
ok 27 - error is generic and Retry fresh-fetches
  ---
  duration_ms: 220.564086
  type: 'test'
  ...
# Subtest: Piece mode has no mutation inputs and normal Sales mode retains Edit
ok 28 - Piece mode has no mutation inputs and normal Sales mode retains Edit
  ---
  duration_ms: 250.04055
  type: 'test'
  ...
# Subtest: late detail rejected after close
ok 29 - late detail rejected after close
  ---
  duration_ms: 259.731047
  type: 'test'
  ...
# Subtest: late detail rejected after piece
ok 30 - late detail rejected after piece
  ---
  duration_ms: 261.86203
  type: 'test'
  ...
# Subtest: late detail rejected after account
ok 31 - late detail rejected after account
  ---
  duration_ms: 288.661305
  type: 'test'
  ...
# Subtest: late detail rejected after logout
ok 32 - late detail rejected after logout
  ---
  duration_ms: 351.404791
  type: 'test'
  ...
# Subtest: late detail rejected after navigation
ok 33 - late detail rejected after navigation
  ---
  duration_ms: 353.601087
  type: 'test'
  ...
# Subtest: opening another Sale rejects prior detail
ok 34 - opening another Sale rejects prior detail
  ---
  duration_ms: 221.147446
  type: 'test'
  ...
# Subtest: Piece-origin photo uses Sale protected route and closes revoke blobs
ok 35 - Piece-origin photo uses Sale protected route and closes revoke blobs
  ---
  duration_ms: 225.752672
  type: 'test'
  ...
# Subtest: photo failure remains local to Sale image
ok 36 - photo failure remains local to Sale image
  ---
  duration_ms: 308.432816
  type: 'test'
  ...
# Subtest: late protected photo cannot populate closed Piece-origin viewer
ok 37 - late protected photo cannot populate closed Piece-origin viewer
  ---
  duration_ms: 339.227111
  type: 'test'
  ...
# Subtest: stale History button cannot open Sale for another Piece
ok 38 - stale History button cannot open Sale for another Piece
  ---
  duration_ms: 179.0079
  type: 'test'
  ...
1..38
# tests 38
# suites 0
# pass 38
# fail 0
# cancelled 0
# skipped 0
# todo 0
# duration_ms 7128.115885
PASS Phase 3C API: current DB qualifying starter overrides free token with no billing
PASS Phase 3C API: current DB qualifying basic overrides free token with no billing
PASS Phase 3C API: current DB qualifying mid overrides free token with no billing
PASS Phase 3C API: current DB qualifying top overrides free token with no billing
PASS Phase 3C API: explicit multiple Link and idempotent status
PASS Phase 3C API: one tile across Pieces
PASS Phase 3C API: locked "free" fails closed despite entitled token
PASS Phase 3C API: locked "unknown" fails closed despite entitled token
PASS Phase 3C API: locked "" fails closed despite entitled token
PASS Phase 3C API: locked bulk deletion cannot remove hidden Test Tile associations
PASS Phase 3C API: locked generic photo replacement cannot edit Test Tile media
PASS Phase 3C API: locked History excludes tiles before timeline without tile placeholders
PASS Phase 3C API: re-upgrade restores surviving associations details and protected media
PASS Phase 3C API: canonical serialization and same-owner library enrichment
PASS Phase 3C API: foreign library enrichment never leaks name
PASS Phase 3C API: Piece 404 precedes entitlement missing free
PASS Phase 3C API: Piece 404 precedes entitlement missing starter
PASS Phase 3C API: Piece 404 precedes entitlement b-p free
PASS Phase 3C API: Piece 404 precedes entitlement b-p starter
PASS Phase 3C API: invalid session first GET
PASS Phase 3C API: invalid session first POST
PASS Phase 3C API: invalid session first DELETE
PASS Phase 3C API: missing foreign target missing
PASS Phase 3C API: missing foreign target b-t
PASS Phase 3C API: Unlink only association and repeat false
PASS Phase 3C API: Piece deletion preserves shared tile and unrelated associations
PASS Phase 3C API: Tile deletion preserves Piece other links and repeats 404
PASS Phase 3C API: entitled zero is available empty
PASS Phase 3C API: missing DB account fails closed standalone despite signed entitled token
PASS Phase 3C API: missing database tier column fails closed
PASS Phase 3C API: established all-table availability takes precedence free
PASS Phase 3C API: established all-table availability takes precedence starter
PASS 32 Phase 3C API checks
TAP version 13
# Subtest: entitled empty and picker excludes current links
ok 1 - entitled empty and picker excludes current links
  ---
  duration_ms: 544.249695
  type: 'test'
  ...
# Subtest: Link reloads server truth and History
ok 2 - Link reloads server truth and History
  ---
  duration_ms: 420.577783
  type: 'test'
  ...
# Subtest: Unlink reloads History and preserves other links
ok 3 - Unlink reloads History and preserves other links
  ---
  duration_ms: 266.395923
  type: 'test'
  ...
# Subtest: unavailable differs from empty and Retry
ok 4 - unavailable differs from empty and Retry
  ---
  duration_ms: 443.08615
  type: 'test'
  ...
# Subtest: error clears picker and retry restores
ok 5 - error clears picker and retry restores
  ---
  duration_ms: 315.29273
  type: 'test'
  ...
# Subtest: GET 403 clears all relationship payload
ok 6 - GET 403 clears all relationship payload
  ---
  duration_ms: 255.488804
  type: 'test'
  ...
# Subtest: POST 403 clears all relationship payload
ok 7 - POST 403 clears all relationship payload
  ---
  duration_ms: 295.101321
  type: 'test'
  ...
# Subtest: DELETE 403 clears all relationship payload
ok 8 - DELETE 403 clears all relationship payload
  ---
  duration_ms: 259.776675
  type: 'test'
  ...
# Subtest: View fetches fresh ID with read-only renderer names and three-slot metadata
ok 9 - View fetches fresh ID with read-only renderer names and three-slot metadata
  ---
  duration_ms: 262.517397
  type: 'test'
  ...
# Subtest: viewer 403 clears prior content
ok 10 - viewer 403 clears prior content
  ---
  duration_ms: 300.169847
  type: 'test'
  ...
# Subtest: viewer 404 clears prior content
ok 11 - viewer 404 clears prior content
  ---
  duration_ms: 250.238624
  type: 'test'
  ...
# Subtest: viewer 500 clears prior content
ok 12 - viewer 500 clears prior content
  ---
  duration_ms: 254.789499
  type: 'test'
  ...
# Subtest: viewer close aborts detail and clears content blobs and lightbox
ok 13 - viewer close aborts detail and clears content blobs and lightbox
  ---
  duration_ms: 250.038029
  type: 'test'
  ...
# Subtest: viewer ignores stale close response
ok 14 - viewer ignores stale close response
  ---
  duration_ms: 220.549272
  type: 'test'
  ...
# Subtest: viewer ignores stale account response
ok 15 - viewer ignores stale account response
  ---
  duration_ms: 220.237923
  type: 'test'
  ...
# Subtest: viewer ignores stale new response
ok 16 - viewer ignores stale new response
  ---
  duration_ms: 267.706865
  type: 'test'
  ...
# Subtest: manual names precede library fallback
ok 17 - manual names precede library fallback
  ---
  duration_ms: 239.508374
  type: 'test'
  ...
# Subtest: normal viewer retains deliberate edit action
ok 18 - normal viewer retains deliberate edit action
  ---
  duration_ms: 213.22532
  type: 'test'
  ...
# Subtest: media 403 clears viewer and linked state
ok 19 - media 403 clears viewer and linked state
  ---
  duration_ms: 242.325918
  type: 'test'
  ...
# Subtest: photo failure preserves details
ok 20 - photo failure preserves details
  ---
  duration_ms: 242.844181
  type: 'test'
  ...
1..20
# tests 20
# suites 0
# pass 20
# fail 0
# cancelled 0
# skipped 0
# todo 0
# duration_ms 6305.219895
PASS Phase 3A API: empty array retains available signal
PASS Phase 3A API: link creates only association
PASS Phase 3A API: one linked record
PASS Phase 3A API: repeat link idempotent
PASS Phase 3A API: multiple calculations and eligible saved records
PASS Phase 3A API: canonical detail serialization and protected photo metadata
PASS Phase 3A API: edits update referenced record
PASS Phase 3A API: Piece unavailable missing
PASS Phase 3A API: Piece unavailable b-p
PASS Phase 3A API: Pricing unavailable missing
PASS Phase 3A API: Pricing unavailable b-pr
PASS Phase 3A API: cross-account and supplied owner ignored
PASS Phase 3A API: unlink preserves endpoints and other pair
PASS Phase 3A API: repeat unlink harmless
PASS Phase 3A API: Pricing deletion preserves Piece and unrelated associations
PASS Phase 3A API: deleted target cannot be linked
PASS Phase 3A API: Piece deletion preserves Pricing and unrelated associations
PASS Phase 3A API: stale targets filtered without repair
PASS Phase 3A API: legacy database list clearly unavailable and mutations fail safely
PASS Phase 3A API: legacy still rejects foreign Piece
PASS 20 Phase 3A relationship service/API checks
PASS Phase 3B API: legacy-only remains readable with available signal
PASS Phase 3B API: QL-only explicit Link uses authenticated owner
PASS Phase 3B API: multiple Firings and matching union deduplicate in History
PASS Phase 3B API: repeated Link idempotent
PASS Phase 3B API: one Firing multiple Pieces does not overwrite legacy selection
PASS Phase 3B API: canonical relationship representation equals authorized Firing detail
PASS Phase 3B API: protected Firing media retains authorization
PASS Phase 3B API: foreign/missing Piece missing
PASS Phase 3B API: foreign/missing Piece b-p
PASS Phase 3B API: foreign/missing Firing missing
PASS Phase 3B API: foreign/missing Firing b-f
PASS Phase 3B API: cross-account link rejection
PASS Phase 3B API: Unlink clears selected legacy and QL pair preserving other Pieces/photos
PASS Phase 3B API: repeated Unlink harmless
PASS Phase 3B API: legacy-only Unlink clears matching field
PASS Phase 3B API: legacy selector reassignment synchronizes affected pairs only
PASS Phase 3B API: Piece deletion preserves Firing/photos and other associations
PASS Phase 3B API: Firing deletion preserves Pieces and unrelated associations
PASS Phase 3B API: deleted targets cannot be linked
PASS Phase 3B API: unavailable tables preserve legacy list and signal false without repair
PASS Phase 3B API: unavailable infrastructure leaves old Firing selector working
PASS 21 Phase 3B relationship service/API checks
TAP version 13
# Subtest: Linked Firings renders empty state and explicitly disabled Link
ok 1 - Linked Firings renders empty state and explicitly disabled Link
  ---
  duration_ms: 613.035898
  type: 'test'
  ...
# Subtest: multiple links use canonical saved detail labels
ok 2 - multiple links use canonical saved detail labels
  ---
  duration_ms: 321.022565
  type: 'test'
  ...
# Subtest: picker excludes already linked items
ok 3 - picker excludes already linked items
  ---
  duration_ms: 235.744655
  type: 'test'
  ...
# Subtest: Link reloads server list and Connected History
ok 4 - Link reloads server list and Connected History
  ---
  duration_ms: 279.178657
  type: 'test'
  ...
# Subtest: Unlink reloads server list and Connected History
ok 5 - Unlink reloads server list and Connected History
  ---
  duration_ms: 315.877579
  type: 'test'
  ...
# Subtest: View reuses existing Firing modal and protected photos read-only
ok 6 - View reuses existing Firing modal and protected photos read-only
  ---
  duration_ms: 263.116537
  type: 'test'
  ...
# Subtest: closing viewer releases protected photo URL
ok 7 - closing viewer releases protected photo URL
  ---
  duration_ms: 254.486677
  type: 'test'
  ...
# Subtest: legacy database unavailable differs from empty and has retry
ok 8 - legacy database unavailable differs from empty and has retry
  ---
  duration_ms: 286.690799
  type: 'test'
  ...
# Subtest: error is generic and Retry recovers
ok 9 - error is generic and Retry recovers
  ---
  duration_ms: 344.387816
  type: 'test'
  ...
# Subtest: rapid repeated Link sends a single mutation
ok 10 - rapid repeated Link sends a single mutation
  ---
  duration_ms: 246.660156
  type: 'test'
  ...
# Subtest: stale POST cannot change another Piece
ok 11 - stale POST cannot change another Piece
  ---
  duration_ms: 306.800805
  type: 'test'
  ...
# Subtest: stale DELETE cannot change another Piece
ok 12 - stale DELETE cannot change another Piece
  ---
  duration_ms: 285.662925
  type: 'test'
  ...
# Subtest: stale list rejected after account replacement
ok 13 - stale list rejected after account replacement
  ---
  duration_ms: 273.14401
  type: 'test'
  ...
# Subtest: logout removes linked data and read-only photo
ok 14 - logout removes linked data and read-only photo
  ---
  duration_ms: 254.971566
  type: 'test'
  ...
# Subtest: stored labels are text and cannot inject markup
ok 15 - stored labels are text and cannot inject markup
  ---
  duration_ms: 265.679155
  type: 'test'
  ...
# Subtest: failed mutation requires server retry and never fabricates association
ok 16 - failed mutation requires server retry and never fabricates association
  ---
  duration_ms: 286.151632
  type: 'test'
  ...
# Subtest: account replacement rejects stale POST
ok 17 - account replacement rejects stale POST
  ---
  duration_ms: 312.56361
  type: 'test'
  ...
# Subtest: account replacement rejects stale DELETE
ok 18 - account replacement rejects stale DELETE
  ---
  duration_ms: 312.718627
  type: 'test'
  ...
# Subtest: legacy-only server union renders once
ok 19 - legacy-only server union renders once
  ---
  duration_ms: 286.896707
  type: 'test'
  ...
# Subtest: QL-only server union renders once
ok 20 - QL-only server union renders once
  ---
  duration_ms: 249.634542
  type: 'test'
  ...
# Subtest: dual server union renders once
ok 21 - dual server union renders once
  ---
  duration_ms: 273.958004
  type: 'test'
  ...
# Subtest: stale viewer does not reopen after Piece navigation
ok 22 - stale viewer does not reopen after Piece navigation
  ---
  duration_ms: 295.884252
  type: 'test'
  ...
# Subtest: Firing viewer errors have Retry and recover
ok 23 - Firing viewer errors have Retry and recover
  ---
  duration_ms: 345.383084
  type: 'test'
  ...
# Subtest: rapid repeated Unlink sends once
ok 24 - rapid repeated Unlink sends once
  ---
  duration_ms: 332.09717
  type: 'test'
  ...
1..24
# tests 24
# suites 0
# pass 24
# fail 0
# cancelled 0
# skipped 0
# todo 0
# duration_ms 7758.649844
TAP version 13
# Subtest: Linked Pricing renders empty state and explicitly disabled Link
ok 1 - Linked Pricing renders empty state and explicitly disabled Link
  ---
  duration_ms: 635.231471
  type: 'test'
  ...
# Subtest: multiple links use canonical saved detail labels
ok 2 - multiple links use canonical saved detail labels
  ---
  duration_ms: 405.64346
  type: 'test'
  ...
# Subtest: picker excludes already linked items
ok 3 - picker excludes already linked items
  ---
  duration_ms: 283.673108
  type: 'test'
  ...
# Subtest: Link reloads server list and Connected History
ok 4 - Link reloads server list and Connected History
  ---
  duration_ms: 301.404777
  type: 'test'
  ...
# Subtest: Unlink reloads server list and Connected History
ok 5 - Unlink reloads server list and Connected History
  ---
  duration_ms: 373.264222
  type: 'test'
  ...
# Subtest: View reuses Price Breakdown and protected Pricing photo delivery read-only
ok 6 - View reuses Price Breakdown and protected Pricing photo delivery read-only
  ---
  duration_ms: 313.435814
  type: 'test'
  ...
# Subtest: viewer back refreshes list and releases photo URL
ok 7 - viewer back refreshes list and releases photo URL
  ---
  duration_ms: 294.002746
  type: 'test'
  ...
# Subtest: legacy database unavailable differs from empty and has retry
ok 8 - legacy database unavailable differs from empty and has retry
  ---
  duration_ms: 320.526948
  type: 'test'
  ...
# Subtest: error is generic and Retry recovers
ok 9 - error is generic and Retry recovers
  ---
  duration_ms: 333.502283
  type: 'test'
  ...
# Subtest: rapid repeated Link sends a single mutation
ok 10 - rapid repeated Link sends a single mutation
  ---
  duration_ms: 270.741847
  type: 'test'
  ...
# Subtest: stale POST cannot change another Piece
ok 11 - stale POST cannot change another Piece
  ---
  duration_ms: 349.752743
  type: 'test'
  ...
# Subtest: stale DELETE cannot change another Piece
ok 12 - stale DELETE cannot change another Piece
  ---
  duration_ms: 325.91548
  type: 'test'
  ...
# Subtest: stale list rejected after account replacement
ok 13 - stale list rejected after account replacement
  ---
  duration_ms: 293.457164
  type: 'test'
  ...
# Subtest: logout removes linked data and read-only photo
ok 14 - logout removes linked data and read-only photo
  ---
  duration_ms: 329.681947
  type: 'test'
  ...
# Subtest: stored labels are text and cannot inject markup
ok 15 - stored labels are text and cannot inject markup
  ---
  duration_ms: 288.435237
  type: 'test'
  ...
# Subtest: failed mutation requires server retry and never fabricates association
ok 16 - failed mutation requires server retry and never fabricates association
  ---
  duration_ms: 246.589318
  type: 'test'
  ...
# Subtest: account replacement rejects stale POST
ok 17 - account replacement rejects stale POST
  ---
  duration_ms: 277.87043
  type: 'test'
  ...
# Subtest: account replacement rejects stale DELETE
ok 18 - account replacement rejects stale DELETE
  ---
  duration_ms: 272.364275
  type: 'test'
  ...
1..18
# tests 18
# suites 0
# pass 18
# fail 0
# cancelled 0
# skipped 0
# todo 0
# duration_ms 6572.283989
TAP version 13
# Subtest: current schema: additive migration preserves all 61 tables and values; repeat is inert
ok 1 - current schema: additive migration preserves all 61 tables and values; repeat is inert
  ---
  duration_ms: 29.568091
  type: 'test'
  ...
# Subtest: historical schema: additive migration preserves all 61 tables and values; repeat is inert
ok 2 - historical schema: additive migration preserves all 61 tables and values; repeat is inert
  ---
  duration_ms: 26.551839
  type: 'test'
  ...
# Subtest: reader works before migration and preserves nullable/name-only records
ok 3 - reader works before migration and preserves nullable/name-only records
  ---
  duration_ms: 5.829774
  type: 'test'
  ...
# Subtest: firing: stable/idempotent many-to-many links, owner-scoped unlink and only the selected legacy pair detached
ok 4 - firing: stable/idempotent many-to-many links, owner-scoped unlink and only the selected legacy pair detached
  ---
  duration_ms: 22.834881
  type: 'test'
  ...
# Subtest: firing: cross-account/missing endpoints rejected through helper AND SQL insert/update
ok 5 - firing: cross-account/missing endpoints rejected through helper AND SQL insert/update
  ---
  duration_ms: 8.604064
  type: 'test'
  ...
# Subtest: firing: deleting an endpoint cleans junctions without deleting other endpoints
ok 6 - firing: deleting an endpoint cleans junctions without deleting other endpoints
  ---
  duration_ms: 6.591535
  type: 'test'
  ...
# Subtest: testTile: stable/idempotent many-to-many links, owner-scoped unlink and only the selected legacy pair detached
ok 7 - testTile: stable/idempotent many-to-many links, owner-scoped unlink and only the selected legacy pair detached
  ---
  duration_ms: 13.002276
  type: 'test'
  ...
# Subtest: testTile: cross-account/missing endpoints rejected through helper AND SQL insert/update
ok 8 - testTile: cross-account/missing endpoints rejected through helper AND SQL insert/update
  ---
  duration_ms: 5.993352
  type: 'test'
  ...
# Subtest: testTile: deleting an endpoint cleans junctions without deleting other endpoints
ok 9 - testTile: deleting an endpoint cleans junctions without deleting other endpoints
  ---
  duration_ms: 6.918761
  type: 'test'
  ...
# Subtest: pricing: stable/idempotent many-to-many links, owner-scoped unlink and only the selected legacy pair detached
ok 10 - pricing: stable/idempotent many-to-many links, owner-scoped unlink and only the selected legacy pair detached
  ---
  duration_ms: 11.182107
  type: 'test'
  ...
# Subtest: pricing: cross-account/missing endpoints rejected through helper AND SQL insert/update
ok 11 - pricing: cross-account/missing endpoints rejected through helper AND SQL insert/update
  ---
  duration_ms: 6.233631
  type: 'test'
  ...
# Subtest: pricing: deleting an endpoint cleans junctions without deleting other endpoints
ok 12 - pricing: deleting an endpoint cleans junctions without deleting other endpoints
  ---
  duration_ms: 8.22196
  type: 'test'
  ...
# Subtest: legacy direct edits read through; explicit unlink removes both forms of its pair
ok 13 - legacy direct edits read through; explicit unlink removes both forms of its pair
  ---
  duration_ms: 10.913796
  type: 'test'
  ...
# Subtest: reader fails closed on foreign account and filters legacy cross-owner joins without repairing rows
ok 14 - reader fails closed on foreign account and filters legacy cross-owner joins without repairing rows
  ---
  duration_ms: 11.456839
  type: 'test'
  ...
# Subtest: failure midway through DDL rolls back all new objects and ledger
ok 15 - failure midway through DDL rolls back all new objects and ledger
  ---
  duration_ms: 7.882592
  type: 'test'
  ...
# Subtest: missing prerequisite or disabled FK enforcement fails before mutation; schema drift is rejected
ok 16 - missing prerequisite or disabled FK enforcement fails before mutation; schema drift is rejected
  ---
  duration_ms: 7.763686
  type: 'test'
  ...
# Subtest: migration/links survive reopen and SQLite backup/restore; photo references and bytes unchanged
ok 17 - migration/links survive reopen and SQLite backup/restore; photo references and bytes unchanged
  ---
  duration_ms: 57.395322
  type: 'test'
  ...
# Subtest: reader filters corrupt QL junction ownership and missing targets without leaking data
ok 18 - reader filters corrupt QL junction ownership and missing targets without leaking data
  ---
  duration_ms: 9.935023
  type: 'test'
  ...
1..18
# tests 18
# suites 0
# pass 18
# fail 0
# cancelled 0
# skipped 0
# todo 0
# duration_ms 359.223305
TAP version 13
# Subtest: legacy-only reads through without writing or requiring migration
ok 1 - legacy-only reads through without writing or requiring migration
  ---
  duration_ms: 39.538841
  type: 'test'
  ...
# Subtest: QL-only create preserves null legacy selection; repeat returns stable ID
ok 2 - QL-only create preserves null legacy selection; repeat returns stable ID
  ---
  duration_ms: 6.692656
  type: 'test'
  ...
# Subtest: create against legacy-only yields a deduplicated dual pair and preserves history
ok 3 - create against legacy-only yields a deduplicated dual pair and preserves history
  ---
  duration_ms: 12.179257
  type: 'test'
  ...
# Subtest: different legacy/QL Pieces are additive shared history, not competing exclusive owners
ok 4 - different legacy/QL Pieces are additive shared history, not competing exclusive owners
  ---
  duration_ms: 15.571715
  type: 'test'
  ...
# Subtest: remove legacy pair clears effective link idempotently without deleting history
ok 5 - remove legacy pair clears effective link idempotently without deleting history
  ---
  duration_ms: 21.152244
  type: 'test'
  ...
# Subtest: remove QL pair clears effective link idempotently without deleting history
ok 6 - remove QL pair clears effective link idempotently without deleting history
  ---
  duration_ms: 7.191155
  type: 'test'
  ...
# Subtest: remove both pair clears effective link idempotently without deleting history
ok 7 - remove both pair clears effective link idempotently without deleting history
  ---
  duration_ms: 8.886174
  type: 'test'
  ...
# Subtest: removing additional QL pair preserves a different legacy selection
ok 8 - removing additional QL pair preserves a different legacy selection
  ---
  duration_ms: 9.546982
  type: 'test'
  ...
# Subtest: legacy create/reassign/clear remains atomic with QL absent
ok 9 - legacy create/reassign/clear remains atomic with QL absent
  ---
  duration_ms: 7.021599
  type: 'test'
  ...
# Subtest: legacy create/reassign/clear remains atomic with QL installed
ok 10 - legacy create/reassign/clear remains atomic with QL installed
  ---
  duration_ms: 12.627023
  type: 'test'
  ...
# Subtest: stale legacy selection is ignored on reads and only repaired by an explicit edit
ok 11 - stale legacy selection is ignored on reads and only repaired by an explicit edit
  ---
  duration_ms: 14.825902
  type: 'test'
  ...
# Subtest: stale/foreign QL targets and corrupt relationship owners never expand or get repaired by reads
ok 12 - stale/foreign QL targets and corrupt relationship owners never expand or get repaired by reads
  ---
  duration_ms: 11.667497
  type: 'test'
  ...
# Subtest: foreign legacy pointers do not expand; invalid writes fail identically before callbacks
ok 13 - foreign legacy pointers do not expand; invalid writes fail identically before callbacks
  ---
  duration_ms: 18.618086
  type: 'test'
  ...
# Subtest: sync failure rolls back legacy field, record metadata, old pair removal and new record insertion
ok 14 - sync failure rolls back legacy field, record metadata, old pair removal and new record insertion
  ---
  duration_ms: 19.263332
  type: 'test'
  ...
# Subtest: failed dual unlink rolls back removal of QL pair
ok 15 - failed dual unlink rolls back removal of QL pair
  ---
  duration_ms: 7.208654
  type: 'test'
  ...
# Subtest: Piece deletion removes its pairs, preserves shared and last-link Firing history and photos
ok 16 - Piece deletion removes its pairs, preserves shared and last-link Firing history and photos
  ---
  duration_ms: 11.527978
  type: 'test'
  ...
# Subtest: explicit Firing deletion removes all its pairs without deleting Pieces
ok 17 - explicit Firing deletion removes all its pairs without deleting Pieces
  ---
  duration_ms: 10.019871
  type: 'test'
  ...
1..17
# tests 17
# suites 0
# pass 17
# fail 0
# cancelled 0
# skipped 0
# todo 0
# duration_ms 330.811396
TAP version 13
# Subtest: clean manual/legacy data: installed=false, old=false
ok 1 - clean manual/legacy data: installed=false, old=false
  ---
  duration_ms: 29.985835
  type: 'test'
  ...
# Subtest: clean manual/legacy data: installed=false, old=true
ok 2 - clean manual/legacy data: installed=false, old=true
  ---
  duration_ms: 14.352219
  type: 'test'
  ...
# Subtest: clean manual/legacy data: installed=true, old=false
ok 3 - clean manual/legacy data: installed=true, old=false
  ---
  duration_ms: 22.75899
  type: 'test'
  ...
# Subtest: clean manual/legacy data: installed=true, old=true
ok 4 - clean manual/legacy data: installed=true, old=true
  ---
  duration_ms: 18.541372
  type: 'test'
  ...
# Subtest: QL-only, matching pairs and additional shared Pieces are valid, not duplicates/conflicts
ok 5 - QL-only, matching pairs and additional shared Pieces are valid, not duplicates/conflicts
  ---
  duration_ms: 25.685935
  type: 'test'
  ...
# Subtest: pieces.clay_body_id: cross-owner endpoint and account preflight
ok 6 - pieces.clay_body_id: cross-owner endpoint and account preflight
  ---
  duration_ms: 26.047233
  type: 'test'
  ...
# Subtest: pieces.clay_body_id: missing endpoint and account preflight
ok 7 - pieces.clay_body_id: missing endpoint and account preflight
  ---
  duration_ms: 19.351875
  type: 'test'
  ...
# Subtest: piece_glazes.glaze_id: cross-owner endpoint and account preflight
ok 8 - piece_glazes.glaze_id: cross-owner endpoint and account preflight
  ---
  duration_ms: 15.023379
  type: 'test'
  ...
# Subtest: piece_glazes.glaze_id: missing endpoint and account preflight
ok 9 - piece_glazes.glaze_id: missing endpoint and account preflight
  ---
  duration_ms: 16.504321
  type: 'test'
  ...
# Subtest: test_tiles.clay_body_id: cross-owner endpoint and account preflight
ok 10 - test_tiles.clay_body_id: cross-owner endpoint and account preflight
  ---
  duration_ms: 21.938258
  type: 'test'
  ...
# Subtest: test_tiles.clay_body_id: missing endpoint and account preflight
ok 11 - test_tiles.clay_body_id: missing endpoint and account preflight
  ---
  duration_ms: 17.19727
  type: 'test'
  ...
# Subtest: test_tiles.glaze_id: cross-owner endpoint and account preflight
ok 12 - test_tiles.glaze_id: cross-owner endpoint and account preflight
  ---
  duration_ms: 14.506086
  type: 'test'
  ...
# Subtest: test_tiles.glaze_id: missing endpoint and account preflight
ok 13 - test_tiles.glaze_id: missing endpoint and account preflight
  ---
  duration_ms: 15.31049
  type: 'test'
  ...
# Subtest: glaze_clay_tests.clay_body_id: cross-owner endpoint and account preflight
ok 14 - glaze_clay_tests.clay_body_id: cross-owner endpoint and account preflight
  ---
  duration_ms: 17.20165
  type: 'test'
  ...
# Subtest: glaze_clay_tests.clay_body_id: missing endpoint and account preflight
ok 15 - glaze_clay_tests.clay_body_id: missing endpoint and account preflight
  ---
  duration_ms: 14.654701
  type: 'test'
  ...
# Subtest: firing_logs.piece_id: cross-owner endpoint and account preflight
ok 16 - firing_logs.piece_id: cross-owner endpoint and account preflight
  ---
  duration_ms: 14.629553
  type: 'test'
  ...
# Subtest: firing_logs.piece_id: missing endpoint and account preflight
ok 17 - firing_logs.piece_id: missing endpoint and account preflight
  ---
  duration_ms: 21.283093
  type: 'test'
  ...
# Subtest: sales.piece_id: cross-owner endpoint and account preflight
ok 18 - sales.piece_id: cross-owner endpoint and account preflight
  ---
  duration_ms: 17.156657
  type: 'test'
  ...
# Subtest: sales.piece_id: missing endpoint and account preflight
ok 19 - sales.piece_id: missing endpoint and account preflight
  ---
  duration_ms: 16.303369
  type: 'test'
  ...
# Subtest: ql_piece_firings: missing, cross-account, invalid owner, orphan and duplicate
ok 20 - ql_piece_firings: missing, cross-account, invalid owner, orphan and duplicate
  ---
  duration_ms: 17.199138
  type: 'test'
  ...
# Subtest: ql_piece_test_tiles: missing, cross-account, invalid owner, orphan and duplicate
ok 21 - ql_piece_test_tiles: missing, cross-account, invalid owner, orphan and duplicate
  ---
  duration_ms: 18.105382
  type: 'test'
  ...
# Subtest: ql_piece_pricing: missing, cross-account, invalid owner, orphan and duplicate
ok 22 - ql_piece_pricing: missing, cross-account, invalid owner, orphan and duplicate
  ---
  duration_ms: 19.319131
  type: 'test'
  ...
# Subtest: orphan photos/ingredients and missing record owners are reported without record contents
ok 23 - orphan photos/ingredients and missing record owners are reported without record contents
  ---
  duration_ms: 16.754331
  type: 'test'
  ...
# Subtest: shared files are valid; inventory reports missing/unreferenced files and unsafe metadata using tokens
ok 24 - shared files are valid; inventory reports missing/unreferenced files and unsafe metadata using tokens
  ---
  duration_ms: 30.812157
  type: 'test'
  ...
# Subtest: duplicate photo rows and identical glaze applications reported; different layer order allowed
ok 25 - duplicate photo rows and identical glaze applications reported; different layer order allowed
  ---
  duration_ms: 14.729427
  type: 'test'
  ...
# Subtest: schema drift: DROP TRIGGER ql_piece_firings_insert
ok 26 - schema drift: DROP TRIGGER ql_piece_firings_insert
  ---
  duration_ms: 15.239567
  type: 'test'
  ...
# Subtest: schema drift: UPDATE ql_migrations SET checksum='bad'
ok 27 - schema drift: UPDATE ql_migrations SET checksum='bad'
  ---
  duration_ms: 21.896898
  type: 'test'
  ...
# Subtest: schema drift: DROP TABLE ql_piece_pricing
ok 28 - schema drift: DROP TABLE ql_piece_pricing
  ---
  duration_ms: 16.617518
  type: 'test'
  ...
# Subtest: schema drift: CREATE TABLE ql_unexpected(id TEXT)
ok 29 - schema drift: CREATE TABLE ql_unexpected(id TEXT)
  ---
  duration_ms: 18.587479
  type: 'test'
  ...
# Subtest: disabled FK enforcement is reported as unavailable preflight, never silently enabled
ok 30 - disabled FK enforcement is reported as unavailable preflight, never silently enabled
  ---
  duration_ms: 13.71525
  type: 'test'
  ...
# Subtest: sale contact links are inspected even without a legacy foreign-key declaration
ok 31 - sale contact links are inspected even without a legacy foreign-key declaration
  ---
  duration_ms: 16.39644
  type: 'test'
  ...
# Subtest: forum photo missing and incompatible parents are inspected
ok 32 - forum photo missing and incompatible parents are inspected
  ---
  duration_ms: 45.269231
  type: 'test'
  ...
# Subtest: on-disk migrated corruption audit succeeds readonly and preserves exact database bytes
ok 33 - on-disk migrated corruption audit succeeds readonly and preserves exact database bytes
  ---
  duration_ms: 40.582867
  type: 'test'
  ...
1..33
# tests 33
# suites 0
# pass 33
# fail 0
# cancelled 0
# skipped 0
# todo 0
# duration_ms 783.136363
TAP version 13
# Subtest: backup → migration → mixed operations → audit → exact restore (current schema)
ok 1 - backup → migration → mixed operations → audit → exact restore (current schema)
  ---
  duration_ms: 157.556244
  type: 'test'
  ...
# Subtest: backup → migration → mixed operations → audit → exact restore (historical schema)
ok 2 - backup → migration → mixed operations → audit → exact restore (historical schema)
  ---
  duration_ms: 134.393682
  type: 'test'
  ...
1..2
# tests 2
# suites 0
# pass 2
# fail 0
# cancelled 0
# skipped 0
# todo 0
# duration_ms 417.647845
TAP version 13
# Subtest: H1a Pricing delete preserves a different account Piece photo
ok 1 - H1a Pricing delete preserves a different account Piece photo
  ---
  duration_ms: 74.451008
  type: 'test'
  ...
# Subtest: H1b Pricing replacement preserves another record photo
ok 2 - H1b Pricing replacement preserves another record photo
  ---
  duration_ms: 23.384724
  type: 'test'
  ...
# Subtest: H2a Gallery does not expand corrupt foreign Clay/Glaze references
ok 3 - H2a Gallery does not expand corrupt foreign Clay/Glaze references
  ---
  duration_ms: 12.218461
  type: 'test'
  ...
# Subtest: H3 Admin size cleanup preserves registered studio files
ok 4 - H3 Admin size cleanup preserves registered studio files
  ---
  duration_ms: 6.331604
  type: 'test'
  ...
# Subtest: H6 Editing a shared JPEG cannot overwrite another account photo bytes
ok 5 - H6 Editing a shared JPEG cannot overwrite another account photo bytes
  ---
  duration_ms: 53.045776
  type: 'test'
  ...
# Subtest: H4 Sale deletion rolls back Piece status if deleting Sale fails
ok 6 - H4 Sale deletion rolls back Piece status if deleting Sale fails
  ---
  duration_ms: 7.438269
  type: 'test'
  ...
# Subtest: H5 Sale contact write rejects foreign contact before mutation
ok 7 - H5 Sale contact write rejects foreign contact before mutation
  ---
  duration_ms: 16.211993
  type: 'test'
  ...
# Subtest: H7-firing Historical firing startup preserves installed QL relationships and photo metadata
ok 8 - H7-firing Historical firing startup preserves installed QL relationships and photo metadata
  ---
  duration_ms: 271.818501
  type: 'test'
  ...
# Subtest: H7-tile Historical tile startup preserves installed QL relationships and photo metadata
ok 9 - H7-tile Historical tile startup preserves installed QL relationships and photo metadata
  ---
  duration_ms: 78.865158
  type: 'test'
  ...
# Subtest: H2b Photo Lookup does not expand foreign Clay/Glaze references
ok 10 - H2b Photo Lookup does not expand foreign Clay/Glaze references
  ---
  duration_ms: 64.270829
  type: 'test'
  ...
# Subtest: I1 Pricing-only, Piece-only, missing and unsafe files use conservative post-commit cleanup
ok 11 - I1 Pricing-only, Piece-only, missing and unsafe files use conservative post-commit cleanup
  ---
  duration_ms: 36.737131
  type: 'test'
  ...
# Subtest: I1 Pricing SQL failure and foreign requests retain rows, QL links and bytes
ok 12 - I1 Pricing SQL failure and foreign requests retain rows, QL links and bytes
  ---
  duration_ms: 22.261039
  type: 'test'
  ...
# Subtest: I3 Admin video/size cleanup retains every registered slot and orphan metadata
ok 13 - I3 Admin video/size cleanup retains every registered slot and orphan metadata
  ---
  duration_ms: 15.293402
  type: 'test'
  ...
# Subtest: I1 Profile/avatar, Event, Sale, Project and forum cleanup preserve another account reference
ok 14 - I1 Profile/avatar, Event, Sale, Project and forum cleanup preserve another account reference
  ---
  duration_ms: 38.709021
  type: 'test'
  ...
# Subtest: I4 Piece update failure rolls Sale deletion back; surviving sales preserve sold history
ok 15 - I4 Piece update failure rolls Sale deletion back; surviving sales preserve sold history
  ---
  duration_ms: 14.435173
  type: 'test'
  ...
# Subtest: I5 Contact create/update rejection is indistinguishable, reads filter stale/foreign pointers
ok 16 - I5 Contact create/update rejection is indistinguishable, reads filter stale/foreign pointers
  ---
  duration_ms: 30.052117
  type: 'test'
  ...
# Subtest: I5 Contact deletion atomically detaches own Sales and rejects foreign inbound links
ok 17 - I5 Contact deletion atomically detaches own Sales and rejects foreign inbound links
  ---
  duration_ms: 12.57597
  type: 'test'
  ...
# Subtest: I5 Self/admin account deletion rejects corrupt Contact links before any change
ok 18 - I5 Self/admin account deletion rejects corrupt Contact links before any change
  ---
  duration_ms: 9.281371
  type: 'test'
  ...
# Subtest: I6 Same-account multi-record and multi-slot image edits reject without touching bytes
ok 19 - I6 Same-account multi-record and multi-slot image edits reject without touching bytes
  ---
  duration_ms: 14.573642
  type: 'test'
  ...
# Subtest: I6 Pricing edits isolate cross-account bytes; SQL failure retains old references and bytes
ok 20 - I6 Pricing edits isolate cross-account bytes; SQL failure retains old references and bytes
  ---
  duration_ms: 24.130156
  type: 'test'
  ...
# Subtest: I6 Forum reply ownership cannot be inherited from someone else’s post
ok 21 - I6 Forum reply ownership cannot be inherited from someone else’s post
  ---
  duration_ms: 19.070936
  type: 'test'
  ...
# Subtest: I2 Private Piece IDs and photos never enter Gallery or another account Photo Lookup
ok 22 - I2 Private Piece IDs and photos never enter Gallery or another account Photo Lookup
  ---
  duration_ms: 78.109926
  type: 'test'
  ...
# Subtest: I3 Legacy migration HTTP runner is guarded with QL; emergency cleanup cannot delete files
ok 23 - I3 Legacy migration HTTP runner is guarded with QL; emergency cleanup cannot delete files
  ---
  duration_ms: 5.738713
  type: 'test'
  ...
# Subtest: I6 all existing editable studio photo slots copy on write, preserving foreign shared bytes
ok 24 - I6 all existing editable studio photo slots copy on write, preserving foreign shared bytes
  ---
  duration_ms: 71.232239
  type: 'test'
  ...
# Subtest: I1 profile and forum SQL failures never delete still-committed image bytes
ok 25 - I1 profile and forum SQL failures never delete still-committed image bytes
  ---
  duration_ms: 18.337758
  type: 'test'
  ...
1..25
# tests 25
# suites 0
# pass 25
# fail 0
# cancelled 0
# skipped 0
# todo 0
# duration_ms 1779.395347
TAP version 13
# Subtest: H1a Pricing delete preserves a different account Piece photo
ok 1 - H1a Pricing delete preserves a different account Piece photo
  ---
  duration_ms: 57.059019
  type: 'test'
  ...
# Subtest: H1b Pricing replacement preserves another record photo
ok 2 - H1b Pricing replacement preserves another record photo
  ---
  duration_ms: 20.365937
  type: 'test'
  ...
# Subtest: H2a Gallery does not expand corrupt foreign Clay/Glaze references
ok 3 - H2a Gallery does not expand corrupt foreign Clay/Glaze references
  ---
  duration_ms: 15.350434
  type: 'test'
  ...
# Subtest: H3 Admin size cleanup preserves registered studio files
ok 4 - H3 Admin size cleanup preserves registered studio files
  ---
  duration_ms: 6.829771
  type: 'test'
  ...
# Subtest: H6 Editing a shared JPEG cannot overwrite another account photo bytes
ok 5 - H6 Editing a shared JPEG cannot overwrite another account photo bytes
  ---
  duration_ms: 89.234712
  type: 'test'
  ...
# Subtest: H4 Sale deletion rolls back Piece status if deleting Sale fails
ok 6 - H4 Sale deletion rolls back Piece status if deleting Sale fails
  ---
  duration_ms: 6.657239
  type: 'test'
  ...
# Subtest: H5 Sale contact write rejects foreign contact before mutation
ok 7 - H5 Sale contact write rejects foreign contact before mutation
  ---
  duration_ms: 25.388127
  type: 'test'
  ...
# Subtest: H7-firing Historical firing startup preserves installed QL relationships and photo metadata
ok 8 - H7-firing Historical firing startup preserves installed QL relationships and photo metadata
  ---
  duration_ms: 92.234859
  type: 'test'
  ...
# Subtest: H7-tile Historical tile startup preserves installed QL relationships and photo metadata
ok 9 - H7-tile Historical tile startup preserves installed QL relationships and photo metadata
  ---
  duration_ms: 88.227426
  type: 'test'
  ...
# Subtest: H2b Photo Lookup does not expand foreign Clay/Glaze references
ok 10 - H2b Photo Lookup does not expand foreign Clay/Glaze references
  ---
  duration_ms: 56.578265
  type: 'test'
  ...
# Subtest: I1 Pricing-only, Piece-only, missing and unsafe files use conservative post-commit cleanup
ok 11 - I1 Pricing-only, Piece-only, missing and unsafe files use conservative post-commit cleanup
  ---
  duration_ms: 29.897073
  type: 'test'
  ...
# Subtest: I1 Pricing SQL failure and foreign requests retain rows, QL links and bytes
ok 12 - I1 Pricing SQL failure and foreign requests retain rows, QL links and bytes
  ---
  duration_ms: 18.133303
  type: 'test'
  ...
# Subtest: I3 Admin video/size cleanup retains every registered slot and orphan metadata
ok 13 - I3 Admin video/size cleanup retains every registered slot and orphan metadata
  ---
  duration_ms: 14.563639
  type: 'test'
  ...
# Subtest: I1 Profile/avatar, Event, Sale, Project and forum cleanup preserve another account reference
ok 14 - I1 Profile/avatar, Event, Sale, Project and forum cleanup preserve another account reference
  ---
  duration_ms: 30.161507
  type: 'test'
  ...
# Subtest: I4 Piece update failure rolls Sale deletion back; surviving sales preserve sold history
ok 15 - I4 Piece update failure rolls Sale deletion back; surviving sales preserve sold history
  ---
  duration_ms: 11.307822
  type: 'test'
  ...
# Subtest: I5 Contact create/update rejection is indistinguishable, reads filter stale/foreign pointers
ok 16 - I5 Contact create/update rejection is indistinguishable, reads filter stale/foreign pointers
  ---
  duration_ms: 26.587621
  type: 'test'
  ...
# Subtest: I5 Contact deletion atomically detaches own Sales and rejects foreign inbound links
ok 17 - I5 Contact deletion atomically detaches own Sales and rejects foreign inbound links
  ---
  duration_ms: 11.438834
  type: 'test'
  ...
# Subtest: I5 Self/admin account deletion rejects corrupt Contact links before any change
ok 18 - I5 Self/admin account deletion rejects corrupt Contact links before any change
  ---
  duration_ms: 9.161202
  type: 'test'
  ...
# Subtest: I6 Same-account multi-record and multi-slot image edits reject without touching bytes
ok 19 - I6 Same-account multi-record and multi-slot image edits reject without touching bytes
  ---
  duration_ms: 15.085264
  type: 'test'
  ...
# Subtest: I6 Pricing edits isolate cross-account bytes; SQL failure retains old references and bytes
ok 20 - I6 Pricing edits isolate cross-account bytes; SQL failure retains old references and bytes
  ---
  duration_ms: 23.506112
  type: 'test'
  ...
# Subtest: I6 Forum reply ownership cannot be inherited from someone else’s post
ok 21 - I6 Forum reply ownership cannot be inherited from someone else’s post
  ---
  duration_ms: 17.086225
  type: 'test'
  ...
# Subtest: I2 Private Piece IDs and photos never enter Gallery or another account Photo Lookup
ok 22 - I2 Private Piece IDs and photos never enter Gallery or another account Photo Lookup
  ---
  duration_ms: 67.539127
  type: 'test'
  ...
# Subtest: I3 Legacy migration HTTP runner is guarded with QL; emergency cleanup cannot delete files
ok 23 - I3 Legacy migration HTTP runner is guarded with QL; emergency cleanup cannot delete files
  ---
  duration_ms: 3.628784
  type: 'test'
  ...
# Subtest: I6 all existing editable studio photo slots copy on write, preserving foreign shared bytes
ok 24 - I6 all existing editable studio photo slots copy on write, preserving foreign shared bytes
  ---
  duration_ms: 103.603774
  type: 'test'
  ...
# Subtest: I1 profile and forum SQL failures never delete still-committed image bytes
ok 25 - I1 profile and forum SQL failures never delete still-committed image bytes
  ---
  duration_ms: 11.537845
  type: 'test'
  ...
1..25
# tests 25
# suites 0
# pass 25
# fail 0
# cancelled 0
# skipped 0
# todo 0
# duration_ms 1501.153863
TAP version 13
# Subtest: I7 supported pre-QL firing startup preserves rows, photos, Contact and later time columns
ok 1 - I7 supported pre-QL firing startup preserves rows, photos, Contact and later time columns
  ---
  duration_ms: 162.349162
  type: 'test'
  ...
# Subtest: I7 supported pre-QL sales startup preserves rows, photos, Contact and later time columns
ok 2 - I7 supported pre-QL sales startup preserves rows, photos, Contact and later time columns
  ---
  duration_ms: 145.656654
  type: 'test'
  ...
# Subtest: I7 supported pre-QL tile startup preserves rows, photos, Contact and later time columns
ok 3 - I7 supported pre-QL tile startup preserves rows, photos, Contact and later time columns
  ---
  duration_ms: 168.777615
  type: 'test'
  ...
# Subtest: I7 post-QL historical firing rejects before any schema or row mutation
ok 4 - I7 post-QL historical firing rejects before any schema or row mutation
  ---
  duration_ms: 111.954531
  type: 'test'
  ...
# Subtest: I7 post-QL historical sales rejects before any schema or row mutation
ok 5 - I7 post-QL historical sales rejects before any schema or row mutation
  ---
  duration_ms: 72.09977
  type: 'test'
  ...
# Subtest: I7 post-QL historical tile rejects before any schema or row mutation
ok 6 - I7 post-QL historical tile rejects before any schema or row mutation
  ---
  duration_ms: 83.141879
  type: 'test'
  ...
# Subtest: I7 failure after dropping Firing parent rolls back parent, child rows and new table
ok 7 - I7 failure after dropping Firing parent rolls back parent, child rows and new table
  ---
  duration_ms: 79.562674
  type: 'test'
  ...
# Subtest: I7 leftover migration table is preserved and never overwritten
ok 8 - I7 leftover migration table is preserved and never overwritten
  ---
  duration_ms: 76.376029
  type: 'test'
  ...
# Subtest: I3 legacy CLI migration refuses installed QL without changing database
ok 9 - I3 legacy CLI migration refuses installed QL without changing database
  ---
  duration_ms: 65.614416
  type: 'test'
  ...
# Subtest: I1/I3 every registered file slot independently protects bytes, including orphan metadata
ok 10 - I1/I3 every registered file slot independently protects bytes, including orphan metadata
  ---
  duration_ms: 14.378479
  type: 'test'
  ...
# Subtest: I1 cleanup filesystem failure retains unreferenced file after metadata commits
ok 11 - I1 cleanup filesystem failure retains unreferenced file after metadata commits
  ---
  duration_ms: 1.397609
  type: 'test'
  ...
# Subtest: I5 internal Piece read model filters foreign Sale Contact pointers without mutating history
ok 12 - I5 internal Piece read model filters foreign Sale Contact pointers without mutating history
  ---
  duration_ms: 31.683311
  type: 'test'
  ...
1..12
# tests 12
# suites 0
# pass 12
# fail 0
# cancelled 0
# skipped 0
# todo 0
# duration_ms 1104.163506
PASS Quick Sale 2 × $1.50 survives edit and returns $3.00 in CSV
PASS regular sale create/edit photos persist; omitted metadata preserved
PASS Quick Sale edit accepts photo on original record
PASS linked Piece photo is copied and remains intact after sale photo change
PASS bad amount/quantity reject whole save without rounding or partial insertion
PASS Studio Note create/edit/edit persists one original id
PASS Community Library saves two photos on create
PASS Community Library edit replaces one photo in place, preserves other photo and notes
PASS Community Library append fills empty slot; ownership prevents editing another entry
PASS all domain forms normalize for Shopping, Events and Profile; opt-in stays explicit
PASS Profile saves persist directory settings and preserve omitted shop links
PASS single-event Apple Calendar export preserves time and enforces ownership
PASS sample PDF is a real PDF; styles/scripts resolve from nested URLs
PASS old Piece API create/read/edit/delete remains compatible with QL links
PASS server restart retains records and every saved photo
TAP version 13
# Subtest: legacy: Piece deletion removes its own rows/files, retains firing and sale history, idempotent
ok 1 - legacy: Piece deletion removes its own rows/files, retains firing and sale history, idempotent
  ---
  duration_ms: 14.387295
  type: 'test'
  ...
# Subtest: legacy: foreign Piece ID is a complete no-op
ok 2 - legacy: foreign Piece ID is a complete no-op
  ---
  duration_ms: 7.350406
  type: 'test'
  ...
# Subtest: QL: Piece deletion removes its own rows/files, retains firing and sale history, idempotent
ok 3 - QL: Piece deletion removes its own rows/files, retains firing and sale history, idempotent
  ---
  duration_ms: 11.349306
  type: 'test'
  ...
# Subtest: QL: foreign Piece ID is a complete no-op
ok 4 - QL: foreign Piece ID is a complete no-op
  ---
  duration_ms: 11.11579
  type: 'test'
  ...
# Subtest: shared legacy+QL firing survives deletion in either order and after last association
ok 5 - shared legacy+QL firing survives deletion in either order and after last association
  ---
  duration_ms: 19.040232
  type: 'test'
  ...
# Subtest: QL-only shared firing: deleting one Piece removes only that junction
ok 6 - QL-only shared firing: deleting one Piece removes only that junction
  ---
  duration_ms: 8.492768
  type: 'test'
  ...
# Subtest: tile/pricing junctions clean up while target records, files and sale amounts survive
ok 7 - tile/pricing junctions clean up while target records, files and sale amounts survive
  ---
  duration_ms: 8.426851
  type: 'test'
  ...
# Subtest: shared Piece photo survives until its last reference is removed
ok 8 - shared Piece photo survives until its last reference is removed
  ---
  duration_ms: 8.712518
  type: 'test'
  ...
# Subtest: firing, sale, pricing and test inline slots independently protect a Piece file
ok 9 - firing, sale, pricing and test inline slots independently protect a Piece file
  ---
  duration_ms: 32.721425
  type: 'test'
  ...
# Subtest: another account reference protects the file without altering foreign metadata
ok 10 - another account reference protects the file without altering foreign metadata
  ---
  duration_ms: 9.367158
  type: 'test'
  ...
# Subtest: cross-owner legacy firing/sale links block all Piece mutations and account preflight
ok 11 - cross-owner legacy firing/sale links block all Piece mutations and account preflight
  ---
  duration_ms: 18.27796
  type: 'test'
  ...
# Subtest: SQL failure rolls back detached firings, sales, metadata and retains files
ok 12 - SQL failure rolls back detached firings, sales, metadata and retains files
  ---
  duration_ms: 8.761372
  type: 'test'
  ...
# Subtest: missing upload is harmless; invalid path and symlink are never followed
ok 13 - missing upload is harmless; invalid path and symlink are never followed
  ---
  duration_ms: 12.026262
  type: 'test'
  ...
# Subtest: cleanup failure retains a file and does not undo successful metadata deletion
ok 14 - cleanup failure retains a file and does not undo successful metadata deletion
  ---
  duration_ms: 12.442403
  type: 'test'
  ...
# Subtest: explicit firing deletion removes only its links and unshared files; foreign ID no-op
ok 15 - explicit firing deletion removes only its links and unshared files; foreign ID no-op
  ---
  duration_ms: 9.098904
  type: 'test'
  ...
# Subtest: explicit firing/photo deletion preserves shared file and ownership
ok 16 - explicit firing/photo deletion preserves shared file and ownership
  ---
  duration_ms: 8.176782
  type: 'test'
  ...
# Subtest: orphan metadata is conservatively treated as a file reference
ok 17 - orphan metadata is conservatively treated as a file reference
  ---
  duration_ms: 7.992029
  type: 'test'
  ...
# Subtest: baseline stored-file slot inventory is complete, including pricing; optional historical slots work
ok 18 - baseline stored-file slot inventory is complete, including pricing; optional historical slots work
  ---
  duration_ms: 5.92109
  type: 'test'
  ...
# Subtest: disabled FKs and nested transactions cannot perform unsafe cleanup
ok 19 - disabled FKs and nested transactions cannot perform unsafe cleanup
  ---
  duration_ms: 8.608967
  type: 'test'
  ...
1..19
# tests 19
# suites 0
# pass 19
# fail 0
# cancelled 0
# skipped 0
# todo 0
# duration_ms 324.320623
TAP version 13
# Subtest: legacy clay: ownership, history and private file cleanup
ok 1 - legacy clay: ownership, history and private file cleanup
  ---
  duration_ms: 32.634837
  type: 'test'
  ...
# Subtest: legacy clay: global shared file protection
ok 2 - legacy clay: global shared file protection
  ---
  duration_ms: 7.530428
  type: 'test'
  ...
# Subtest: legacy clay: rollback preserves all metadata and files
ok 3 - legacy clay: rollback preserves all metadata and files
  ---
  duration_ms: 15.99904
  type: 'test'
  ...
# Subtest: legacy clay: cleanup error leaves committed DB and retained file
ok 4 - legacy clay: cleanup error leaves committed DB and retained file
  ---
  duration_ms: 9.19774
  type: 'test'
  ...
# Subtest: legacy glaze: ownership, history and private file cleanup
ok 5 - legacy glaze: ownership, history and private file cleanup
  ---
  duration_ms: 18.991826
  type: 'test'
  ...
# Subtest: legacy glaze: global shared file protection
ok 6 - legacy glaze: global shared file protection
  ---
  duration_ms: 8.735216
  type: 'test'
  ...
# Subtest: legacy glaze: rollback preserves all metadata and files
ok 7 - legacy glaze: rollback preserves all metadata and files
  ---
  duration_ms: 14.654302
  type: 'test'
  ...
# Subtest: legacy glaze: cleanup error leaves committed DB and retained file
ok 8 - legacy glaze: cleanup error leaves committed DB and retained file
  ---
  duration_ms: 9.803949
  type: 'test'
  ...
# Subtest: legacy testTile: ownership, history and private file cleanup
ok 9 - legacy testTile: ownership, history and private file cleanup
  ---
  duration_ms: 20.731822
  type: 'test'
  ...
# Subtest: legacy testTile: global shared file protection
ok 10 - legacy testTile: global shared file protection
  ---
  duration_ms: 15.021705
  type: 'test'
  ...
# Subtest: legacy testTile: rollback preserves all metadata and files
ok 11 - legacy testTile: rollback preserves all metadata and files
  ---
  duration_ms: 11.686383
  type: 'test'
  ...
# Subtest: legacy testTile: cleanup error leaves committed DB and retained file
ok 12 - legacy testTile: cleanup error leaves committed DB and retained file
  ---
  duration_ms: 8.775983
  type: 'test'
  ...
# Subtest: QL clay: ownership, history and private file cleanup
ok 13 - QL clay: ownership, history and private file cleanup
  ---
  duration_ms: 20.288202
  type: 'test'
  ...
# Subtest: QL clay: global shared file protection
ok 14 - QL clay: global shared file protection
  ---
  duration_ms: 8.759745
  type: 'test'
  ...
# Subtest: QL clay: rollback preserves all metadata and files
ok 15 - QL clay: rollback preserves all metadata and files
  ---
  duration_ms: 14.755547
  type: 'test'
  ...
# Subtest: QL clay: cleanup error leaves committed DB and retained file
ok 16 - QL clay: cleanup error leaves committed DB and retained file
  ---
  duration_ms: 17.486315
  type: 'test'
  ...
# Subtest: QL glaze: ownership, history and private file cleanup
ok 17 - QL glaze: ownership, history and private file cleanup
  ---
  duration_ms: 22.48159
  type: 'test'
  ...
# Subtest: QL glaze: global shared file protection
ok 18 - QL glaze: global shared file protection
  ---
  duration_ms: 10.777517
  type: 'test'
  ...
# Subtest: QL glaze: rollback preserves all metadata and files
ok 19 - QL glaze: rollback preserves all metadata and files
  ---
  duration_ms: 15.729772
  type: 'test'
  ...
# Subtest: QL glaze: cleanup error leaves committed DB and retained file
ok 20 - QL glaze: cleanup error leaves committed DB and retained file
  ---
  duration_ms: 19.377703
  type: 'test'
  ...
# Subtest: QL testTile: ownership, history and private file cleanup
ok 21 - QL testTile: ownership, history and private file cleanup
  ---
  duration_ms: 19.570267
  type: 'test'
  ...
# Subtest: QL testTile: global shared file protection
ok 22 - QL testTile: global shared file protection
  ---
  duration_ms: 10.359335
  type: 'test'
  ...
# Subtest: QL testTile: rollback preserves all metadata and files
ok 23 - QL testTile: rollback preserves all metadata and files
  ---
  duration_ms: 13.050528
  type: 'test'
  ...
# Subtest: QL testTile: cleanup error leaves committed DB and retained file
ok 24 - QL testTile: cleanup error leaves committed DB and retained file
  ---
  duration_ms: 12.553212
  type: 'test'
  ...
# Subtest: cross-account clay rejects UPDATE pieces SET clay_body_id='clay-a' WHERE id='piece-b'
ok 25 - cross-account clay rejects UPDATE pieces SET clay_body_id='clay-a' WHERE id='piece-b'
  ---
  duration_ms: 11.890144
  type: 'test'
  ...
# Subtest: cross-account clay rejects UPDATE test_tiles SET clay_body_id='clay-a' WHERE id='tile-b'
ok 26 - cross-account clay rejects UPDATE test_tiles SET clay_body_id='clay-a' WHERE id='tile-b'
  ---
  duration_ms: 11.405587
  type: 'test'
  ...
# Subtest: cross-account clay rejects UPDATE glaze_clay_tests SET clay_body_id='clay-a' WHERE id='test-b'
ok 27 - cross-account clay rejects UPDATE glaze_clay_tests SET clay_body_id='clay-a' WHERE id='test-b'
  ---
  duration_ms: 13.968
  type: 'test'
  ...
# Subtest: cross-account glaze rejects UPDATE piece_glazes SET glaze_id='glaze-a' WHERE id='layer-b'
ok 28 - cross-account glaze rejects UPDATE piece_glazes SET glaze_id='glaze-a' WHERE id='layer-b'
  ---
  duration_ms: 11.783842
  type: 'test'
  ...
# Subtest: cross-account glaze rejects UPDATE test_tiles SET glaze_id='glaze-a' WHERE id='tile-b'
ok 29 - cross-account glaze rejects UPDATE test_tiles SET glaze_id='glaze-a' WHERE id='tile-b'
  ---
  duration_ms: 11.530403
  type: 'test'
  ...
# Subtest: cross-account glaze rejects UPDATE glaze_clay_tests SET clay_body_id='clay-b' WHERE id='test-a'
ok 30 - cross-account glaze rejects UPDATE glaze_clay_tests SET clay_body_id='clay-b' WHERE id='test-a'
  ---
  duration_ms: 11.363043
  type: 'test'
  ...
# Subtest: cross-account testTile rejects UPDATE test_tiles SET clay_body_id='clay-b' WHERE id='tile-a'
ok 31 - cross-account testTile rejects UPDATE test_tiles SET clay_body_id='clay-b' WHERE id='tile-a'
  ---
  duration_ms: 12.260934
  type: 'test'
  ...
# Subtest: cross-account testTile rejects UPDATE test_tiles SET glaze_id='glaze-b' WHERE id='tile-a'
ok 32 - cross-account testTile rejects UPDATE test_tiles SET glaze_id='glaze-b' WHERE id='tile-a'
  ---
  duration_ms: 12.259551
  type: 'test'
  ...
# Subtest: corrupt QL tile link rejects deletion without modifying foreign Piece
ok 33 - corrupt QL tile link rejects deletion without modifying foreign Piece
  ---
  duration_ms: 7.410459
  type: 'test'
  ...
# Subtest: very old NOT NULL glaze layer safely rejects; unreferenced glaze still deletes
ok 34 - very old NOT NULL glaze layer safely rejects; unreferenced glaze still deletes
  ---
  duration_ms: 10.749249
  type: 'test'
  ...
# Subtest: empty tile labels get fallback names; manual layer names and all application metadata survive
ok 35 - empty tile labels get fallback names; manual layer names and all application metadata survive
  ---
  duration_ms: 8.493609
  type: 'test'
  ...
# Subtest: direct Clay/Glaze photo and embedded test deletion protect shared files and parents
ok 36 - direct Clay/Glaze photo and embedded test deletion protect shared files and parents
  ---
  duration_ms: 7.964247
  type: 'test'
  ...
1..36
# tests 36
# suites 0
# pass 36
# fail 0
# cancelled 0
# skipped 0
# todo 0
# duration_ms 594.975061
PASS legacy relationship API: valid same-account Piece Clay and Glaze creation
PASS legacy relationship API: cross-account Piece to Clay rejected atomically
PASS legacy relationship API: cross-account Piece to Glaze rejected atomically
PASS legacy relationship API: Piece update rejects foreign Clay without replacing existing history
PASS legacy relationship API: Piece update rejects foreign Glaze without replacing existing history
PASS legacy relationship API: Sale create/update rejects foreign Piece without changing sale or Piece
PASS legacy relationship API: cross-account Firing to Piece rejected on create and update
PASS legacy relationship API: cross-account Test Tile Clay and Glaze IDs rejected
PASS legacy relationship API: legacy Glaze clay-test path rejects foreign Clay
PASS legacy relationship API: Piece and Firing photo uploads cannot attach to foreign parents
PASS legacy relationship API: Firing photo reads require parent ownership
PASS legacy relationship API: serializers suppress cross-account relationship expansion
PASS legacy relationship API: stale missing related records load with manual fallback
PASS legacy relationship API: QL same-owner links work and cross-account Piece links fail
PASS legacy relationship API: valid account deletion removes Phase1 graph and preserves shared file
PASS legacy relationship API: account deletion rejects cross-account relationship before mutation
PASS 16 relationship API checks (legacy)
PASS QL relationship API: valid same-account Piece Clay and Glaze creation
PASS QL relationship API: cross-account Piece to Clay rejected atomically
PASS QL relationship API: cross-account Piece to Glaze rejected atomically
PASS QL relationship API: Piece update rejects foreign Clay without replacing existing history
PASS QL relationship API: Piece update rejects foreign Glaze without replacing existing history
PASS QL relationship API: Sale create/update rejects foreign Piece without changing sale or Piece
PASS QL relationship API: cross-account Firing to Piece rejected on create and update
PASS QL relationship API: cross-account Test Tile Clay and Glaze IDs rejected
PASS QL relationship API: legacy Glaze clay-test path rejects foreign Clay
PASS QL relationship API: Piece and Firing photo uploads cannot attach to foreign parents
PASS QL relationship API: Firing photo reads require parent ownership
PASS QL relationship API: serializers suppress cross-account relationship expansion
PASS QL relationship API: stale missing related records load with manual fallback
PASS QL relationship API: QL same-owner links work and cross-account Piece links fail
PASS QL relationship API: valid account deletion removes Phase1 graph and preserves shared file
PASS QL relationship API: account deletion rejects cross-account relationship before mutation
PASS 16 relationship API checks (QL)
PASS Phase 1E API: unauthenticated requests are rejected
PASS Phase 1E API: firings create/read/remove and duplicate handling
PASS Phase 1E API: test-tiles create/read/remove and duplicate handling
PASS Phase 1E API: pricing create/read/remove and duplicate handling
PASS Phase 1E API: legacy firing read-through remains compatible
PASS Phase 1E API: invalid and foreign IDs fail without mutation or ownership disclosure
PASS Phase 1E API: safe reads filter corrupt foreign and stale targets
PASS Phase 1E API: failed relationship mutation rolls back cleanly
PASS Phase 1E API: client ownership spoofing never changes server-derived owner
PASS 9 Phase 1E relationship service/API checks
PASS Phase 1F API: legacy API create has same response and reads, with optional pair synchronization
PASS Phase 1F API: legacy API reassign and repeat remove old pair and preserve additional QL Pieces
PASS Phase 1F API: legacy API clear/omitted field keeps full-replacement behavior and additional QL pairs
PASS Phase 1F API: foreign and absent Piece/Firing writes return identical errors and never change data
PASS Phase 1F API: Piece HTTP delete retains Firing history and explicit Firing delete leaves other Pieces
PASS 5 Phase 1F firing compatibility API checks (legacy)
PASS Phase 1F API: legacy API create has same response and reads, with optional pair synchronization
PASS Phase 1F API: legacy API reassign and repeat remove old pair and preserve additional QL Pieces
PASS Phase 1F API: legacy API clear/omitted field keeps full-replacement behavior and additional QL pairs
PASS Phase 1F API: foreign and absent Piece/Firing writes return identical errors and never change data
PASS Phase 1F API: QL remove dual and legacy-only pairs clears old-client reads and retries are inert
PASS Phase 1F API: sync SQL failure rolls back legacy HTTP create and edit including metadata
PASS Phase 1F API: Piece HTTP delete retains Firing history and explicit Firing delete leaves other Pieces
PASS 7 Phase 1F firing compatibility API checks (QL)
PASS legacy API: clay-bodies single ownership, private cleanup, history and repeated 404
PASS legacy API: clay-bodies bulk mixed ownership, duplicates, missing and shared files
PASS legacy API: clay-bodies single and bulk SQL failure roll back; bulk continues valid IDs
PASS legacy API: clay-bodies invalid relationship rejects single/bulk without changing either account
PASS legacy API: glazes single ownership, private cleanup, history and repeated 404
PASS legacy API: glazes bulk mixed ownership, duplicates, missing and shared files
PASS legacy API: glazes single and bulk SQL failure roll back; bulk continues valid IDs
PASS legacy API: glazes invalid relationship rejects single/bulk without changing either account
PASS legacy API: test-tiles single ownership, private cleanup, history and repeated 404
PASS legacy API: test-tiles bulk mixed ownership, duplicates, missing and shared files
PASS legacy API: test-tiles single and bulk SQL failure roll back; bulk continues valid IDs
PASS legacy API: test-tiles invalid relationship rejects single/bulk without changing either account
PASS legacy API: Clay and Glaze photo routes and embedded test protect shared file
PASS legacy API: Clay replacement checks owner, keeps shared file and rolls back failed insert
PASS legacy API: Test Tile edit removal preserves shared file and rollback retains old slots
PASS 15 studio deletion API checks (legacy)
PASS QL API: clay-bodies single ownership, private cleanup, history and repeated 404
PASS QL API: clay-bodies bulk mixed ownership, duplicates, missing and shared files
PASS QL API: clay-bodies single and bulk SQL failure roll back; bulk continues valid IDs
PASS QL API: clay-bodies invalid relationship rejects single/bulk without changing either account
PASS QL API: glazes single ownership, private cleanup, history and repeated 404
PASS QL API: glazes bulk mixed ownership, duplicates, missing and shared files
PASS QL API: glazes single and bulk SQL failure roll back; bulk continues valid IDs
PASS QL API: glazes invalid relationship rejects single/bulk without changing either account
PASS QL API: test-tiles single ownership, private cleanup, history and repeated 404
PASS QL API: test-tiles bulk mixed ownership, duplicates, missing and shared files
PASS QL API: test-tiles single and bulk SQL failure roll back; bulk continues valid IDs
PASS QL API: test-tiles invalid relationship rejects single/bulk without changing either account
PASS QL API: Clay and Glaze photo routes and embedded test protect shared file
PASS QL API: Clay replacement checks owner, keeps shared file and rolls back failed insert
PASS QL API: Test Tile edit removal preserves shared file and rollback retains old slots
PASS 15 studio deletion API checks (QL)
PASS legacy API: single Piece delete retains firing/photo/sale, repeat succeeds
PASS legacy API: pieces bulk order and foreign IDs are safe
PASS legacy API: casualties bulk order and foreign IDs are safe
PASS legacy API: Piece-only file removed; another account file reference preserved
PASS legacy API: direct Piece/firing photo routes enforce ownership and reference counts
PASS legacy API: explicit single/bulk firing deletion cleans links and respects shared files
PASS legacy API: cross-owner legacy reference blocks Piece and account deletion before mutations
PASS legacy API: account SQL failure rolls back all prior cleanup for self and admin
PASS legacy API: self account deletion cleans QL rows; preserves other account and files
PASS legacy API: admin account deletion cleans QL rows; preserves other account and files
PASS 10 deletion API checks (legacy)
PASS QL API: single Piece delete retains firing/photo/sale, repeat succeeds
PASS QL API: pieces bulk order and foreign IDs are safe
PASS QL API: casualties bulk order and foreign IDs are safe
PASS QL API: Piece-only file removed; another account file reference preserved
PASS QL API: direct Piece/firing photo routes enforce ownership and reference counts
PASS QL API: explicit single/bulk firing deletion cleans links and respects shared files
PASS QL API: cross-owner legacy reference blocks Piece and account deletion before mutations
PASS QL API: account SQL failure rolls back all prior cleanup for self and admin
PASS QL API: self account deletion cleans QL rows; preserves other account and files
PASS QL API: admin account deletion cleans QL rows; preserves other account and files
PASS 10 deletion API checks (QL)
TAP version 13
# Subtest: complete/mixed history preserves provenance, manual layers, shared firing, tiles, pricing, sales and photos
ok 1 - complete/mixed history preserves provenance, manual layers, shared firing, tiles, pricing, sales and photos
  ---
  duration_ms: 18.086855
  type: 'test'
  ...
# Subtest: legacy-only Piece remains readable without QL tables
ok 2 - legacy-only Piece remains readable without QL tables
  ---
  duration_ms: 1.371397
  type: 'test'
  ...
# Subtest: QL-only relationships work and stale/foreign corrupt links are filtered
ok 3 - QL-only relationships work and stale/foreign corrupt links are filtered
  ---
  duration_ms: 3.076371
  type: 'test'
  ...
# Subtest: foreign Piece is indistinguishable from missing Piece
ok 4 - foreign Piece is indistinguishable from missing Piece
  ---
  duration_ms: 2.915366
  type: 'test'
  ...
# Subtest: ordering is deterministic and undated items remain undated
ok 5 - ordering is deterministic and undated items remain undated
  ---
  duration_ms: 3.288656
  type: 'test'
  ...
1..5
# tests 5
# suites 0
# pass 5
# fail 0
# cancelled 0
# skipped 0
# todo 0
# duration_ms 100.111332
PASS authenticated Piece history endpoint owner isolation and 404 equivalence
TAP version 13
# Subtest: connected History renders real Phase 2A service output
ok 1 - connected History renders real Phase 2A service output
  ---
  duration_ms: 653.7005
  type: 'test'
  ...
# Subtest: Clay name and recorded date display
ok 2 - Clay name and recorded date display
  ---
  duration_ms: 284.231913
  type: 'test'
  ...
# Subtest: glaze layers retain service layer order rather than timeline order
ok 3 - glaze layers retain service layer order rather than timeline order
  ---
  duration_ms: 219.295396
  type: 'test'
  ...
# Subtest: manual glaze label, coats and application are retained
ok 4 - manual glaze label, coats and application are retained
  ---
  duration_ms: 206.891991
  type: 'test'
  ...
# Subtest: multiple Firings follow service newest-first chronology
ok 5 - multiple Firings follow service newest-first chronology
  ---
  duration_ms: 213.656682
  type: 'test'
  ...
# Subtest: shared Firing appears once without inferred sibling Pieces
ok 6 - shared Firing appears once without inferred sibling Pieces
  ---
  duration_ms: 197.70666
  type: 'test'
  ...
# Subtest: explicit Test Tile displays meaningful label and link context
ok 7 - explicit Test Tile displays meaningful label and link context
  ---
  duration_ms: 188.993894
  type: 'test'
  ...
# Subtest: explicit Pricing displays saved calculation label
ok 8 - explicit Pricing displays saved calculation label
  ---
  duration_ms: 190.56317
  type: 'test'
  ...
# Subtest: Sales show amount and actual date
ok 9 - Sales show amount and actual date
  ---
  duration_ms: 192.689447
  type: 'test'
  ...
# Subtest: Piece photo bytes use authenticated scoped request and blob URL
ok 10 - Piece photo bytes use authenticated scoped request and blob URL
  ---
  duration_ms: 267.008284
  type: 'test'
  ...
# Subtest: repeated rendering is deterministic and preserves provenance internally
ok 11 - repeated rendering is deterministic and preserves provenance internally
  ---
  duration_ms: 197.362957
  type: 'test'
  ...
# Subtest: undated layer remains Undated, never assigned current date
ok 12 - undated layer remains Undated, never assigned current date
  ---
  duration_ms: 189.113154
  type: 'test'
  ...
# Subtest: relationship-only date is labelled Linked and does not invent record date
ok 13 - relationship-only date is labelled Linked and does not invent record date
  ---
  duration_ms: 207.107494
  type: 'test'
  ...
# Subtest: legacy-only Piece works with no QL tables
ok 14 - legacy-only Piece works with no QL tables
  ---
  duration_ms: 201.55358
  type: 'test'
  ...
# Subtest: mixed legacy and QL same Firing is not duplicated
ok 15 - mixed legacy and QL same Firing is not duplicated
  ---
  duration_ms: 196.169311
  type: 'test'
  ...
# Subtest: QL-only relationship renders with no direct Piece pointer
ok 16 - QL-only relationship renders with no direct Piece pointer
  ---
  duration_ms: 183.632613
  type: 'test'
  ...
# Subtest: empty history is a normal empty state
ok 17 - empty history is a normal empty state
  ---
  duration_ms: 173.29442
  type: 'test'
  ...
# Subtest: stale optional targets do not crash Piece view
ok 18 - stale optional targets do not crash Piece view
  ---
  duration_ms: 223.274175
  type: 'test'
  ...
# Subtest: foreign corrupt relationship omitted by server service before DOM
ok 19 - foreign corrupt relationship omitted by server service before DOM
  ---
  duration_ms: 174.3964
  type: 'test'
  ...
# Subtest: viewing history has no writes and retains original Piece edit controls
ok 20 - viewing history has no writes and retains original Piece edit controls
  ---
  duration_ms: 249.229984
  type: 'test'
  ...
# Subtest: loading history never blocks Piece details
ok 21 - loading history never blocks Piece details
  ---
  duration_ms: 208.707717
  type: 'test'
  ...
# Subtest: API failure and retry are generic and retain Piece details
ok 22 - API failure and retry are generic and retain Piece details
  ---
  duration_ms: 220.78888
  type: 'test'
  ...
# Subtest: logout discards in-flight history and clears private DOM
ok 23 - logout discards in-flight history and clears private DOM
  ---
  duration_ms: 256.068563
  type: 'test'
  ...
# Subtest: navigation discards stale history responses
ok 24 - navigation discards stale history responses
  ---
  duration_ms: 266.584984
  type: 'test'
  ...
# Subtest: unsafe labels are text, not executable HTML
ok 25 - unsafe labels are text, not executable HTML
  ---
  duration_ms: 249.773058
  type: 'test'
  ...
# Subtest: missing photo falls back without failing history
ok 26 - missing photo falls back without failing history
  ---
  duration_ms: 206.230464
  type: 'test'
  ...
# Subtest: photo object URLs released on navigation
ok 27 - photo object URLs released on navigation
  ---
  duration_ms: 246.206682
  type: 'test'
  ...
# Subtest: History loading and failure states expose status semantics
ok 28 - History loading and failure states expose status semantics
  ---
  duration_ms: 250.837959
  type: 'test'
  ...
# Subtest: History retry is a labelled native button and remains GET-only
ok 29 - History retry is a labelled native button and remains GET-only
  ---
  duration_ms: 260.726672
  type: 'test'
  ...
# Subtest: History photo alt text identifies the Piece photo and its meaningful label
ok 30 - History photo alt text identifies the Piece photo and its meaningful label
  ---
  duration_ms: 212.995323
  type: 'test'
  ...
# Subtest: successful account replacement clears existing private History before token changes
ok 31 - successful account replacement clears existing private History before token changes
  ---
  duration_ms: 287.007518
  type: 'test'
  ...
1..31
# tests 31
# suites 0
# pass 31
# fail 0
# cancelled 0
# skipped 0
# todo 0
# duration_ms 7754.387061
PASS Phase 2B unauthenticated History and photo bytes rejected
PASS Phase 2B foreign and missing Piece IDs indistinguishable
PASS Phase 2B shared Firing stays owner scoped and read-only
PASS Phase 2B foreign photos never included in History payload
PASS Phase 2B authenticated owned photo bytes delivered without caching
PASS Phase 2B tampered Piece and photo IDs cannot read foreign bytes
PASS Phase 2B missing files and unsafe paths are generic unavailable
PASS Phase 2B corrupt foreign and stale optional links filtered before client
PASS Phase 2B cross-owner filename collision rejected without mutating metadata
PASS Phase 2B photo bytes cannot be read through non-GET mutation methods
PASS Phase 2B public legacy upload path exposes known filenames without authentication
PASS Phase 2B protected History bytes remain denied after switching to Account B
PASS Phase 2B existing Piece detail endpoint remains available
TAP version 13
# Subtest: private Piece media classification is explicit and public opt-in stays distinct
ok 1 - private Piece media classification is explicit and public opt-in stays distinct
  ---
  duration_ms: 607.373655
  type: 'test'
  ...
# Subtest: authenticated owner can load private Piece photo
ok 2 - authenticated owner can load private Piece photo
  ---
  duration_ms: 55.410643
  type: 'test'
  ...
# Subtest: another account cannot load private Piece photo
ok 3 - another account cannot load private Piece photo
  ---
  duration_ms: 9.428073
  type: 'test'
  ...
# Subtest: unauthenticated private Piece photo request is denied
ok 4 - unauthenticated private Piece photo request is denied
  ---
  duration_ms: 2.639209
  type: 'test'
  ...
# Subtest: foreign and nonexistent private photo behavior is equivalent
ok 5 - foreign and nonexistent private photo behavior is equivalent
  ---
  duration_ms: 9.863364
  type: 'test'
  ...
# Subtest: private Piece detail contract preserves stored filename and marks protected visibility
ok 6 - private Piece detail contract preserves stored filename and marks protected visibility
  ---
  duration_ms: 8.928298
  type: 'test'
  ...
# Subtest: website private Piece detail uses protected delivery rather than legacy filename URL
ok 7 - website private Piece detail uses protected delivery rather than legacy filename URL
  ---
  duration_ms: 1.55492
  type: 'test'
  ...
# Subtest: intentionally public Piece detail remains on legacy public delivery
ok 8 - intentionally public Piece detail remains on legacy public delivery
  ---
  duration_ms: 13.061568
  type: 'test'
  ...
# Subtest: legacy ambiguous classification is not silently forced through private route
ok 9 - legacy ambiguous classification is not silently forced through private route
  ---
  duration_ms: 7.992765
  type: 'test'
  ...
# Subtest: account switching and navigation revoke prior private Piece object URLs
ok 10 - account switching and navigation revoke prior private Piece object URLs
  ---
  duration_ms: 0.679547
  type: 'test'
  ...
# Subtest: private Piece photo reload path is read-only and failure leaves Piece detail usable
ok 11 - private Piece photo reload path is read-only and failure leaves Piece detail usable
  ---
  duration_ms: 0.354583
  type: 'test'
  ...
# Subtest: Connected History protected-photo behavior remains owner-scoped
ok 12 - Connected History protected-photo behavior remains owner-scoped
  ---
  duration_ms: 7.612548
  type: 'test'
  ...
# Subtest: Piece list API exposes the same explicit visibility contract for mobile thumbnails
ok 13 - Piece list API exposes the same explicit visibility contract for mobile thumbnails
  ---
  duration_ms: 9.611219
  type: 'test'
  ...
1..13
# tests 13
# suites 0
# pass 13
# fail 0
# cancelled 0
# skipped 0
# todo 0
# duration_ms 888.871369
TAP version 13
# Subtest: 2U public Piece photo loads anonymously with nosniff and revalidation
ok 1 - 2U public Piece photo loads anonymously with nosniff and revalidation
  ---
  duration_ms: 755.335168
  type: 'test'
  ...
# Subtest: 2U public route denies private and legacy-ambiguous relationships
ok 2 - 2U public route denies private and legacy-ambiguous relationships
  ---
  duration_ms: 10.889469
  type: 'test'
  ...
# Subtest: 2U wrong Piece-photo relationship denied even when both filenames are known
ok 3 - 2U wrong Piece-photo relationship denied even when both filenames are known
  ---
  duration_ms: 2.428773
  type: 'test'
  ...
# Subtest: 2U unfinished public Piece denied; actual Gallery status normalization preserved
ok 4 - 2U unfinished public Piece denied; actual Gallery status normalization preserved
  ---
  duration_ms: 21.67321
  type: 'test'
  ...
# Subtest: 2U private and public filename collisions both fail closed
ok 5 - 2U private and public filename collisions both fail closed
  ---
  duration_ms: 6.669258
  type: 'test'
  ...
# Subtest: 2U cross-category filename collision fails closed
ok 6 - 2U cross-category filename collision fails closed
  ---
  duration_ms: 2.663509
  type: 'test'
  ...
# Subtest: 2U unsafe stored filenames missing files and symlinks never disclose paths
ok 7 - 2U unsafe stored filenames missing files and symlinks never disclose paths
  ---
  duration_ms: 16.080972
  type: 'test'
  ...
# Subtest: 2U unpublishing revokes public access on next request
ok 8 - 2U unpublishing revokes public access on next request
  ---
  duration_ms: 5.082087
  type: 'test'
  ...
# Subtest: 2U Gallery carries record/photo identity for public delivery
ok 9 - 2U Gallery carries record/photo identity for public delivery
  ---
  duration_ms: 8.539759
  type: 'test'
  ...
# Subtest: 2U dashboard and list expose explicit visibility
ok 10 - 2U dashboard and list expose explicit visibility
  ---
  duration_ms: 11.486552
  type: 'test'
  ...
# Subtest: 2U global uploads remains unchanged including private historical compatibility
ok 11 - 2U global uploads remains unchanged including private historical compatibility
  ---
  duration_ms: 1.998452
  type: 'test'
  ...
# Subtest: 2U Photo Lookup metadata is owner-resolved without changing scoring
ok 12 - 2U Photo Lookup metadata is owner-resolved without changing scoring
  ---
  duration_ms: 0.632155
  type: 'test'
  ...
# Subtest: 2U Photo Lookup returns owner-only private/public/legacy classification with original matching
ok 13 - 2U Photo Lookup returns owner-only private/public/legacy classification with original matching
  ---
  duration_ms: 99.554502
  type: 'test'
  ...
# Subtest: 2U website private Piece edge markup has protected identity without static URL
ok 14 - 2U website private Piece edge markup has protected identity without static URL
  ---
  duration_ms: 68.60818
  type: 'test'
  ...
# Subtest: 2U explicit public finished edge uses public route and unfinished uses authenticated history
ok 15 - 2U explicit public finished edge uses public route and unfinished uses authenticated history
  ---
  duration_ms: 12.974868
  type: 'test'
  ...
# Subtest: 2U legacy compatibility narrowly scoped and incomplete private identity fails closed
ok 16 - 2U legacy compatibility narrowly scoped and incomplete private identity fails closed
  ---
  duration_ms: 6.522434
  type: 'test'
  ...
# Subtest: 2U private thumbnail fetch authenticates and cleans blobs on account switch
ok 17 - 2U private thumbnail fetch authenticates and cleans blobs on account switch
  ---
  duration_ms: 19.758387
  type: 'test'
  ...
# Subtest: 2U stale Account A response cannot populate Account B results
ok 18 - 2U stale Account A response cannot populate Account B results
  ---
  duration_ms: 11.515395
  type: 'test'
  ...
# Subtest: 2U protected failure has no static fallback
ok 19 - 2U protected failure has no static fallback
  ---
  duration_ms: 11.71365
  type: 'test'
  ...
# Subtest: 2U disconnected stale nodes do not retain object URLs
ok 20 - 2U disconnected stale nodes do not retain object URLs
  ---
  duration_ms: 11.409983
  type: 'test'
  ...
# Subtest: 2U Piece dashboard cards grids and casualty equivalent cards use shared edge helper
ok 21 - 2U Piece dashboard cards grids and casualty equivalent cards use shared edge helper
  ---
  duration_ms: 0.819125
  type: 'test'
  ...
# Subtest: 2U web Photo Lookup rejects stale result before render and hydrates protected thumbnails
ok 22 - 2U web Photo Lookup rejects stale result before render and hydrates protected thumbnails
  ---
  duration_ms: 0.740865
  type: 'test'
  ...
# Subtest: 2U public Combo renderer and Pinterest share require explicit public delivery
ok 23 - 2U public Combo renderer and Pinterest share require explicit public delivery
  ---
  duration_ms: 0.782375
  type: 'test'
  ...
# Subtest: 2U public Combo render cannot promote private/legacy image into Pinterest URL
ok 24 - 2U public Combo render cannot promote private/legacy image into Pinterest URL
  ---
  duration_ms: 84.877764
  type: 'test'
  ...
# Subtest: 2U empty Piece detail has no thumbnail container and remains usable
ok 25 - 2U empty Piece detail has no thumbnail container and remains usable
  ---
  duration_ms: 5.638048
  type: 'test'
  ...
1..25
# tests 25
# suites 0
# pass 25
# fail 0
# cancelled 0
# skipped 0
# todo 0
# duration_ms 1068.261732
TAP version 13
# Subtest: 2V selector private preview authenticates through Piece route
ok 1 - 2V selector private preview authenticates through Piece route
  ---
  duration_ms: 78.628376
  type: 'test'
  ...
# Subtest: 2V protected failure stays local without uploads fallback
ok 2 - 2V protected failure stays local without uploads fallback
  ---
  duration_ms: 17.409326
  type: 'test'
  ...
# Subtest: 2V public finished preview uses explicit public route
ok 3 - 2V public finished preview uses explicit public route
  ---
  duration_ms: 23.885716
  type: 'test'
  ...
# Subtest: 2V public casualty uses authenticated owner history route
ok 4 - 2V public casualty uses authenticated owner history route
  ---
  duration_ms: 10.926098
  type: 'test'
  ...
# Subtest: 2V ambiguous Piece alone retains compatibility
ok 5 - 2V ambiguous Piece alone retains compatibility
  ---
  duration_ms: 9.879929
  type: 'test'
  ...
# Subtest: 2V clearing selection revokes blob and empties preview
ok 6 - 2V clearing selection revokes blob and empties preview
  ---
  duration_ms: 9.353822
  type: 'test'
  ...
# Subtest: 2V changing Piece clears previous private preview
ok 7 - 2V changing Piece clears previous private preview
  ---
  duration_ms: 9.028707
  type: 'test'
  ...
# Subtest: 2V delayed previous selection cannot recreate blob
ok 8 - 2V delayed previous selection cannot recreate blob
  ---
  duration_ms: 8.570402
  type: 'test'
  ...
# Subtest: 2V modal close clears and revokes preview
ok 9 - 2V modal close clears and revokes preview
  ---
  duration_ms: 12.582618
  type: 'test'
  ...
# Subtest: 2V Account A completion cannot populate Account B
ok 10 - 2V Account A completion cannot populate Account B
  ---
  duration_ms: 12.573281
  type: 'test'
  ...
# Subtest: 2V token replacement rejects stale response
ok 11 - 2V token replacement rejects stale response
  ---
  duration_ms: 14.041448
  type: 'test'
  ...
# Subtest: 2V selector data request session and modal isolation
ok 12 - 2V selector data request session and modal isolation
  ---
  duration_ms: 11.504572
  type: 'test'
  ...
# Subtest: 2V local Sale photo stays local while Piece changes
ok 13 - 2V local Sale photo stays local while Piece changes
  ---
  duration_ms: 8.060182
  type: 'test'
  ...
# Subtest: 2V viewing does not mutate Piece or Sale
ok 14 - 2V viewing does not mutate Piece or Sale
  ---
  duration_ms: 7.347835
  type: 'test'
  ...
# Subtest: 2V missing protected identity fails closed
ok 15 - 2V missing protected identity fails closed
  ---
  duration_ms: 6.033889
  type: 'test'
  ...
# Subtest: 2V global uploads remains unrestricted
ok 16 - 2V global uploads remains unrestricted
  ---
  duration_ms: 1.731072
  type: 'test'
  ...
1..16
# tests 16
# suites 0
# pass 16
# fail 0
# cancelled 0
# skipped 0
# todo 0
# duration_ms 684.552439
TAP version 13
# Subtest: 2W backend Test Tile protected contract remains exact three-slot owner route
ok 1 - 2W backend Test Tile protected contract remains exact three-slot owner route
  ---
  duration_ms: 1.346626
  type: 'test'
  ...
# Subtest: 2W backend Combo contract retains explicit public protected and ambiguous states
ok 2 - 2W backend Combo contract retains explicit public protected and ambiguous states
  ---
  duration_ms: 0.640726
  type: 'test'
  ...
# Subtest: 2W global uploads deliberately remains unrestricted
ok 3 - 2W global uploads deliberately remains unrestricted
  ---
  duration_ms: 0.18707
  type: 'test'
  ...
# Subtest: 2W website Test Tile and Combo established loaders remain unchanged
ok 4 - 2W website Test Tile and Combo established loaders remain unchanged
  ---
  duration_ms: 0.399546
  type: 'test'
  ...
# Subtest: 2W server media classification remains metadata based and does not infer visibility from filenames
ok 5 - 2W server media classification remains metadata based and does not infer visibility from filenames
  ---
  duration_ms: 0.399061
  type: 'test'
  ...
1..5
# tests 5
# suites 0
# pass 5
# fail 0
# cancelled 0
# skipped 0
# todo 0
# duration_ms 72.091279
TAP version 13
# Subtest: private Piece media remains protected and website honors explicit private visibility
ok 1 - private Piece media remains protected and website honors explicit private visibility
  ---
  duration_ms: 1.053916
  type: 'test'
  ...
# Subtest: public and legacy-ambiguous Piece media remain anonymous compatibility paths
ok 2 - public and legacy-ambiguous Piece media remain anonymous compatibility paths
  ---
  duration_ms: 0.335192
  type: 'test'
  ...
# Subtest: Piece visibility semantics are metadata-based and do not infer from filenames
ok 3 - Piece visibility semantics are metadata-based and do not infer from filenames
  ---
  duration_ms: 0.230114
  type: 'test'
  ...
# Subtest: at least one intentionally public community media surface remains public
ok 4 - at least one intentionally public community media surface remains public
  ---
  duration_ms: 1.168633
  type: 'test'
  ...
# Subtest: Clay remains account-owned with protected delivery and no invented publication metadata
ok 5 - Clay remains account-owned with protected delivery and no invented publication metadata
  ---
  duration_ms: 0.447279
  type: 'test'
  ...
# Subtest: other private studio media categories still lack explicit visibility fields
ok 6 - other private studio media categories still lack explicit visibility fields
  ---
  duration_ms: 0.182298
  type: 'test'
  ...
# Subtest: Phase 2F leaves global uploads behavior unchanged
ok 7 - Phase 2F leaves global uploads behavior unchanged
  ---
  duration_ms: 0.561833
  type: 'test'
  ...
# Subtest: Phase 2F documentation forbids automatic historical reclassification
ok 8 - Phase 2F documentation forbids automatic historical reclassification
  ---
  duration_ms: 0.109077
  type: 'test'
  ...
# Subtest: migration and rollback plans cover required readiness controls
ok 9 - migration and rollback plans cover required readiness controls
  ---
  duration_ms: 0.801907
  type: 'test'
  ...
# Subtest: readiness conclusion and next slice are explicit
ok 10 - readiness conclusion and next slice are explicit
  ---
  duration_ms: 0.39033
  type: 'test'
  ...
# Subtest: Phase 2T keeps anonymous uploads unchanged while recording current-source blockers
ok 11 - Phase 2T keeps anonymous uploads unchanged while recording current-source blockers
  ---
  duration_ms: 0.168661
  type: 'test'
  ...
# Subtest: Phase 2T records protected and explicit-public contracts without auto-classifying history
ok 12 - Phase 2T records protected and explicit-public contracts without auto-classifying history
  ---
  duration_ms: 0.162359
  type: 'test'
  ...
# Subtest: Phase 2T public-media closure gaps and exact 2U slice are explicit
ok 13 - Phase 2T public-media closure gaps and exact 2U slice are explicit
  ---
  duration_ms: 0.079807
  type: 'test'
  ...
1..13
# tests 13
# suites 0
# pass 13
# fail 0
# cancelled 0
# skipped 0
# todo 0
# duration_ms 85.252162
TAP version 13
# Subtest: website Clay owner photo uses protected fetch and blob full-size source
ok 1 - website Clay owner photo uses protected fetch and blob full-size source
  ---
  duration_ms: 85.419949
  type: 'test'
  ...
# Subtest: website legacy contract preserves static URL
ok 2 - website legacy contract preserves static URL
  ---
  duration_ms: 14.547679
  type: 'test'
  ...
# Subtest: website account switch clears Clay DOM and revokes private URLs
ok 3 - website account switch clears Clay DOM and revokes private URLs
  ---
  duration_ms: 23.939592
  type: 'test'
  ...
# Subtest: late website Account A response cannot populate reused Account B view
ok 4 - late website Account A response cannot populate reused Account B view
  ---
  duration_ms: 11.020543
  type: 'test'
  ...
# Subtest: website Clay image failure remains local and record controls survive
ok 5 - website Clay image failure remains local and record controls survive
  ---
  duration_ms: 11.390287
  type: 'test'
  ...
# Subtest: website closed/reused modal invalidates late image request
ok 6 - website closed/reused modal invalidates late image request
  ---
  duration_ms: 13.749643
  type: 'test'
  ...
# Subtest: leaving Clay clears image views but preserves Clay choices used by Piece forms
ok 7 - leaving Clay clears image views but preserves Clay choices used by Piece forms
  ---
  duration_ms: 7.489604
  type: 'test'
  ...
# Subtest: Clay owner receives authenticated bytes with private no-store and nosniff
ok 8 - Clay owner receives authenticated bytes with private no-store and nosniff
  ---
  duration_ms: 676.693111
  type: 'test'
  ...
# Subtest: foreign and missing Clay photo have identical generic responses
ok 9 - foreign and missing Clay photo have identical generic responses
  ---
  duration_ms: 17.560034
  type: 'test'
  ...
# Subtest: unauthenticated Clay photo denied
ok 10 - unauthenticated Clay photo denied
  ---
  duration_ms: 2.005395
  type: 'test'
  ...
# Subtest: Clay list/detail announce owner delivery without inventing historical visibility
ok 11 - Clay list/detail announce owner delivery without inventing historical visibility
  ---
  duration_ms: 7.803475
  type: 'test'
  ...
# Subtest: cross-account Clay filename collision fails closed for both owners
ok 12 - cross-account Clay filename collision fails closed for both owners
  ---
  duration_ms: 9.575709
  type: 'test'
  ...
# Subtest: foreign non-Clay reference also prevents protected Clay delivery
ok 13 - foreign non-Clay reference also prevents protected Clay delivery
  ---
  duration_ms: 4.007179
  type: 'test'
  ...
# Subtest: unsafe path and symlink never expose filesystem bytes
ok 14 - unsafe path and symlink never expose filesystem bytes
  ---
  duration_ms: 4.892893
  type: 'test'
  ...
# Subtest: legacy anonymous Clay URL remains unchanged
ok 15 - legacy anonymous Clay URL remains unchanged
  ---
  duration_ms: 5.212438
  type: 'test'
  ...
# Subtest: Clay replacement rejects foreign owner without touching references or bytes
ok 16 - Clay replacement rejects foreign owner without touching references or bytes
  ---
  duration_ms: 63.453772
  type: 'test'
  ...
# Subtest: Clay failed database commit preserves old photo and physical bytes
ok 17 - Clay failed database commit preserves old photo and physical bytes
  ---
  duration_ms: 10.67885
  type: 'test'
  ...
# Subtest: Clay replacement uses fresh filename and retains foreign shared old bytes
ok 18 - Clay replacement uses fresh filename and retains foreign shared old bytes
  ---
  duration_ms: 16.287714
  type: 'test'
  ...
# Subtest: Piece protected delivery and explicit public compatibility remain intact
ok 19 - Piece protected delivery and explicit public compatibility remain intact
  ---
  duration_ms: 7.364302
  type: 'test'
  ...
# Subtest: Clay scoped edit preserves other photos and foreign shared bytes
ok 20 - Clay scoped edit preserves other photos and foreign shared bytes
  ---
  duration_ms: 8.893044
  type: 'test'
  ...
# Subtest: Clay scoped edit rejects photo identity outside selected record
ok 21 - Clay scoped edit rejects photo identity outside selected record
  ---
  duration_ms: 7.239872
  type: 'test'
  ...
1..21
# tests 21
# suites 0
# pass 21
# fail 0
# cancelled 0
# skipped 0
# todo 0
# duration_ms 973.158113
TAP version 13
# Subtest: website Glaze owner photo uses protected fetch and blob full-size source
ok 1 - website Glaze owner photo uses protected fetch and blob full-size source
  ---
  duration_ms: 76.219081
  type: 'test'
  ...
# Subtest: website legacy contract preserves static URL
ok 2 - website legacy contract preserves static URL
  ---
  duration_ms: 13.654555
  type: 'test'
  ...
# Subtest: website account switch clears Glaze DOM and revokes private URLs
ok 3 - website account switch clears Glaze DOM and revokes private URLs
  ---
  duration_ms: 15.282942
  type: 'test'
  ...
# Subtest: late website Account A response cannot populate reused Account B view
ok 4 - late website Account A response cannot populate reused Account B view
  ---
  duration_ms: 11.066296
  type: 'test'
  ...
# Subtest: website Glaze image failure remains local and record controls survive
ok 5 - website Glaze image failure remains local and record controls survive
  ---
  duration_ms: 11.75444
  type: 'test'
  ...
# Subtest: website closed/reused modal invalidates late image request
ok 6 - website closed/reused modal invalidates late image request
  ---
  duration_ms: 8.310692
  type: 'test'
  ...
# Subtest: leaving Glaze clears image views but preserves Glaze choices used by Piece forms
ok 7 - leaving Glaze clears image views but preserves Glaze choices used by Piece forms
  ---
  duration_ms: 11.281311
  type: 'test'
  ...
# Subtest: real Glaze card/detail use protected blobs while test images remain static
ok 8 - real Glaze card/detail use protected blobs while test images remain static
  ---
  duration_ms: 524.866979
  type: 'test'
  ...
# Subtest: real Glaze late list response cannot repopulate switched account
ok 9 - real Glaze late list response cannot repopulate switched account
  ---
  duration_ms: 282.356094
  type: 'test'
  ...
# Subtest: real Glaze manual create/edit fields remain usable
ok 10 - real Glaze manual create/edit fields remain usable
  ---
  duration_ms: 277.328858
  type: 'test'
  ...
# Subtest: Glaze owner receives authenticated bytes with private no-store and nosniff
ok 11 - Glaze owner receives authenticated bytes with private no-store and nosniff
  ---
  duration_ms: 576.617413
  type: 'test'
  ...
# Subtest: foreign and missing Glaze photo have identical generic responses
ok 12 - foreign and missing Glaze photo have identical generic responses
  ---
  duration_ms: 17.325845
  type: 'test'
  ...
# Subtest: unauthenticated Glaze photo denied
ok 13 - unauthenticated Glaze photo denied
  ---
  duration_ms: 2.167169
  type: 'test'
  ...
# Subtest: Glaze list/detail announce owner delivery without inventing historical visibility
ok 14 - Glaze list/detail announce owner delivery without inventing historical visibility
  ---
  duration_ms: 4.172953
  type: 'test'
  ...
# Subtest: cross-account Glaze filename collision fails closed for both owners
ok 15 - cross-account Glaze filename collision fails closed for both owners
  ---
  duration_ms: 8.009568
  type: 'test'
  ...
# Subtest: foreign non-Glaze reference also prevents protected Glaze delivery
ok 16 - foreign non-Glaze reference also prevents protected Glaze delivery
  ---
  duration_ms: 9.949018
  type: 'test'
  ...
# Subtest: unsafe path and symlink never expose filesystem bytes
ok 17 - unsafe path and symlink never expose filesystem bytes
  ---
  duration_ms: 7.790756
  type: 'test'
  ...
# Subtest: legacy anonymous Glaze URL remains unchanged
ok 18 - legacy anonymous Glaze URL remains unchanged
  ---
  duration_ms: 4.762171
  type: 'test'
  ...
# Subtest: Glaze replacement rejects foreign owner without touching references or bytes
ok 19 - Glaze replacement rejects foreign owner without touching references or bytes
  ---
  duration_ms: 52.319265
  type: 'test'
  ...
# Subtest: Glaze failed database commit preserves old photo and physical bytes
ok 20 - Glaze failed database commit preserves old photo and physical bytes
  ---
  duration_ms: 9.140499
  type: 'test'
  ...
# Subtest: Glaze replacement uses fresh filename and retains foreign shared old bytes
ok 21 - Glaze replacement uses fresh filename and retains foreign shared old bytes
  ---
  duration_ms: 13.864483
  type: 'test'
  ...
# Subtest: Piece protected delivery and explicit public compatibility remain intact
ok 22 - Piece protected delivery and explicit public compatibility remain intact
  ---
  duration_ms: 22.43867
  type: 'test'
  ...
# Subtest: Glaze scoped edit preserves other photos and foreign shared bytes
ok 23 - Glaze scoped edit preserves other photos and foreign shared bytes
  ---
  duration_ms: 7.742404
  type: 'test'
  ...
# Subtest: Glaze scoped edit rejects photo identity outside selected record
ok 24 - Glaze scoped edit rejects photo identity outside selected record
  ---
  duration_ms: 4.647634
  type: 'test'
  ...
# Subtest: Glaze rejects new uploads at limit while scoped replacement remains allowed
ok 25 - Glaze rejects new uploads at limit while scoped replacement remains allowed
  ---
  duration_ms: 5.914701
  type: 'test'
  ...
# Subtest: Glaze reorder preserves exact permutation and rejects duplicate and foreign identities
ok 26 - Glaze reorder preserves exact permutation and rejects duplicate and foreign identities
  ---
  duration_ms: 22.867597
  type: 'test'
  ...
# Subtest: Glaze deletion denies foreign account and retains shared test-media bytes
ok 27 - Glaze deletion denies foreign account and retains shared test-media bytes
  ---
  duration_ms: 35.17895
  type: 'test'
  ...
# Subtest: Glaze deletion database failure retains live row and bytes
ok 28 - Glaze deletion database failure retains live row and bytes
  ---
  duration_ms: 5.237473
  type: 'test'
  ...
# Subtest: Clay protected delivery unchanged beside Glaze
ok 29 - Clay protected delivery unchanged beside Glaze
  ---
  duration_ms: 17.580511
  type: 'test'
  ...
# Subtest: Glaze cleanup failure leaves unused bytes after committed row deletion
ok 30 - Glaze cleanup failure leaves unused bytes after committed row deletion
  ---
  duration_ms: 3.687226
  type: 'test'
  ...
# Subtest: Glaze Clay Test protected delivery enforces owner auth and generic missing behavior
ok 31 - Glaze Clay Test protected delivery enforces owner auth and generic missing behavior
  ---
  duration_ms: 17.62117
  type: 'test'
  ...
# Subtest: Glaze Clay Test filename collision fails closed across accounts
ok 32 - Glaze Clay Test filename collision fails closed across accounts
  ---
  duration_ms: 8.745914
  type: 'test'
  ...
# Subtest: Glaze Clay Test replacement is record scoped and preserves shared old bytes
ok 33 - Glaze Clay Test replacement is record scoped and preserves shared old bytes
  ---
  duration_ms: 14.138962
  type: 'test'
  ...
# Subtest: Glaze Clay Test delete remains owner scoped and shared-file safe
ok 34 - Glaze Clay Test delete remains owner scoped and shared-file safe
  ---
  duration_ms: 10.093781
  type: 'test'
  ...
# Subtest: website Glaze Clay Test surfaces use protected loader and preserve deferred categories
ok 35 - website Glaze Clay Test surfaces use protected loader and preserve deferred categories
  ---
  duration_ms: 1.343679
  type: 'test'
  ...
1..35
# tests 35
# suites 0
# pass 35
# fail 0
# cancelled 0
# skipped 0
# todo 0
# duration_ms 1707.808531
TAP version 13
# Subtest: Test Tile ownership and three slots use one protected contract
ok 1 - Test Tile ownership and three slots use one protected contract
  ---
  duration_ms: 1.697968
  type: 'test'
  ...
# Subtest: protected route authenticates owner and maps only slots 1 through 3
ok 2 - protected route authenticates owner and maps only slots 1 through 3
  ---
  duration_ms: 0.589477
  type: 'test'
  ...
# Subtest: protected route fails closed for cross-account filename collisions
ok 3 - protected route fails closed for cross-account filename collisions
  ---
  duration_ms: 0.253943
  type: 'test'
  ...
# Subtest: Test Tile APIs and Piece History carry delivery metadata without visibility inference
ok 4 - Test Tile APIs and Piece History carry delivery metadata without visibility inference
  ---
  duration_ms: 0.621793
  type: 'test'
  ...
# Subtest: website list detail lightbox and editor use protected Test Tile loader
ok 5 - website list detail lightbox and editor use protected Test Tile loader
  ---
  duration_ms: 0.379044
  type: 'test'
  ...
# Subtest: website loader isolates sessions rejects stale responses and cleans blob URLs
ok 6 - website loader isolates sessions rejects stale responses and cleans blob URLs
  ---
  duration_ms: 0.257811
  type: 'test'
  ...
# Subtest: failed website image is local and Test Tile details remain rendered
ok 7 - failed website image is local and Test Tile details remain rendered
  ---
  duration_ms: 0.225091
  type: 'test'
  ...
# Subtest: three-photo update preserves duplicate filename occurrences and slot order
ok 8 - three-photo update preserves duplicate filename occurrences and slot order
  ---
  duration_ms: 0.542902
  type: 'test'
  ...
# Subtest: targeted cleanup stays post-commit and reference safe
ok 9 - targeted cleanup stays post-commit and reference safe
  ---
  duration_ms: 0.516098
  type: 'test'
  ...
# Subtest: legacy static compatibility and deferred categories remain available
ok 10 - legacy static compatibility and deferred categories remain available
  ---
  duration_ms: 0.452454
  type: 'test'
  ...
# Subtest: existing protected Piece Clay Glaze and Glaze Clay Test routes remain present
ok 11 - existing protected Piece Clay Glaze and Glaze Clay Test routes remain present
  ---
  duration_ms: 0.307091
  type: 'test'
  ...
1..11
# tests 11
# suites 0
# pass 11
# fail 0
# cancelled 0
# skipped 0
# todo 0
# duration_ms 76.032125
TAP version 13
# Subtest: runtime website clears displayed Combo blobs and rejects late downloads on session teardown
ok 1 - runtime website clears displayed Combo blobs and rejects late downloads on session teardown
  ---
  duration_ms: 4.928595
  type: 'test'
  ...
# Subtest: runtime Combo delivery enforces owner, two slots, publication, legacy ambiguity and collision denial
ok 2 - runtime Combo delivery enforces owner, two slots, publication, legacy ambiguity and collision denial
  ---
  duration_ms: 10.331437
  type: 'test'
  ...
# Subtest: runtime Combo save retains newly committed uploads and rolls back failed replacement without touching old photos
ok 3 - runtime Combo save retains newly committed uploads and rolls back failed replacement without touching old photos
  ---
  duration_ms: 4.653443
  type: 'test'
  ...
# Subtest: Combo contract uses explicit shared/public state and preserves ambiguity
ok 4 - Combo contract uses explicit shared/public state and preserves ambiguity
  ---
  duration_ms: 0.399611
  type: 'test'
  ...
# Subtest: both Combo slots have exact public and protected routes
ok 5 - both Combo slots have exact public and protected routes
  ---
  duration_ms: 0.382801
  type: 'test'
  ...
# Subtest: public route is anonymous only for explicit public combos and collision-safe
ok 6 - public route is anonymous only for explicit public combos and collision-safe
  ---
  duration_ms: 0.253567
  type: 'test'
  ...
# Subtest: private route is owner scoped no-store nosniff and generic
ok 7 - private route is owner scoped no-store nosniff and generic
  ---
  duration_ms: 0.194271
  type: 'test'
  ...
# Subtest: community responses carry media contract
ok 8 - community responses carry media contract
  ---
  duration_ms: 0.561606
  type: 'test'
  ...
# Subtest: website selects public protected and legacy loading
ok 9 - website selects public protected and legacy loading
  ---
  duration_ms: 0.909371
  type: 'test'
  ...
# Subtest: website protected loader is stale guarded and cleans blobs
ok 10 - website protected loader is stale guarded and cleans blobs
  ---
  duration_ms: 0.598513
  type: 'test'
  ...
# Subtest: session replacement and navigation clear private Combo state
ok 11 - session replacement and navigation clear private Combo state
  ---
  duration_ms: 0.569244
  type: 'test'
  ...
# Subtest: website image failure is local
ok 12 - website image failure is local
  ---
  duration_ms: 0.538534
  type: 'test'
  ...
# Subtest: two-slot mutation preserves mapping and reference-safe cleanup
ok 13 - two-slot mutation preserves mapping and reference-safe cleanup
  ---
  duration_ms: 0.312324
  type: 'test'
  ...
# Subtest: Combo delete cleans after DB delete
ok 14 - Combo delete cleans after DB delete
  ---
  duration_ms: 0.204303
  type: 'test'
  ...
# Subtest: legacy uploads and existing protected categories remain
ok 15 - legacy uploads and existing protected categories remain
  ---
  duration_ms: 0.492328
  type: 'test'
  ...
# Subtest: shared and public-link flags can transition without changing filenames
ok 16 - shared and public-link flags can transition without changing filenames
  ---
  duration_ms: 0.308529
  type: 'test'
  ...
# Subtest: public to private transition does not revoke legacy static URLs
ok 17 - public to private transition does not revoke legacy static URLs
  ---
  duration_ms: 0.432124
  type: 'test'
  ...
1..17
# tests 17
# suites 0
# pass 17
# fail 0
# cancelled 0
# skipped 0
# todo 0
# duration_ms 108.04706
TAP version 13
# Subtest: website Firing owner photo uses protected fetch and blob full-size source
ok 1 - website Firing owner photo uses protected fetch and blob full-size source
  ---
  duration_ms: 87.958758
  type: 'test'
  ...
# Subtest: website legacy contract preserves static URL
ok 2 - website legacy contract preserves static URL
  ---
  duration_ms: 10.407096
  type: 'test'
  ...
# Subtest: website account switch clears Firing DOM and revokes private URLs
ok 3 - website account switch clears Firing DOM and revokes private URLs
  ---
  duration_ms: 15.877592
  type: 'test'
  ...
# Subtest: late website Account A response cannot populate reused Account B view
ok 4 - late website Account A response cannot populate reused Account B view
  ---
  duration_ms: 13.040712
  type: 'test'
  ...
# Subtest: website Firing image failure remains local and record controls survive
ok 5 - website Firing image failure remains local and record controls survive
  ---
  duration_ms: 9.933654
  type: 'test'
  ...
# Subtest: website closed/reused modal invalidates late image request
ok 6 - website closed/reused modal invalidates late image request
  ---
  duration_ms: 6.439475
  type: 'test'
  ...
# Subtest: real Firing cards detail editor reorder and lightbox all load protected photos
ok 7 - real Firing cards detail editor reorder and lightbox all load protected photos
  ---
  duration_ms: 470.409855
  type: 'test'
  ...
# Subtest: real Firing stale list/detail/editor/reorder metadata cannot repopulate after account replacement
ok 8 - real Firing stale list/detail/editor/reorder metadata cannot repopulate after account replacement
  ---
  duration_ms: 227.177627
  type: 'test'
  ...
# Subtest: Firing print copies protected blob images and closes on session cleanup
ok 9 - Firing print copies protected blob images and closes on session cleanup
  ---
  duration_ms: 218.064029
  type: 'test'
  ...
# [uploadFiringPhotos] Staging 1 files for new firing
# [uploadFiringPhotos] Added file to pending: new.jpg idx: 0
# Subtest: Firing create preview URLs are released when editor closes
ok 10 - Firing create preview URLs are released when editor closes
  ---
  duration_ms: 211.533252
  type: 'test'
  ...
# Subtest: Firing owner receives authenticated bytes with private no-store and nosniff
ok 11 - Firing owner receives authenticated bytes with private no-store and nosniff
  ---
  duration_ms: 576.625037
  type: 'test'
  ...
# Subtest: foreign and missing Firing photo have identical generic responses
ok 12 - foreign and missing Firing photo have identical generic responses
  ---
  duration_ms: 17.712256
  type: 'test'
  ...
# Subtest: unauthenticated Firing photo denied
ok 13 - unauthenticated Firing photo denied
  ---
  duration_ms: 2.363569
  type: 'test'
  ...
# Subtest: Firing list/detail announce owner delivery without inventing historical visibility
ok 14 - Firing list/detail announce owner delivery without inventing historical visibility
  ---
  duration_ms: 5.796593
  type: 'test'
  ...
# Subtest: cross-account Firing filename collision fails closed for both owners
ok 15 - cross-account Firing filename collision fails closed for both owners
  ---
  duration_ms: 7.787782
  type: 'test'
  ...
# Subtest: foreign non-Firing reference also prevents protected Firing delivery
ok 16 - foreign non-Firing reference also prevents protected Firing delivery
  ---
  duration_ms: 6.467867
  type: 'test'
  ...
# Subtest: unsafe path and symlink never expose filesystem bytes
ok 17 - unsafe path and symlink never expose filesystem bytes
  ---
  duration_ms: 8.694968
  type: 'test'
  ...
# Subtest: legacy anonymous Firing URL remains unchanged
ok 18 - legacy anonymous Firing URL remains unchanged
  ---
  duration_ms: 4.06062
  type: 'test'
  ...
# Subtest: Firing replacement rejects foreign owner without touching references or bytes
ok 19 - Firing replacement rejects foreign owner without touching references or bytes
  ---
  duration_ms: 47.440302
  type: 'test'
  ...
# Subtest: Firing failed database commit preserves old photo and physical bytes
ok 20 - Firing failed database commit preserves old photo and physical bytes
  ---
  duration_ms: 14.661671
  type: 'test'
  ...
# Subtest: Firing replacement uses fresh filename and retains foreign shared old bytes
ok 21 - Firing replacement uses fresh filename and retains foreign shared old bytes
  ---
  duration_ms: 23.820673
  type: 'test'
  ...
# Subtest: Piece protected delivery and explicit public compatibility remain intact
ok 22 - Piece protected delivery and explicit public compatibility remain intact
  ---
  duration_ms: 15.852206
  type: 'test'
  ...
# Subtest: Firing scoped edit preserves other photos and foreign shared bytes
ok 23 - Firing scoped edit preserves other photos and foreign shared bytes
  ---
  duration_ms: 6.308681
  type: 'test'
  ...
# Subtest: Firing scoped edit rejects photo identity outside selected record
ok 24 - Firing scoped edit rejects photo identity outside selected record
  ---
  duration_ms: 6.099759
  type: 'test'
  ...
# Subtest: Firing reorder preserves exact permutation and rejects duplicate and foreign identities
ok 25 - Firing reorder preserves exact permutation and rejects duplicate and foreign identities
  ---
  duration_ms: 19.816162
  type: 'test'
  ...
# Subtest: Firing photo removal retains same-account and foreign shared references
ok 26 - Firing photo removal retains same-account and foreign shared references
  ---
  duration_ms: 5.675062
  type: 'test'
  ...
# Subtest: Firing deletion database failure retains live row and bytes
ok 27 - Firing deletion database failure retains live row and bytes
  ---
  duration_ms: 8.10805
  type: 'test'
  ...
# Subtest: Clay protected delivery unchanged beside Firing
ok 28 - Clay protected delivery unchanged beside Firing
  ---
  duration_ms: 13.293008
  type: 'test'
  ...
# Subtest: Firing cleanup failure leaves unused bytes after committed row deletion
ok 29 - Firing cleanup failure leaves unused bytes after committed row deletion
  ---
  duration_ms: 2.824008
  type: 'test'
  ...
# Subtest: Firing multi-upload rolls back every inserted photo when a later insert fails
ok 30 - Firing multi-upload rolls back every inserted photo when a later insert fails
  ---
  duration_ms: 15.488659
  type: 'test'
  ...
# Subtest: Firing multi-photo upload individually addresses each image without changing metadata
ok 31 - Firing multi-photo upload individually addresses each image without changing metadata
  ---
  duration_ms: 27.075061
  type: 'test'
  ...
# Subtest: Firing reorder is atomic on SQL failure and rejects incomplete permutations
ok 32 - Firing reorder is atomic on SQL failure and rejects incomplete permutations
  ---
  duration_ms: 6.953606
  type: 'test'
  ...
# Subtest: Firing History remains metadata-only and does not add photo rendering
ok 33 - Firing History remains metadata-only and does not add photo rendering
  ---
  duration_ms: 1.886989
  type: 'test'
  ...
# Subtest: post-commit response failure cannot remove a committed Firing replacement
ok 34 - post-commit response failure cannot remove a committed Firing replacement
  ---
  duration_ms: 2.79746
  type: 'test'
  ...
1..34
# tests 34
# suites 0
# pass 34
# fail 0
# cancelled 0
# skipped 0
# todo 0
# duration_ms 1711.235771
TAP version 13
# Subtest: website Pricing owner photo uses protected fetch and blob full-size source
ok 1 - website Pricing owner photo uses protected fetch and blob full-size source
  ---
  duration_ms: 77.159192
  type: 'test'
  ...
# Subtest: website legacy contract preserves static URL
ok 2 - website legacy contract preserves static URL
  ---
  duration_ms: 10.896033
  type: 'test'
  ...
# Subtest: website account switch clears Pricing DOM and revokes private URLs
ok 3 - website account switch clears Pricing DOM and revokes private URLs
  ---
  duration_ms: 17.052539
  type: 'test'
  ...
# Subtest: late website Account A response cannot populate reused Account B view
ok 4 - late website Account A response cannot populate reused Account B view
  ---
  duration_ms: 9.977386
  type: 'test'
  ...
# Subtest: website Pricing image failure remains local and record controls survive
ok 5 - website Pricing image failure remains local and record controls survive
  ---
  duration_ms: 9.363307
  type: 'test'
  ...
# Subtest: website closed/reused modal invalidates late image request
ok 6 - website closed/reused modal invalidates late image request
  ---
  duration_ms: 7.068488
  type: 'test'
  ...
# Subtest: real Pricing cards and reopened editor use protected URLs with read-only viewing
ok 7 - real Pricing cards and reopened editor use protected URLs with read-only viewing
  ---
  duration_ms: 523.676157
  type: 'test'
  ...
# Subtest: late Pricing metadata cannot repopulate account-switched page
ok 8 - late Pricing metadata cannot repopulate account-switched page
  ---
  duration_ms: 220.314358
  type: 'test'
  ...
# Subtest: reopened Pricing fields and actions remain usable when image fails
ok 9 - reopened Pricing fields and actions remain usable when image fails
  ---
  duration_ms: 215.76996
  type: 'test'
  ...
# Subtest: session cleanup clears Pricing cards editor local preview and pending requests
ok 10 - session cleanup clears Pricing cards editor local preview and pending requests
  ---
  duration_ms: 197.957367
  type: 'test'
  ...
# Subtest: Pricing owner receives bytes with private no-store and nosniff
ok 11 - Pricing owner receives bytes with private no-store and nosniff
  ---
  duration_ms: 554.706742
  type: 'test'
  ...
# Subtest: foreign missing and wrong photo identity have generic equivalent responses
ok 12 - foreign missing and wrong photo identity have generic equivalent responses
  ---
  duration_ms: 19.995034
  type: 'test'
  ...
# Subtest: Pricing requires authentication
ok 13 - Pricing requires authentication
  ---
  duration_ms: 7.209576
  type: 'test'
  ...
# Subtest: owner list and detail advertise delivery without historical reclassification
ok 14 - owner list and detail advertise delivery without historical reclassification
  ---
  duration_ms: 16.066004
  type: 'test'
  ...
# Subtest: cross-account Pricing filename collision fails closed
ok 15 - cross-account Pricing filename collision fails closed
  ---
  duration_ms: 13.241637
  type: 'test'
  ...
# Subtest: foreign cross-category reference blocks Pricing bytes
ok 16 - foreign cross-category reference blocks Pricing bytes
  ---
  duration_ms: 12.529604
  type: 'test'
  ...
# Subtest: unsafe stored path symlink and missing file are denied
ok 17 - unsafe stored path symlink and missing file are denied
  ---
  duration_ms: 16.322009
  type: 'test'
  ...
# Subtest: anonymous static Pricing compatibility remains unrestricted
ok 18 - anonymous static Pricing compatibility remains unrestricted
  ---
  duration_ms: 3.117279
  type: 'test'
  ...
# Subtest: foreign replacement denied and uploaded bytes discarded
ok 19 - foreign replacement denied and uploaded bytes discarded
  ---
  duration_ms: 25.703458
  type: 'test'
  ...
# Subtest: invalid mutation discards only uncommitted upload
ok 20 - invalid mutation discards only uncommitted upload
  ---
  duration_ms: 7.50702
  type: 'test'
  ...
# Subtest: failed replacement commit retains complete original record and bytes
ok 21 - failed replacement commit retains complete original record and bytes
  ---
  duration_ms: 8.184525
  type: 'test'
  ...
# Subtest: replacement preserves unrelated fields and shared old bytes
ok 22 - replacement preserves unrelated fields and shared old bytes
  ---
  duration_ms: 10.063343
  type: 'test'
  ...
# Subtest: create failure leaves no orphan upload
ok 23 - create failure leaves no orphan upload
  ---
  duration_ms: 8.834977
  type: 'test'
  ...
# Subtest: foreign deletion denied and shared reference safe deletion succeeds
ok 24 - foreign deletion denied and shared reference safe deletion succeeds
  ---
  duration_ms: 9.517798
  type: 'test'
  ...
# Subtest: failed delete preserves row and file
ok 25 - failed delete preserves row and file
  ---
  duration_ms: 7.712769
  type: 'test'
  ...
# Subtest: post-commit response failure cannot remove committed replacement
ok 26 - post-commit response failure cannot remove committed replacement
  ---
  duration_ms: 5.598294
  type: 'test'
  ...
# Subtest: post-commit cleanup failure cannot corrupt Pricing record
ok 27 - post-commit cleanup failure cannot corrupt Pricing record
  ---
  duration_ms: 2.597945
  type: 'test'
  ...
# Subtest: no new Pricing export or History photo consumer
ok 28 - no new Pricing export or History photo consumer
  ---
  duration_ms: 0.678147
  type: 'test'
  ...
# Subtest: Pricing replacement preserves Piece link and read-only History metadata; deletion cascades only its link
ok 29 - Pricing replacement preserves Piece link and read-only History metadata; deletion cascades only its link
  ---
  duration_ms: 30.207459
  type: 'test'
  ...
1..29
# tests 29
# suites 0
# pass 29
# fail 0
# cancelled 0
# skipped 0
# todo 0
# duration_ms 1742.582152
TAP version 13
# Subtest: website Sale owner photo uses protected fetch and blob full-size source
ok 1 - website Sale owner photo uses protected fetch and blob full-size source
  ---
  duration_ms: 84.932359
  type: 'test'
  ...
# Subtest: website legacy contract preserves static URL
ok 2 - website legacy contract preserves static URL
  ---
  duration_ms: 10.985259
  type: 'test'
  ...
# Subtest: website account switch clears Sale DOM and revokes private URLs
ok 3 - website account switch clears Sale DOM and revokes private URLs
  ---
  duration_ms: 13.297288
  type: 'test'
  ...
# Subtest: late website Account A response cannot populate reused Account B view
ok 4 - late website Account A response cannot populate reused Account B view
  ---
  duration_ms: 12.843683
  type: 'test'
  ...
# Subtest: website Sale image failure remains local and record controls survive
ok 5 - website Sale image failure remains local and record controls survive
  ---
  duration_ms: 11.897139
  type: 'test'
  ...
# Subtest: website closed/reused modal invalidates late image request
ok 6 - website closed/reused modal invalidates late image request
  ---
  duration_ms: 13.079023
  type: 'test'
  ...
# Subtest: actual regular and Quick Sale list detail editor load protected images; viewing is GET only
ok 7 - actual regular and Quick Sale list detail editor load protected images; viewing is GET only
  ---
  duration_ms: 498.558259
  type: 'test'
  ...
# Subtest: actual image failure leaves Sale details and editor fields usable
ok 8 - actual image failure leaves Sale details and editor fields usable
  ---
  duration_ms: 254.691505
  type: 'test'
  ...
# Subtest: late Sale metadata cannot repopulate a new account
ok 9 - late Sale metadata cannot repopulate a new account
  ---
  duration_ms: 197.311356
  type: 'test'
  ...
# Subtest: closing editor during metadata fetch prevents late reopen
ok 10 - closing editor during metadata fetch prevents late reopen
  ---
  duration_ms: 192.398049
  type: 'test'
  ...
# Subtest: image-free historical Sale remains usable with no photo fetch
ok 11 - image-free historical Sale remains usable with no photo fetch
  ---
  duration_ms: 176.49659
  type: 'test'
  ...
# Subtest: current Sale 401 clears media but stale 401 cannot clear new account
ok 12 - current Sale 401 clears media but stale 401 cannot clear new account
  ---
  duration_ms: 194.523719
  type: 'test'
  ...
# Subtest: Sale owner receives protected bytes private no-store nosniff
ok 13 - Sale owner receives protected bytes private no-store nosniff
  ---
  duration_ms: 655.070719
  type: 'test'
  ...
# Subtest: Sale foreign missing wrong-photo responses are equivalent
ok 14 - Sale foreign missing wrong-photo responses are equivalent
  ---
  duration_ms: 24.595043
  type: 'test'
  ...
# Subtest: Sale unauthenticated denied
ok 15 - Sale unauthenticated denied
  ---
  duration_ms: 2.711755
  type: 'test'
  ...
# Subtest: Sale list contract does not classify historical visibility
ok 16 - Sale list contract does not classify historical visibility
  ---
  duration_ms: 9.479744
  type: 'test'
  ...
# Subtest: cross-account Sale filename collision fails closed
ok 17 - cross-account Sale filename collision fails closed
  ---
  duration_ms: 11.36846
  type: 'test'
  ...
# Subtest: foreign Piece reference collision fails closed
ok 18 - foreign Piece reference collision fails closed
  ---
  duration_ms: 6.092823
  type: 'test'
  ...
# Subtest: stored traversal symlink missing unsupported file denied
ok 19 - stored traversal symlink missing unsupported file denied
  ---
  duration_ms: 13.152006
  type: 'test'
  ...
# Subtest: global uploads remains anonymous including Sales
ok 20 - global uploads remains anonymous including Sales
  ---
  duration_ms: 2.552914
  type: 'test'
  ...
# Subtest: foreign regular and photo-only mutations discard uploads
ok 21 - foreign regular and photo-only mutations discard uploads
  ---
  duration_ms: 25.108123
  type: 'test'
  ...
# Subtest: regular Sale without Piece saves photo and fields atomically
ok 22 - regular Sale without Piece saves photo and fields atomically
  ---
  duration_ms: 10.317957
  type: 'test'
  ...
# Subtest: regular Piece-linked Sale copies independent bytes
ok 23 - regular Piece-linked Sale copies independent bytes
  ---
  duration_ms: 20.079987
  type: 'test'
  ...
# Subtest: Piece copy refuses foreign filename collision
ok 24 - Piece copy refuses foreign filename collision
  ---
  duration_ms: 10.199203
  type: 'test'
  ...
# Subtest: Quick Sale rows start image-free and edit uses protected delivery with cents intact
ok 25 - Quick Sale rows start image-free and edit uses protected delivery with cents intact
  ---
  duration_ms: 32.902984
  type: 'test'
  ...
# Subtest: legacy shared Piece filename loads by Sale ownership and survives replacement
ok 26 - legacy shared Piece filename loads by Sale ownership and survives replacement
  ---
  duration_ms: 12.52128
  type: 'test'
  ...
# Subtest: Sale deletion retains same physical file referenced by Piece
ok 27 - Sale deletion retains same physical file referenced by Piece
  ---
  duration_ms: 4.608471
  type: 'test'
  ...
# Subtest: failed Sale and photo-only updates preserve committed fields and bytes
ok 28 - failed Sale and photo-only updates preserve committed fields and bytes
  ---
  duration_ms: 13.456776
  type: 'test'
  ...
# Subtest: failed Piece status update rolls back Sale and new copied/uploaded bytes
ok 29 - failed Piece status update rolls back Sale and new copied/uploaded bytes
  ---
  duration_ms: 14.320398
  type: 'test'
  ...
# Subtest: foreign Piece and Contact denied without upload leaks
ok 30 - foreign Piece and Contact denied without upload leaks
  ---
  duration_ms: 15.201238
  type: 'test'
  ...
# Subtest: response failure after commit retains replacement for both Sale mutation paths
ok 31 - response failure after commit retains replacement for both Sale mutation paths
  ---
  duration_ms: 21.478267
  type: 'test'
  ...
# Subtest: physical cleanup failure happens after commit and preserves new record
ok 32 - physical cleanup failure happens after commit and preserves new record
  ---
  duration_ms: 2.668004
  type: 'test'
  ...
# Subtest: Sales export remains authenticated metadata-only CSV
ok 33 - Sales export remains authenticated metadata-only CSV
  ---
  duration_ms: 12.268643
  type: 'test'
  ...
# Subtest: Connected History remains metadata only and PDF has no Sale image renderer
ok 34 - Connected History remains metadata only and PDF has no Sale image renderer
  ---
  duration_ms: 0.814269
  type: 'test'
  ...
# Subtest: relinking Sale restores old Piece only after its last sale and marks new Piece sold
ok 35 - relinking Sale restores old Piece only after its last sale and marks new Piece sold
  ---
  duration_ms: 4.530868
  type: 'test'
  ...
# Subtest: Quick Sale invalid item rolls back whole batch
ok 36 - Quick Sale invalid item rolls back whole batch
  ---
  duration_ms: 2.807016
  type: 'test'
  ...
1..36
# tests 36
# suites 0
# pass 36
# fail 0
# cancelled 0
# skipped 0
# todo 0
# duration_ms 2108.612498
TAP version 13
# Subtest: website Project owner photo uses protected fetch and blob full-size source
ok 1 - website Project owner photo uses protected fetch and blob full-size source
  ---
  duration_ms: 74.320353
  type: 'test'
  ...
# Subtest: website legacy contract preserves static URL
ok 2 - website legacy contract preserves static URL
  ---
  duration_ms: 12.6136
  type: 'test'
  ...
# Subtest: website account switch clears Project DOM and revokes private URLs
ok 3 - website account switch clears Project DOM and revokes private URLs
  ---
  duration_ms: 11.101543
  type: 'test'
  ...
# Subtest: late website Account A response cannot populate reused Account B view
ok 4 - late website Account A response cannot populate reused Account B view
  ---
  duration_ms: 10.598405
  type: 'test'
  ...
# Subtest: website Project image failure remains local and record controls survive
ok 5 - website Project image failure remains local and record controls survive
  ---
  duration_ms: 12.587698
  type: 'test'
  ...
# Subtest: website closed/reused modal invalidates late image request
ok 6 - website closed/reused modal invalidates late image request
  ---
  duration_ms: 16.090303
  type: 'test'
  ...
# Subtest: actual Project gallery loads each protected photo; viewing is GET only
ok 7 - actual Project gallery loads each protected photo; viewing is GET only
  ---
  duration_ms: 568.143932
  type: 'test'
  ...
# Subtest: failed individual gallery photo leaves Project editing usable
ok 8 - failed individual gallery photo leaves Project editing usable
  ---
  duration_ms: 229.479559
  type: 'test'
  ...
# Subtest: late Project metadata cannot repopulate replacement account
ok 9 - late Project metadata cannot repopulate replacement account
  ---
  duration_ms: 203.401371
  type: 'test'
  ...
# Subtest: closing Project editor during fetch prevents late reopen
ok 10 - closing Project editor during fetch prevents late reopen
  ---
  duration_ms: 183.07425
  type: 'test'
  ...
# Subtest: stale local preview cannot repopulate after logout
ok 11 - stale local preview cannot repopulate after logout
  ---
  duration_ms: 187.81718
  type: 'test'
  ...
# Subtest: current Project 401 clears private state but stale 401 does not clear new account
ok 12 - current Project 401 clears private state but stale 401 does not clear new account
  ---
  duration_ms: 185.314896
  type: 'test'
  ...
# Subtest: Project owner receives exact photo bytes private no-store nosniff
ok 13 - Project owner receives exact photo bytes private no-store nosniff
  ---
  duration_ms: 692.441108
  type: 'test'
  ...
# Subtest: Project unauthenticated denied
ok 14 - Project unauthenticated denied
  ---
  duration_ms: 10.403698
  type: 'test'
  ...
# Subtest: Project foreign missing wrong-parent responses equivalent
ok 15 - Project foreign missing wrong-parent responses equivalent
  ---
  duration_ms: 18.707255
  type: 'test'
  ...
# Subtest: each Project photo independently addressable
ok 16 - each Project photo independently addressable
  ---
  duration_ms: 16.833312
  type: 'test'
  ...
# Subtest: list detail and gallery delivery contracts preserve ambiguous visibility and tied order
ok 17 - list detail and gallery delivery contracts preserve ambiguous visibility and tied order
  ---
  duration_ms: 31.76044
  type: 'test'
  ...
# Subtest: cross-account duplicate Project filename fails closed for both owners
ok 18 - cross-account duplicate Project filename fails closed for both owners
  ---
  duration_ms: 7.798906
  type: 'test'
  ...
# Subtest: cross-category foreign reference collision fails closed
ok 19 - cross-category foreign reference collision fails closed
  ---
  duration_ms: 3.217405
  type: 'test'
  ...
# Subtest: stored traversal symlink missing unsupported files fail without path disclosure
ok 20 - stored traversal symlink missing unsupported files fail without path disclosure
  ---
  duration_ms: 18.056562
  type: 'test'
  ...
# Subtest: global uploads remains anonymously accessible
ok 21 - global uploads remains anonymously accessible
  ---
  duration_ms: 2.320786
  type: 'test'
  ...
# Subtest: foreign Project uploads replacements and deletions denied without file leakage
ok 22 - foreign Project uploads replacements and deletions denied without file leakage
  ---
  duration_ms: 26.81369
  type: 'test'
  ...
# Subtest: wrong-project replacement cannot alter either gallery
ok 23 - wrong-project replacement cannot alter either gallery
  ---
  duration_ms: 11.283687
  type: 'test'
  ...
# Subtest: targeted replacement retains photo identity order metadata and unrelated rows
ok 24 - targeted replacement retains photo identity order metadata and unrelated rows
  ---
  duration_ms: 14.384859
  type: 'test'
  ...
# Subtest: multi-upload appends in request order without rewriting tied historical order
ok 25 - multi-upload appends in request order without rewriting tied historical order
  ---
  duration_ms: 8.405432
  type: 'test'
  ...
# Subtest: replacement rejects multiple files and preserves gallery
ok 26 - replacement rejects multiple files and preserves gallery
  ---
  duration_ms: 15.555546
  type: 'test'
  ...
# Subtest: failed batch rolls back every row and cleans uncommitted uploads
ok 27 - failed batch rolls back every row and cleans uncommitted uploads
  ---
  duration_ms: 14.041782
  type: 'test'
  ...
# Subtest: failed replacement preserves previous metadata and bytes
ok 28 - failed replacement preserves previous metadata and bytes
  ---
  duration_ms: 20.075134
  type: 'test'
  ...
# Subtest: targeted deletion retains unrelated photos and Project metadata
ok 29 - targeted deletion retains unrelated photos and Project metadata
  ---
  duration_ms: 9.33585
  type: 'test'
  ...
# Subtest: same-account shared filename loads individually and replacement preserves other reference
ok 30 - same-account shared filename loads individually and replacement preserves other reference
  ---
  duration_ms: 12.491063
  type: 'test'
  ...
# Subtest: deleting Project retains any same or cross-account shared file
ok 31 - deleting Project retains any same or cross-account shared file
  ---
  duration_ms: 7.080229
  type: 'test'
  ...
# Subtest: Project deletion rolls back photos if metadata deletion fails
ok 32 - Project deletion rolls back photos if metadata deletion fails
  ---
  duration_ms: 3.967597
  type: 'test'
  ...
# Subtest: committed replacement survives response failure
ok 33 - committed replacement survives response failure
  ---
  duration_ms: 6.025252
  type: 'test'
  ...
# Subtest: cleanup failure occurs after commit and cannot corrupt replacement
ok 34 - cleanup failure occurs after commit and cannot corrupt replacement
  ---
  duration_ms: 2.7603
  type: 'test'
  ...
# Subtest: no Project photo export renderer or reorder route added
ok 35 - no Project photo export renderer or reorder route added
  ---
  duration_ms: 0.681596
  type: 'test'
  ...
1..35
# tests 35
# suites 0
# pass 35
# fail 0
# cancelled 0
# skipped 0
# todo 0
# duration_ms 2167.447532
TAP version 13
# Subtest: anonymous catalog image with public revalidation and nosniff
ok 1 - anonymous catalog image with public revalidation and nosniff
  ---
  duration_ms: 700.741866
  type: 'test'
  ...
# Subtest: draft is not exposed via public image route
ok 2 - draft is not exposed via public image route
  ---
  duration_ms: 8.49081
  type: 'test'
  ...
# Subtest: ambiguous is not exposed via public image route
ok 3 - ambiguous is not exposed via public image route
  ---
  duration_ms: 2.432995
  type: 'test'
  ...
# Subtest: missing is not exposed via public image route
ok 4 - missing is not exposed via public image route
  ---
  duration_ms: 2.996592
  type: 'test'
  ...
# Subtest: merchant admin can read inactive private image with private headers
ok 5 - merchant admin can read inactive private image with private headers
  ---
  duration_ms: 8.313007
  type: 'test'
  ...
# Subtest: foreign logged-in member has generic missing behavior
ok 6 - foreign logged-in member has generic missing behavior
  ---
  duration_ms: 8.305346
  type: 'test'
  ...
# Subtest: private route requires authentication
ok 7 - private route requires authentication
  ---
  duration_ms: 2.888766
  type: 'test'
  ...
# Subtest: public and private collision blocks both routes
ok 8 - public and private collision blocks both routes
  ---
  duration_ms: 23.782046
  type: 'test'
  ...
# Subtest: catalog image versus original collision fails closed
ok 9 - catalog image versus original collision fails closed
  ---
  duration_ms: 9.326972
  type: 'test'
  ...
# Subtest: other media category collision blocks shop image
ok 10 - other media category collision blocks shop image
  ---
  duration_ms: 2.623946
  type: 'test'
  ...
# Subtest: path traversal and symlink metadata are unavailable
ok 11 - path traversal and symlink metadata are unavailable
  ---
  duration_ms: 9.928568
  type: 'test'
  ...
# Subtest: public product JSON omits downloadable original filename
ok 12 - public product JSON omits downloadable original filename
  ---
  duration_ms: 9.461388
  type: 'test'
  ...
# Subtest: preview remains anonymous and distinct from original
ok 13 - preview remains anonymous and distinct from original
  ---
  duration_ms: 17.891156
  type: 'test'
  ...
# Subtest: valid purchaser receives exact entitled bytes and safe headers
ok 14 - valid purchaser receives exact entitled bytes and safe headers
  ---
  duration_ms: 12.775985
  type: 'test'
  ...
# Subtest: anonymous cannot download
ok 15 - anonymous cannot download
  ---
  duration_ms: 7.121431
  type: 'test'
  ...
# Subtest: wrong purchaser cannot download
ok 16 - wrong purchaser cannot download
  ---
  duration_ms: 3.754231
  type: 'test'
  ...
# Subtest: merchant without purchase cannot download
ok 17 - merchant without purchase cannot download
  ---
  duration_ms: 2.004479
  type: 'test'
  ...
# Subtest: refund order has no valid download entitlement
ok 18 - refund order has no valid download entitlement
  ---
  duration_ms: 2.81693
  type: 'test'
  ...
# Subtest: cancel order has no valid download entitlement
ok 19 - cancel order has no valid download entitlement
  ---
  duration_ms: 5.526246
  type: 'test'
  ...
# Subtest: pending order has no valid download entitlement
ok 20 - pending order has no valid download entitlement
  ---
  duration_ms: 3.00454
  type: 'test'
  ...
# Subtest: physical order has no valid download entitlement
ok 21 - physical order has no valid download entitlement
  ---
  duration_ms: 5.096714
  type: 'test'
  ...
# Subtest: unbound order has no valid download entitlement
ok 22 - unbound order has no valid download entitlement
  ---
  duration_ms: 4.475303
  type: 'test'
  ...
# Subtest: missing order has no valid download entitlement
ok 23 - missing order has no valid download entitlement
  ---
  duration_ms: 4.570762
  type: 'test'
  ...
# Subtest: client supplied user product file and order IDs do not authorize
ok 24 - client supplied user product file and order IDs do not authorize
  ---
  duration_ms: 16.746052
  type: 'test'
  ...
# Subtest: multiple purchases and repeated requests independently reauthorize
ok 25 - multiple purchases and repeated requests independently reauthorize
  ---
  duration_ms: 18.568842
  type: 'test'
  ...
# Subtest: unpublishing preserves completed purchase but hides catalog
ok 26 - unpublishing preserves completed purchase but hides catalog
  ---
  duration_ms: 8.084464
  type: 'test'
  ...
# Subtest: signed email grant works only for exact order and expires
ok 27 - signed email grant works only for exact order and expires
  ---
  duration_ms: 15.07951
  type: 'test'
  ...
# Subtest: order grant in bearer cannot be used for another order
ok 28 - order grant in bearer cannot be used for another order
  ---
  duration_ms: 2.346226
  type: 'test'
  ...
# Subtest: shared original across products fails closed
ok 29 - shared original across products fails closed
  ---
  duration_ms: 5.958818
  type: 'test'
  ...
# Subtest: preview cannot substitute for original
ok 30 - preview cannot substitute for original
  ---
  duration_ms: 3.556775
  type: 'test'
  ...
# Subtest: bundled original requires explicit product relationship
ok 31 - bundled original requires explicit product relationship
  ---
  duration_ms: 15.271311
  type: 'test'
  ...
# Subtest: original resolver rejects two storage candidates
ok 32 - original resolver rejects two storage candidates
  ---
  duration_ms: 3.719374
  type: 'test'
  ...
# Subtest: deleted product order fails closed without rewriting order
ok 33 - deleted product order fails closed without rewriting order
  ---
  duration_ms: 2.618225
  type: 'test'
  ...
# Subtest: global uploads stays unrestricted including known paid upload
ok 34 - global uploads stays unrestricted including known paid upload
  ---
  duration_ms: 2.298278
  type: 'test'
  ...
# Subtest: foreign mutation denied before upload and ignores forged owner fields
ok 35 - foreign mutation denied before upload and ignores forged owner fields
  ---
  duration_ms: 13.890729
  type: 'test'
  ...
# Subtest: missing mutation target rejected before upload
ok 36 - missing mutation target rejected before upload
  ---
  duration_ms: 3.194045
  type: 'test'
  ...
# Subtest: malformed image is cleaned without changing product
ok 37 - malformed image is cleaned without changing product
  ---
  duration_ms: 20.444725
  type: 'test'
  ...
# Subtest: replacement preserves original and unrelated media with shared-file retention
ok 38 - replacement preserves original and unrelated media with shared-file retention
  ---
  duration_ms: 18.995445
  type: 'test'
  ...
# Subtest: replacement removes unreferenced previous file after commit
ok 39 - replacement removes unreferenced previous file after commit
  ---
  duration_ms: 16.208094
  type: 'test'
  ...
# Subtest: failed database replacement rolls back and cleans new upload
ok 40 - failed database replacement rolls back and cleans new upload
  ---
  duration_ms: 21.191984
  type: 'test'
  ...
# Subtest: unpublish has no physical deletion and correctly parses false
ok 41 - unpublish has no physical deletion and correctly parses false
  ---
  duration_ms: 6.461754
  type: 'test'
  ...
# Subtest: creating product never accepts client original filename
ok 42 - creating product never accepts client original filename
  ---
  duration_ms: 22.847558
  type: 'test'
  ...
# Subtest: committed replacement survives cleanup failure
ok 43 - committed replacement survives cleanup failure
  ---
  duration_ms: 3.965497
  type: 'test'
  ...
# Subtest: committed replacement survives response failure
ok 44 - committed replacement survives response failure
  ---
  duration_ms: 2.288448
  type: 'test'
  ...
# Subtest: order-scoped email grant cannot become a merchant editing credential
ok 45 - order-scoped email grant cannot become a merchant editing credential
  ---
  duration_ms: 5.230266
  type: 'test'
  ...
# Subtest: deleted purchaser cannot use signed email entitlement
ok 46 - deleted purchaser cannot use signed email entitlement
  ---
  duration_ms: 2.87745
  type: 'test'
  ...
# Subtest: merchant checkout completion without payment creates no entitlement
ok 47 - merchant checkout completion without payment creates no entitlement
  ---
  duration_ms: 1.154503
  type: 'test'
  ...
# Subtest: paid merchant completion is idempotent for repeated webhook
ok 48 - paid merchant completion is idempotent for repeated webhook
  ---
  duration_ms: 3.319723
  type: 'test'
  ...
# Subtest: fully discounted completed checkout retains entitlement
ok 49 - fully discounted completed checkout retains entitlement
  ---
  duration_ms: 1.707163
  type: 'test'
  ...
# Subtest: tracked original denies anonymous
ok 50 - tracked original denies anonymous
  ---
  duration_ms: 1.268834
  type: 'test'
  ...
# Subtest: tracked original denies wrong purchaser
ok 51 - tracked original denies wrong purchaser
  ---
  duration_ms: 2.521078
  type: 'test'
  ...
# Subtest: tracked original denies merchant without purchase
ok 52 - tracked original denies merchant without purchase
  ---
  duration_ms: 2.677754
  type: 'test'
  ...
# Subtest: tracked original denies pending order
ok 53 - tracked original denies pending order
  ---
  duration_ms: 2.067692
  type: 'test'
  ...
# Subtest: tracked original denies wrong order grant
ok 54 - tracked original denies wrong order grant
  ---
  duration_ms: 2.753272
  type: 'test'
  ...
# Subtest: tracked original cannot replace unbound product via query
ok 55 - tracked original cannot replace unbound product via query
  ---
  duration_ms: 1.846434
  type: 'test'
  ...
# Subtest: tracked original preview has separate hash and PDF MIME
ok 56 - tracked original preview has separate hash and PDF MIME
  ---
  duration_ms: 1.95913
  type: 'test'
  ...
# Subtest: tracked original remains purchased after unpublishing
ok 57 - tracked original remains purchased after unpublishing
  ---
  duration_ms: 5.273988
  type: 'test'
  ...
# Subtest: owner markup has no static URL and fetches authenticated bytes
ok 58 - owner markup has no static URL and fetches authenticated bytes
  ---
  duration_ms: 70.774131
  type: 'test'
  ...
# Subtest: directory public markup requires no authenticated loader
ok 59 - directory public markup requires no authenticated loader
  ---
  duration_ms: 9.332042
  type: 'test'
  ...
# Subtest: clear removes displayed private pixels and revokes blobs
ok 60 - clear removes displayed private pixels and revokes blobs
  ---
  duration_ms: 10.416616
  type: 'test'
  ...
# Subtest: late Account A download never populates Account B
ok 61 - late Account A download never populates Account B
  ---
  duration_ms: 9.384666
  type: 'test'
  ...
# Subtest: private 404 leaves a local image failure without static fallback
ok 62 - private 404 leaves a local image failure without static fallback
  ---
  duration_ms: 6.963284
  type: 'test'
  ...
# Subtest: 401 clears existing private images
ok 63 - 401 clears existing private images
  ---
  duration_ms: 8.765996
  type: 'test'
  ...
# Subtest: removed images release blobs on next DOM hydration
ok 64 - removed images release blobs on next DOM hydration
  ---
  duration_ms: 10.120039
  type: 'test'
  ...
# Subtest: website shop catalog uses public product scoped images
ok 65 - website shop catalog uses public product scoped images
  ---
  duration_ms: 0.693234
  type: 'test'
  ...
# Subtest: website authorized download uses header and releases URL
ok 66 - website authorized download uses header and releases URL
  ---
  duration_ms: 9.606215
  type: 'test'
  ...
# Subtest: stale purchased file is never offered to new session
ok 67 - stale purchased file is never offered to new session
  ---
  duration_ms: 9.892282
  type: 'test'
  ...
# Subtest: download denial remains local with no legacy fallback
ok 68 - download denial remains local with no legacy fallback
  ---
  duration_ms: 7.352252
  type: 'test'
  ...
1..68
# tests 68
# suites 0
# pass 68
# fail 0
# cancelled 0
# skipped 0
# todo 0
# duration_ms 1249.673532
TAP version 13
# Subtest: authenticated nonowner community member reads post image
ok 1 - authenticated nonowner community member reads post image
  ---
  duration_ms: 691.519543
  type: 'test'
  ...
# Subtest: authenticated member reads reply image owned by another member
ok 2 - authenticated member reads reply image owned by another member
  ---
  duration_ms: 11.678148
  type: 'test'
  ...
# Subtest: post and reply video both stream with expected MIME
ok 3 - post and reply video both stream with expected MIME
  ---
  duration_ms: 13.699756
  type: 'test'
  ...
# Subtest: video byte ranges preserve content and seeking
ok 4 - video byte ranges preserve content and seeking
  ---
  duration_ms: 10.421814
  type: 'test'
  ...
# Subtest: video HEAD and suffix ranges supported
ok 5 - video HEAD and suffix ranges supported
  ---
  duration_ms: 15.830372
  type: 'test'
  ...
# Subtest: unsatisfiable video range returns 416 without path disclosure
ok 6 - unsatisfiable video range returns 416 without path disclosure
  ---
  duration_ms: 6.34673
  type: 'test'
  ...
# Subtest: anonymous Forum and protected image/video access require authentication
ok 7 - anonymous Forum and protected image/video access require authentication
  ---
  duration_ms: 13.175213
  type: 'test'
  ...
# Subtest: missing user JWT cannot access Forum bytes
ok 8 - missing user JWT cannot access Forum bytes
  ---
  duration_ms: 4.282943
  type: 'test'
  ...
# Subtest: wrong thread reply and post/reply substitution fail generically
ok 9 - wrong thread reply and post/reply substitution fail generically
  ---
  duration_ms: 19.494784
  type: 'test'
  ...
# Subtest: cross-account duplicate filename rejects both records
ok 10 - cross-account duplicate filename rejects both records
  ---
  duration_ms: 6.608712
  type: 'test'
  ...
# Subtest: private other-category collision blocks Forum delivery
ok 11 - private other-category collision blocks Forum delivery
  ---
  duration_ms: 5.7573
  type: 'test'
  ...
# Subtest: bidirectional blocks suppress protected media
ok 12 - bidirectional blocks suppress protected media
  ---
  duration_ms: 7.572345
  type: 'test'
  ...
# Subtest: dual-parent reply is never rendered as parent media and inconsistent dual parent is denied
ok 13 - dual-parent reply is never rendered as parent media and inconsistent dual parent is denied
  ---
  duration_ms: 12.913743
  type: 'test'
  ...
# Subtest: unsafe paths symlinks unsupported extension and missing bytes return generic response
ok 14 - unsafe paths symlinks unsupported extension and missing bytes return generic response
  ---
  duration_ms: 12.979023
  type: 'test'
  ...
# Subtest: metadata labels authenticated media without historical publication mutation
ok 15 - metadata labels authenticated media without historical publication mutation
  ---
  duration_ms: 4.42793
  type: 'test'
  ...
# Subtest: stream cookie requires bearer bootstrap; nonce alone never authorizes
ok 16 - stream cookie requires bearer bootstrap; nonce alone never authorizes
  ---
  duration_ms: 10.722316
  type: 'test'
  ...
# Subtest: native player is authenticated, contains token-free video source and controls
ok 17 - native player is authenticated, contains token-free video source and controls
  ---
  duration_ms: 5.673223
  type: 'test'
  ...
# Subtest: stream still validates relationship and collision on every range
ok 18 - stream still validates relationship and collision on every range
  ---
  duration_ms: 3.557598
  type: 'test'
  ...
# Subtest: foreign account cannot replace stream session or revoke another account
ok 19 - foreign account cannot replace stream session or revoke another account
  ---
  duration_ms: 9.765648
  type: 'test'
  ...
# Subtest: logout revokes ranges and tombstone rejects late bootstrap
ok 20 - logout revokes ranges and tombstone rejects late bootstrap
  ---
  duration_ms: 5.260981
  type: 'test'
  ...
# Subtest: revoke before first grant closes logout/bootstrap race
ok 21 - revoke before first grant closes logout/bootstrap race
  ---
  duration_ms: 3.342832
  type: 'test'
  ...
# Subtest: foreign upload denied and uploaded bytes cleaned
ok 22 - foreign upload denied and uploaded bytes cleaned
  ---
  duration_ms: 13.786016
  type: 'test'
  ...
# Subtest: owner media-only post update preserves text and reply metadata
ok 23 - owner media-only post update preserves text and reply metadata
  ---
  duration_ms: 7.028018
  type: 'test'
  ...
# Subtest: targeted reply replacement requires reply owner, not post owner or moderator
ok 24 - targeted reply replacement requires reply owner, not post owner or moderator
  ---
  duration_ms: 17.758806
  type: 'test'
  ...
# Subtest: owner video replacement commits with correct protected type
ok 25 - owner video replacement commits with correct protected type
  ---
  duration_ms: 10.204546
  type: 'test'
  ...
# Subtest: failed database replacement retains old bytes and discards new upload
ok 26 - failed database replacement retains old bytes and discards new upload
  ---
  duration_ms: 9.355133
  type: 'test'
  ...
# Subtest: shared file reference survives replacement
ok 27 - shared file reference survives replacement
  ---
  duration_ms: 5.938449
  type: 'test'
  ...
# Subtest: invalid video signature MIME mismatch and empty upload cleaned
ok 28 - invalid video signature MIME mismatch and empty upload cleaned
  ---
  duration_ms: 13.383418
  type: 'test'
  ...
# Subtest: failed create is atomic including uploaded media
ok 29 - failed create is atomic including uploaded media
  ---
  duration_ms: 5.969939
  type: 'test'
  ...
# Subtest: missing parent reply and free-tier attachment reject without orphan bytes
ok 30 - missing parent reply and free-tier attachment reject without orphan bytes
  ---
  duration_ms: 10.829235
  type: 'test'
  ...
# Subtest: reply upload transaction rollback preserves reply count
ok 31 - reply upload transaction rollback preserves reply count
  ---
  duration_ms: 8.002359
  type: 'test'
  ...
# Subtest: unauthorized single media and thread deletion denied
ok 32 - unauthorized single media and thread deletion denied
  ---
  duration_ms: 8.604685
  type: 'test'
  ...
# Subtest: authorized moderator can delete reply media without parent bytes
ok 33 - authorized moderator can delete reply media without parent bytes
  ---
  duration_ms: 3.161557
  type: 'test'
  ...
# Subtest: reply delete preserves parent and shared unrelated files
ok 34 - reply delete preserves parent and shared unrelated files
  ---
  duration_ms: 2.904984
  type: 'test'
  ...
# Subtest: inconsistent cross-thread dual reference blocks cascade
ok 35 - inconsistent cross-thread dual reference blocks cascade
  ---
  duration_ms: 3.099935
  type: 'test'
  ...
# Subtest: admin post cascade is atomic and preserves unrelated thread and references
ok 36 - admin post cascade is atomic and preserves unrelated thread and references
  ---
  duration_ms: 4.95936
  type: 'test'
  ...
# Subtest: global uploads remains unrestricted including old Forum video
ok 37 - global uploads remains unrestricted including old Forum video
  ---
  duration_ms: 5.211689
  type: 'test'
  ...
# Subtest: cleanup failure cannot roll back committed mutation
ok 38 - cleanup failure cannot roll back committed mutation
  ---
  duration_ms: 1.615484
  type: 'test'
  ...
# Subtest: response failure never discards committed replacement
ok 39 - response failure never discards committed replacement
  ---
  duration_ms: 1.957357
  type: 'test'
  ...
# Subtest: truncated MP4 container rejected without orphan upload
ok 40 - truncated MP4 container rejected without orphan upload
  ---
  duration_ms: 4.088236
  type: 'test'
  ...
# Subtest: oversized video rejected by multipart parser and temporary files cleaned
ok 41 - oversized video rejected by multipart parser and temporary files cleaned
  ---
  duration_ms: 308.380761
  type: 'test'
  ...
# Subtest: account deletion cleans Forum cascade files after commit and preserves shared references
ok 42 - account deletion cleans Forum cascade files after commit and preserves shared references
  ---
  duration_ms: 11.353227
  type: 'test'
  ...
# Subtest: interrupted multipart stream discards its partial file
ok 43 - interrupted multipart stream discards its partial file
  ---
  duration_ms: 104.142217
  type: 'test'
  ...
# Subtest: website post image fetches auth blob without static URL
ok 44 - website post image fetches auth blob without static URL
  ---
  duration_ms: 90.172988
  type: 'test'
  ...
# Subtest: website reply image uses reply and thread identity
ok 45 - website reply image uses reply and thread identity
  ---
  duration_ms: 15.347956
  type: 'test'
  ...
# Subtest: website video keeps controls seeking stream URL and avoids video blobs
ok 46 - website video keeps controls seeking stream URL and avoids video blobs
  ---
  duration_ms: 13.5947
  type: 'test'
  ...
# Subtest: logout clears image pixels and revokes blob
ok 47 - logout clears image pixels and revokes blob
  ---
  duration_ms: 9.580187
  type: 'test'
  ...
# Subtest: account replacement pauses video strips source and revokes grant with original token
ok 48 - account replacement pauses video strips source and revokes grant with original token
  ---
  duration_ms: 10.447898
  type: 'test'
  ...
# Subtest: late image response disposed across session change
ok 49 - late image response disposed across session change
  ---
  duration_ms: 13.394008
  type: 'test'
  ...
# Subtest: late video grant never populates replacement session
ok 50 - late video grant never populates replacement session
  ---
  duration_ms: 9.485017
  type: 'test'
  ...
# Subtest: protected 404 is local and has no static retry
ok 51 - protected 404 is local and has no static retry
  ---
  duration_ms: 8.058055
  type: 'test'
  ...
# Subtest: 401 clears all Forum media state
ok 52 - 401 clears all Forum media state
  ---
  duration_ms: 14.138458
  type: 'test'
  ...
# Subtest: removed video pauses and removed image releases bytes
ok 53 - removed video pauses and removed image releases bytes
  ---
  duration_ms: 16.199744
  type: 'test'
  ...
# Subtest: explicit ambiguous record retains static compatibility
ok 54 - explicit ambiguous record retains static compatibility
  ---
  duration_ms: 6.492053
  type: 'test'
  ...
# Subtest: thread and edit renderer use shared loading; avatar integration unchanged
ok 55 - thread and edit renderer use shared loading; avatar integration unchanged
  ---
  duration_ms: 1.696468
  type: 'test'
  ...
1..55
# tests 55
# suites 0
# pass 55
# fail 0
# cancelled 0
# skipped 0
# todo 0
# duration_ms 1563.77296
TAP version 13
# Subtest: owner can load both private avatar fields with safe headers
ok 1 - owner can load both private avatar fields with safe headers
  ---
  duration_ms: 682.010337
  type: 'test'
  ...
# Subtest: anonymous owner access denied and foreign/missing/wrong filename equivalent
ok 2 - anonymous owner access denied and foreign/missing/wrong filename equivalent
  ---
  duration_ms: 15.874153
  type: 'test'
  ...
# Subtest: private profile avatar stays available to authenticated community without full profile
ok 3 - private profile avatar stays available to authenticated community without full profile
  ---
  duration_ms: 14.661891
  type: 'test'
  ...
# Subtest: separate owner profile_photo is not community avatar
ok 4 - separate owner profile_photo is not community avatar
  ---
  duration_ms: 2.661685
  type: 'test'
  ...
# Subtest: private nonfindable directory avatar denied anonymously
ok 5 - private nonfindable directory avatar denied anonymously
  ---
  duration_ms: 1.650972
  type: 'test'
  ...
# Subtest: private to public/findable transition publishes only directory avatar
ok 6 - private to public/findable transition publishes only directory avatar
  ---
  duration_ms: 24.232052
  type: 'test'
  ...
# Subtest: directory results expose city metadata and no precise address or coordinates
ok 7 - directory results expose city metadata and no precise address or coordinates
  ---
  duration_ms: 12.067462
  type: 'test'
  ...
# Subtest: findable off revokes explicit directory route while preserving community
ok 8 - findable off revokes explicit directory route while preserving community
  ---
  duration_ms: 12.859581
  type: 'test'
  ...
# Subtest: private state takes precedence over findable and keeps filename unchanged
ok 9 - private state takes precedence over findable and keeps filename unchanged
  ---
  duration_ms: 7.924665
  type: 'test'
  ...
# Subtest: privacy transition does not falsely revoke legacy static URL
ok 10 - privacy transition does not falsely revoke legacy static URL
  ---
  duration_ms: 2.356326
  type: 'test'
  ...
# Subtest: directory route checks both sides of cross-account collisions
ok 11 - directory route checks both sides of cross-account collisions
  ---
  duration_ms: 9.074254
  type: 'test'
  ...
# Subtest: private alias collision denies community and public delivery
ok 12 - private alias collision denies community and public delivery
  ---
  duration_ms: 5.963618
  type: 'test'
  ...
# Subtest: cross-category collision fails closed even for same-account references
ok 13 - cross-category collision fails closed even for same-account references
  ---
  duration_ms: 7.205395
  type: 'test'
  ...
# Subtest: public piece state publishes avatar only and revocation is immediate
ok 14 - public piece state publishes avatar only and revocation is immediate
  ---
  duration_ms: 4.387835
  type: 'test'
  ...
# Subtest: unknown public context and avatar presence alone never authorize publication
ok 15 - unknown public context and avatar presence alone never authorize publication
  ---
  duration_ms: 7.194353
  type: 'test'
  ...
# Subtest: current featured record publishes both fields and removal revokes
ok 16 - current featured record publishes both fields and removal revokes
  ---
  duration_ms: 6.618471
  type: 'test'
  ...
# Subtest: traversal symlink missing and nonimage stored paths are generic 404
ok 17 - traversal symlink missing and nonimage stored paths are generic 404
  ---
  duration_ms: 19.511798
  type: 'test'
  ...
# Subtest: upload ignores foreign user IDs and binds only authenticated owner
ok 18 - upload ignores foreign user IDs and binds only authenticated owner
  ---
  duration_ms: 14.836724
  type: 'test'
  ...
# Subtest: failed database commit retains original fields and discards new upload
ok 19 - failed database commit retains original fields and discards new upload
  ---
  duration_ms: 9.34738
  type: 'test'
  ...
# Subtest: replacement commits both aliases then safely removes old unreferenced files
ok 20 - replacement commits both aliases then safely removes old unreferenced files
  ---
  duration_ms: 8.890913
  type: 'test'
  ...
# Subtest: shared foreign reference retains old file on replace and delete
ok 21 - shared foreign reference retains old file on replace and delete
  ---
  duration_ms: 8.142504
  type: 'test'
  ...
# Subtest: delete is owner scoped and default empty avatar remains valid
ok 22 - delete is owner scoped and default empty avatar remains valid
  ---
  duration_ms: 4.409944
  type: 'test'
  ...
# Subtest: cleanup failure cannot undo a committed replacement
ok 23 - cleanup failure cannot undo a committed replacement
  ---
  duration_ms: 4.600891
  type: 'test'
  ...
# Subtest: committed replacement survives response failure
ok 24 - committed replacement survives response failure
  ---
  duration_ms: 2.564847
  type: 'test'
  ...
# Subtest: review publication requires approval and revokes on unapproval
ok 25 - review publication requires approval and revokes on unapproval
  ---
  duration_ms: 5.156582
  type: 'test'
  ...
# Subtest: combo avatar publication requires explicit public state not shared-only state
ok 26 - combo avatar publication requires explicit public state not shared-only state
  ---
  duration_ms: 7.091073
  type: 'test'
  ...
# Subtest: failed avatar delete preserves metadata and bytes
ok 27 - failed avatar delete preserves metadata and bytes
  ---
  duration_ms: 3.658194
  type: 'test'
  ...
# Subtest: missing owner upload and delete return generic failure and no orphan upload
ok 28 - missing owner upload and delete return generic failure and no orphan upload
  ---
  duration_ms: 8.688829
  type: 'test'
  ...
# Subtest: owner markup has no static URL and fetches authenticated bytes
ok 29 - owner markup has no static URL and fetches authenticated bytes
  ---
  duration_ms: 70.918141
  type: 'test'
  ...
# Subtest: directory public markup requires no authenticated loader
ok 30 - directory public markup requires no authenticated loader
  ---
  duration_ms: 9.444513
  type: 'test'
  ...
# Subtest: community markup uses authenticated presentation route
ok 31 - community markup uses authenticated presentation route
  ---
  duration_ms: 14.08742
  type: 'test'
  ...
# Subtest: clear removes displayed private pixels and revokes blobs
ok 32 - clear removes displayed private pixels and revokes blobs
  ---
  duration_ms: 9.704245
  type: 'test'
  ...
# Subtest: late Account A download never populates Account B
ok 33 - late Account A download never populates Account B
  ---
  duration_ms: 10.999892
  type: 'test'
  ...
# Subtest: private 404 leaves a local image failure without static fallback
ok 34 - private 404 leaves a local image failure without static fallback
  ---
  duration_ms: 7.64688
  type: 'test'
  ...
# Subtest: 401 clears existing private images
ok 35 - 401 clears existing private images
  ---
  duration_ms: 10.494575
  type: 'test'
  ...
# Subtest: removed images release blobs on next DOM hydration
ok 36 - removed images release blobs on next DOM hydration
  ---
  duration_ms: 7.63227
  type: 'test'
  ...
# Subtest: legacy ambiguous explicit path is unchanged
ok 37 - legacy ambiguous explicit path is unchanged
  ---
  duration_ms: 10.296521
  type: 'test'
  ...
# Subtest: all website avatar consumers use context-aware attributes
ok 38 - all website avatar consumers use context-aware attributes
  ---
  duration_ms: 3.845038
  type: 'test'
  ...
# Subtest: logout login and account replacement clean Profile images
ok 39 - logout login and account replacement clean Profile images
  ---
  duration_ms: 0.452407
  type: 'test'
  ...
1..39
# tests 39
# suites 0
# pass 39
# fail 0
# cancelled 0
# skipped 0
# todo 0
# duration_ms 1092.996329
TAP version 13
# Subtest: Event owner receives exact image bytes with private no-store nosniff
ok 1 - Event owner receives exact image bytes with private no-store nosniff
  ---
  duration_ms: 574.571048
  type: 'test'
  ...
# Subtest: Event anonymous access denied; foreign missing and wrong filename equivalent
ok 2 - Event anonymous access denied; foreign missing and wrong filename equivalent
  ---
  duration_ms: 20.81126
  type: 'test'
  ...
# Subtest: Event contracts are owner-scoped and no public image state exists
ok 3 - Event contracts are owner-scoped and no public image state exists
  ---
  duration_ms: 5.07004
  type: 'test'
  ...
# Subtest: Event cross-account and cross-category filename collisions fail closed
ok 4 - Event cross-account and cross-category filename collisions fail closed
  ---
  duration_ms: 16.259529
  type: 'test'
  ...
# Subtest: Event stored traversal symlink missing and unsupported files fail closed
ok 5 - Event stored traversal symlink missing and unsupported files fail closed
  ---
  duration_ms: 14.071012
  type: 'test'
  ...
# Subtest: Event historical uploads remain anonymously accessible
ok 6 - Event historical uploads remain anonymously accessible
  ---
  duration_ms: 3.060412
  type: 'test'
  ...
# Subtest: Event anonymous subscription and authenticated iCal expose metadata only
ok 7 - Event anonymous subscription and authenticated iCal expose metadata only
  ---
  duration_ms: 12.408069
  type: 'test'
  ...
# Subtest: Event foreign and missing upload update delete return equivalent failures without leakage
ok 8 - Event foreign and missing upload update delete return equivalent failures without leakage
  ---
  duration_ms: 46.863215
  type: 'test'
  ...
# Subtest: failed Event replacement leaves old record and bytes and cleans new upload
ok 9 - failed Event replacement leaves old record and bytes and cleans new upload
  ---
  duration_ms: 10.242508
  type: 'test'
  ...
# Subtest: Event replacement preserves unrelated fields and removes unreferenced old bytes after commit
ok 10 - Event replacement preserves unrelated fields and removes unreferenced old bytes after commit
  ---
  duration_ms: 15.104396
  type: 'test'
  ...
# Subtest: Event shared references prevent premature replacement and deletion cleanup
ok 11 - Event shared references prevent premature replacement and deletion cleanup
  ---
  duration_ms: 13.156558
  type: 'test'
  ...
# Subtest: failed Event deletion preserves committed row and file
ok 12 - failed Event deletion preserves committed row and file
  ---
  duration_ms: 5.113871
  type: 'test'
  ...
# Subtest: Event old-file cleanup failure cannot corrupt committed replacement
ok 13 - Event old-file cleanup failure cannot corrupt committed replacement
  ---
  duration_ms: 4.38581
  type: 'test'
  ...
# Subtest: Event committed replacement survives response failure
ok 14 - Event committed replacement survives response failure
  ---
  duration_ms: 6.423495
  type: 'test'
  ...
# Subtest: Event deletion removes metadata before unreferenced physical file
ok 15 - Event deletion removes metadata before unreferenced physical file
  ---
  duration_ms: 5.286496
  type: 'test'
  ...
# Subtest: Event deletion cleanup failure leaves committed deletion and retained unused file
ok 16 - Event deletion cleanup failure leaves committed deletion and retained unused file
  ---
  duration_ms: 2.731664
  type: 'test'
  ...
# Subtest: website Event cards use contract-aware image markup
ok 17 - website Event cards use contract-aware image markup
  ---
  duration_ms: 1.5703
  type: 'test'
  ...
# Subtest: website Event list hydrates protected images after rendering
ok 18 - website Event list hydrates protected images after rendering
  ---
  duration_ms: 0.349573
  type: 'test'
  ...
# Subtest: website Event markup supports protected detail-size presentation
ok 19 - website Event markup supports protected detail-size presentation
  ---
  duration_ms: 62.240896
  type: 'test'
  ...
# Subtest: private Event images use authenticated blob loading
ok 20 - private Event images use authenticated blob loading
  ---
  duration_ms: 0.639774
  type: 'test'
  ...
# Subtest: website Event media has abort stale and cleanup guards
ok 21 - website Event media has abort stale and cleanup guards
  ---
  duration_ms: 0.396829
  type: 'test'
  ...
# Subtest: website clears Event media on logout session replacement and navigation
ok 22 - website clears Event media on logout session replacement and navigation
  ---
  duration_ms: 0.434993
  type: 'test'
  ...
# Subtest: legacy Event image loading remains static-compatible
ok 23 - legacy Event image loading remains static-compatible
  ---
  duration_ms: 0.493269
  type: 'test'
  ...
# Subtest: private failures do not silently fall back to static uploads
ok 24 - private failures do not silently fall back to static uploads
  ---
  duration_ms: 0.443996
  type: 'test'
  ...
# Subtest: failed Event image stays local to its element
ok 25 - failed Event image stays local to its element
  ---
  duration_ms: 0.60394
  type: 'test'
  ...
# Subtest: Event website owner image loads authenticated no-store bytes
ok 26 - Event website owner image loads authenticated no-store bytes
  ---
  duration_ms: 30.912275
  type: 'test'
  ...
# Subtest: Event logout clears displayed images and revokes blobs
ok 27 - Event logout clears displayed images and revokes blobs
  ---
  duration_ms: 11.298312
  type: 'test'
  ...
# Subtest: late Event blob cannot populate B or start subsequent A image under B token
ok 28 - late Event blob cannot populate B or start subsequent A image under B token
  ---
  duration_ms: 10.571475
  type: 'test'
  ...
# Subtest: current Event photo 401 clears previously rendered private blobs
ok 29 - current Event photo 401 clears previously rendered private blobs
  ---
  duration_ms: 10.504124
  type: 'test'
  ...
# Subtest: stale Event photo 401 cannot clear replacement account
ok 30 - stale Event photo 401 cannot clear replacement account
  ---
  duration_ms: 8.907326
  type: 'test'
  ...
# Subtest: Event protected failure keeps controls and makes no static fallback request
ok 31 - Event protected failure keeps controls and makes no static fallback request
  ---
  duration_ms: 8.040695
  type: 'test'
  ...
# Subtest: legacy Event still renders historical static URL
ok 32 - legacy Event still renders historical static URL
  ---
  duration_ms: 5.925661
  type: 'test'
  ...
# Subtest: late Event list metadata cannot populate replacement account
ok 33 - late Event list metadata cannot populate replacement account
  ---
  duration_ms: 10.653146
  type: 'test'
  ...
# Subtest: Event owner media has authenticated protected route
ok 34 - Event owner media has authenticated protected route
  ---
  duration_ms: 1.280732
  type: 'test'
  ...
# Subtest: foreign missing and collision failures are generic and fail closed
ok 35 - foreign missing and collision failures are generic and fail closed
  ---
  duration_ms: 0.232254
  type: 'test'
  ...
# Subtest: Event API marks current images protected without inventing publication state
ok 36 - Event API marks current images protected without inventing publication state
  ---
  duration_ms: 0.750411
  type: 'test'
  ...
# Subtest: anonymous subscription remains metadata-only
ok 37 - anonymous subscription remains metadata-only
  ---
  duration_ms: 1.142946
  type: 'test'
  ...
# Subtest: Event share and iCal do not emit protected or static image URLs
ok 38 - Event share and iCal do not emit protected or static image URLs
  ---
  duration_ms: 0.198239
  type: 'test'
  ...
# Subtest: replacement commits reference before old-file cleanup
ok 39 - replacement commits reference before old-file cleanup
  ---
  duration_ms: 0.373907
  type: 'test'
  ...
# Subtest: Event deletion cleans only after committed metadata removal
ok 40 - Event deletion cleans only after committed metadata removal
  ---
  duration_ms: 0.198993
  type: 'test'
  ...
# Subtest: shared-file reference protection still includes Event images
ok 41 - shared-file reference protection still includes Event images
  ---
  duration_ms: 0.095245
  type: 'test'
  ...
# Subtest: global uploads remains unrestricted by Phase 2P
ok 42 - global uploads remains unrestricted by Phase 2P
  ---
  duration_ms: 0.258508
  type: 'test'
  ...
# Subtest: Event metadata update is owner scoped and missing-equivalent
ok 43 - Event metadata update is owner scoped and missing-equivalent
  ---
  duration_ms: 0.543707
  type: 'test'
  ...
1..43
# tests 43
# suites 0
# pass 43
# fail 0
# cancelled 0
# skipped 0
# todo 0
# duration_ms 895.085526
PASS Phase 1 regressions/readiness unchanged plus Phase 2A-2S protected/public-aware studio media and upload restriction-readiness validation
