state,query,label,expected,top1,top1Score,correctRank,returned,latencyMs
cold,B01-duplicate,EQUIVALENT,B01,B01,1,1,36,1917.6394249999998
cold,B01-independent,EXACT,B01,B01,1,1,36,1897.2202479999999
cold,B01-angle,EXACT,B01,B01,1,1,36,1905.40848
cold,B01-lighting,EXACT,B01,B01,0.9780546965411545,1,36,1954.8079120000002
cold,B01-cast,EXACT,B01,L01,0.8032190292625351,,28,1657.7716329999998
cold,B01-background,EXACT,B01,B01,1,1,36,1705.2760520000002
cold,B01-crop,EXACT,B01,B06,0.9011027964005756,8,36,1587.1878619999998
cold,B01-orientation,EXACT,B01,B06,0.8652614146529898,5,36,1550.582269
cold,B02-duplicate,EQUIVALENT,B02,B01,1,2,36,1609.8252360000006
cold,B02-independent,EXACT,B02,B01,1,2,36,1609.116943
cold,B02-angle,EXACT,B02,B01,1,2,36,1606.487215
cold,B02-lighting,EXACT,B02,B01,1,2,27,1643.424403
cold,B02-cast,EXACT,B02,B01,0.9446784419155707,2,36,1720.855536
cold,B02-background,EXACT,B02,B01,1,2,36,1652.714696
cold,B02-crop,EXACT,B02,B06,0.9011067459524098,11,35,1664.0443169999999
cold,B02-orientation,EXACT,B02,B03,0.8629937291697587,5,36,1723.3514569999998
cold,B03-duplicate,EQUIVALENT,B03,B03,1,1,36,1656.5609870000008
cold,B03-independent,EXACT,B03,B03,0.9910077167228032,1,36,1657.7469739999997
cold,B03-angle,EXACT,B03,B03,1,1,36,1739.6834310000004
cold,B03-lighting,EXACT,B03,B03,1,1,36,1681.8449759999994
cold,B03-cast,EXACT,B03,L09,0.8436346116285325,,28,1561.472181000001
cold,B03-background,EXACT,B03,B03,1,1,36,1558.1451880000004
cold,B03-crop,EXACT,B03,B06,0.8787055132892503,4,36,1592.5197790000002
cold,B03-orientation,EXACT,B03,B04,0.895025413233194,3,36,1589.1319139999996
cold,B04-duplicate,EQUIVALENT,B04,B03,1,2,36,1527.0374379999994
cold,B04-independent,EXACT,B04,B03,0.9903130140656267,2,36,1542.6523530000013
cold,B04-angle,EXACT,B04,B03,1,2,36,1612.9328110000006
cold,B04-lighting,EXACT,B04,B04,0.9364753686054275,1,30,1588.0043409999998
cold,B04-cast,EXACT,B04,B04,0.9495697369565376,1,36,1401.1618209999997
cold,B04-background,EXACT,B04,B03,1,2,36,1431.0202809999992
cold,B04-crop,EXACT,B04,B06,0.8792367749557082,3,36,1421.1010189999997
cold,B04-orientation,EXACT,B04,B04,0.8669151829154488,1,36,1418.3928290000003
cold,B05-duplicate,EQUIVALENT,B05,B05,1,1,36,1564.954022
cold,B05-independent,EXACT,B05,B05,1,1,36,1517.9258519999985
cold,B05-angle,EXACT,B05,B05,1,1,36,1476.1013780000012
cold,B05-lighting,EXACT,B05,B05,1,1,36,1517.2496489999994
cold,B05-cast,EXACT,B05,L11,0.8306355308702735,,28,1543.4325700000027
cold,B05-background,EXACT,B05,B05,1,1,36,1578.913591999999
cold,B05-crop,EXACT,B05,B05,0.8734074544623079,1,36,1586.6668379999992
cold,B05-orientation,EXACT,B05,B07,0.8809962699776809,2,36,1603.2686140000005
cold,B06-duplicate,EQUIVALENT,B06,B05,1,2,36,1534.6263
cold,B06-independent,EXACT,B06,B05,1,2,36,1546.284641000002
cold,B06-angle,EXACT,B06,B05,1,2,36,1594.1325980000001
cold,B06-lighting,EXACT,B06,B05,1,2,34,1513.0112019999979
cold,B06-cast,EXACT,B06,B05,0.956482996988331,2,36,1566.6371849999996
cold,B06-background,EXACT,B06,B05,1,2,36,1496.738914999998
cold,B06-crop,EXACT,B06,B05,0.8640727516761829,2,35,1488.5983840000008
cold,B06-orientation,EXACT,B06,B06,0.8769508832182377,1,35,1535.861621
cold,B07-duplicate,EQUIVALENT,B07,B07,1,1,36,1652.1465220000027
cold,B07-independent,EXACT,B07,B07,1,1,36,1585.0453270000035
cold,B07-angle,EXACT,B07,B07,1,1,36,1556.722311999998
cold,B07-lighting,EXACT,B07,B07,0.9795729979112295,1,36,1602.9719330000007
cold,B07-cast,EXACT,B07,L14,0.9219677738982853,,28,1446.3650229999985
cold,B07-background,EXACT,B07,B07,1,1,36,1495.4330240000018
cold,B07-crop,EXACT,B07,B07,0.8810478567320692,1,36,1464.499431999997
cold,B07-orientation,EXACT,B07,B07,0.8781249999999999,1,34,1457.5969420000001
cold,B08-duplicate,EQUIVALENT,B08,B07,1,2,36,1434.4353900000024
cold,B08-independent,EXACT,B08,B07,1,2,36,1357.766771999999
cold,B08-angle,EXACT,B08,B07,1,2,36,1495.3784290000003
cold,B08-lighting,EXACT,B08,B08,0.9238709309937456,1,33,1456.544769
cold,B08-cast,EXACT,B08,B08,0.9365591648250934,1,36,1725.9821130000018
cold,B08-background,EXACT,B08,B07,1,2,36,1737.4849439999998
cold,B08-crop,EXACT,B08,B07,0.8833363343695303,2,36,1580.2470350000003
cold,B08-orientation,EXACT,B08,B06,0.8768615145952725,4,36,1669.8338089999997
cold,B09-duplicate,EQUIVALENT,B09,B01,1,3,36,1571.7167870000012
cold,B09-independent,EXACT,B09,B09,1,1,36,1563.6459380000015
cold,B09-angle,EXACT,B09,B01,1,3,36,1602.1708480000016
cold,B09-lighting,EXACT,B09,B09,0.968293836831841,1,36,1575.1311800000003
cold,B09-cast,EXACT,B09,L09,0.8334068191597581,,28,1520.462603
cold,B09-background,EXACT,B09,B03,1,3,36,1373.2442420000007
cold,B09-crop,EXACT,B09,B06,0.8935064298117449,9,36,1549.5508289999998
cold,B09-orientation,EXACT,B09,B08,0.8742039688380676,8,36,1481.7072540000008
cold,B10-duplicate,EQUIVALENT,B10,B01,1,4,36,1572.6664999999994
cold,B10-independent,EXACT,B10,B09,1,2,36,1555.6431349999984
cold,B10-angle,EXACT,B10,B01,1,4,36,1589.553516
cold,B10-lighting,EXACT,B10,B10,0.9318327811145559,1,27,1504.3006889999997
cold,B10-cast,EXACT,B10,B10,0.9545676929953986,1,36,1574.500677
cold,B10-background,EXACT,B10,B09,1,2,36,1600.6319489999987
cold,B10-crop,EXACT,B10,B07,0.8906104859664274,10,36,1584.8534300000028
cold,B10-orientation,EXACT,B10,B10,0.8761478129393695,1,33,1576.7249730000003
cold,B11-duplicate,EQUIVALENT,B11,B03,1,5,36,1543.462265999995
cold,B11-independent,EXACT,B11,B06,1,2,36,1539.4037599999974
cold,B11-angle,EXACT,B11,B05,1,2,36,1605.5828850000034
cold,B11-lighting,EXACT,B11,B11,1,1,36,1563.948848
cold,B11-cast,EXACT,B11,L11,0.9411187616531186,,28,1417.8343749999985
cold,B11-background,EXACT,B11,B05,1,3,36,1441.8427590000065
cold,B11-crop,EXACT,B11,B11,0.8936667622507878,1,36,1423.709652999998
cold,B11-orientation,EXACT,B11,B14,0.8895227755200124,6,36,1458.9213630000013
cold,B12-duplicate,EQUIVALENT,B12,B03,1,6,36,1381.7192730000024
cold,B12-independent,EXACT,B12,B06,1,3,36,1445.272606999999
cold,B12-angle,EXACT,B12,B05,1,3,36,1391.1562510000003
cold,B12-lighting,EXACT,B12,B11,1,2,34,1443.2965199999962
cold,B12-cast,EXACT,B12,B12,0.9562479667796766,1,36,1492.2825470000025
cold,B12-background,EXACT,B12,B05,1,4,36,1421.9219490000032
cold,B12-crop,EXACT,B12,B11,0.8847053668156827,2,36,1464.899695
cold,B12-orientation,EXACT,B12,B16,0.8630406129824745,3,33,1490.0524469999946
cold,B13-duplicate,EQUIVALENT,B13,B07,1,2,36,1517.8149570000023
cold,B13-independent,EXACT,B13,B13,1,1,36,1486.2463130000033
cold,B13-angle,EXACT,B13,B07,1,3,36,1475.4990719999987
cold,B13-lighting,EXACT,B13,B13,0.9745272778584644,1,36,1567.8891939999958
cold,B13-cast,EXACT,B13,L13,0.9202632334546362,,28,1424.274728000004
cold,B13-background,EXACT,B13,B13,1,1,36,1488.194116999999
cold,B13-crop,EXACT,B13,B11,0.8727807027015008,3,32,1468.541170000004
cold,B13-orientation,EXACT,B13,B14,0.8747703444395175,2,32,1446.4428640000042
cold,B14-duplicate,EQUIVALENT,B14,B07,1,3,36,1387.950883999998
cold,B14-independent,EXACT,B14,B13,1,2,36,1459.892209000005
cold,B14-angle,EXACT,B14,B07,1,4,36,1446.1851099999985
cold,B14-lighting,EXACT,B14,B14,0.9211063417641895,1,30,1436.9415860000008
cold,B14-cast,EXACT,B14,B14,0.9341202152946809,1,36,1437.7661030000017
cold,B14-background,EXACT,B14,B13,1,2,36,1366.6362599999993
cold,B14-crop,EXACT,B14,B11,0.8724674555607411,4,36,1390.232127000003
cold,B14-orientation,EXACT,B14,B13,0.8680088927380674,2,33,1404.745698000006
cold,B15-duplicate,EQUIVALENT,B15,B15,1,1,36,1453.8075979999994
cold,B15-independent,EXACT,B15,B15,1,1,36,1437.2945650000038
cold,B15-angle,EXACT,B15,B15,1,1,36,1473.7102090000044
cold,B15-lighting,EXACT,B15,B15,1,1,36,1397.7718439999953
cold,B15-cast,EXACT,B15,L16,0.8451540595760881,,28,1404.6213509999943
cold,B15-background,EXACT,B15,B05,1,3,36,1424.264175000004
cold,B15-crop,EXACT,B15,B16,0.8743041668318311,2,36,1449.153155
cold,B15-orientation,EXACT,B15,B14,0.8887326699071931,5,35,1428.5043189999997
cold,B16-duplicate,EQUIVALENT,B16,B15,1,2,36,1373.8317880000031
cold,B16-independent,EXACT,B16,B15,1,2,36,1396.7774940000018
cold,B16-angle,EXACT,B16,B15,1,2,36,1369.9259079999974
cold,B16-lighting,EXACT,B16,B15,1,2,34,1381.653056999996
cold,B16-cast,EXACT,B16,B15,0.9420350482943762,2,36,1454.8254319999978
cold,B16-background,EXACT,B16,B15,1,2,36,1419.688473000002
cold,B16-crop,EXACT,B16,B13,0.8688155853329076,3,31,1417.872847999999
cold,B16-orientation,EXACT,B16,B16,0.8951714935617685,1,31,1444.4143269999986
cold,L01-duplicate,EQUIVALENT,L01,L01,1,1,28,1405.802668000004
cold,L01-independent,EXACT,L01,L01,0.9863084677406316,1,28,1425.5730249999979
cold,L01-angle,EXACT,L01,L02,0.8808841736694678,2,28,1346.6082959999985
cold,L01-lighting,EXACT,L01,L01,0.8020937482525874,1,28,1434.6309499999988
cold,L01-cast,EXACT,L01,L01,0.9409083919763194,1,28,1407.676363999999
cold,L01-background,EXACT,L01,L01,0.6614498527541495,1,25,1387.4561959999992
cold,L01-crop,EXACT,L01,L08,0.6378288451633246,6,24,1384.7378240000035
cold,L01-orientation,EXACT,L01,L06,0.6481056057491423,4,27,1415.2024699999965
cold,L02-duplicate,EQUIVALENT,L02,L02,1,1,28,1395.5785419999957
cold,L02-independent,EXACT,L02,L02,0.89097243888096,1,28,1414.174880999999
cold,L02-angle,EXACT,L02,L02,0.8795737849903111,1,28,1403.4199070000031
cold,L02-lighting,EXACT,L02,L09,0.7795180789403687,3,45,1389.3961970000018
cold,L02-cast,EXACT,L02,B01,0.8647091609629114,,36,1423.650222999997
cold,L02-background,EXACT,L02,L02,0.6608839275727988,1,24,1425.6213329999955
cold,L02-crop,EXACT,L02,L05,0.6476175543587355,8,27,1432.0186229999963
cold,L02-orientation,EXACT,L02,L05,0.6724356530640644,7,28,1450.4641249999986
cold,L03-duplicate,EQUIVALENT,L03,L03,1,1,28,1506.3877719999946
cold,L03-independent,EXACT,L03,L03,0.9989819431417063,1,28,1492.2070849999945
cold,L03-angle,EXACT,L03,L03,0.8807272810685451,1,28,1546.0052429999996
cold,L03-lighting,EXACT,L03,L04,0.9655137766150423,2,28,1470.9229970000015
cold,L03-cast,EXACT,L03,L03,0.9416756567209844,1,28,1536.4519629999995
cold,L03-background,EXACT,L03,L03,0.7219645185840428,1,22,1543.3949399999983
cold,L03-crop,EXACT,L03,L08,0.651412332668157,5,24,1496.9705109999995
cold,L03-orientation,EXACT,L03,L04,0.6498679139228069,4,28,1519.2251170000018
cold,L04-duplicate,EQUIVALENT,L04,L04,1,1,28,1470.2711520000012
cold,L04-independent,EXACT,L04,L04,0.9868359475887786,1,28,1438.5015649999987
cold,L04-angle,EXACT,L04,L03,0.894258226334012,2,28,1480.704933000001
cold,L04-lighting,EXACT,L04,L03,0.7959871757080565,2,47,1478.2260339999993
cold,L04-cast,EXACT,L04,L14,0.8241058599593414,,36,1568.1537450000033
cold,L04-background,EXACT,L04,L04,0.7269384788376558,1,23,1379.4172810000018
cold,L04-crop,EXACT,L04,L05,0.6499481032229569,3,28,1590.1071480000028
cold,L04-orientation,EXACT,L04,L06,0.6739577565472821,4,26,1559.2364190000008
cold,L05-duplicate,EQUIVALENT,L05,L05,1,1,26,1476.2710210000005
cold,L05-independent,EXACT,L05,L05,0.890105085238504,1,28,1531.6156480000063
cold,L05-angle,EXACT,L05,L06,0.8785827558114175,2,26,1565.1182110000009
cold,L05-lighting,EXACT,L05,L05,0.8811474686232814,1,28,1502.748891000003
cold,L05-cast,EXACT,L05,L05,0.9421950116554666,1,28,1463.9075769999981
cold,L05-background,EXACT,L05,L05,0.7161458333333334,1,24,1493.448282999998
cold,L05-crop,EXACT,L05,L02,0.6762844297575443,4,27,1516.153492999998
cold,L05-orientation,EXACT,L05,L02,0.6506946762519202,9,28,1434.041962000003
cold,L06-duplicate,EQUIVALENT,L06,L06,1,1,26,1548.383772999994
cold,L06-independent,EXACT,L06,B05,0.7948357698875634,,36,1496.1263920000056
cold,L06-angle,EXACT,L06,L05,0.8885903895763037,2,26,1497.9529120000007
cold,L06-lighting,EXACT,L06,L15,0.8617866621310915,6,47,1504.215784
cold,L06-cast,EXACT,L06,B05,0.8132343155467578,,36,1588.655402999997
cold,L06-background,EXACT,L06,L06,0.703125,1,23,1411.546497999996
cold,L06-crop,EXACT,L06,B15,0.6724532825767097,,35,1498.3878560000012
cold,L06-orientation,EXACT,L06,L06,0.6383050081101151,1,26,1463.8355649999867
cold,L07-duplicate,EQUIVALENT,L07,L07,1,1,45,1524.5266440000123
cold,L07-independent,EXACT,L07,L07,0.9822352136561696,1,45,1523.124033
cold,L07-angle,EXACT,L07,L07,0.8138862965057818,1,26,1593.34747600001
cold,L07-lighting,EXACT,L07,B07,0.8352427745607283,4,45,1517.8506349999952
cold,L07-cast,EXACT,L07,L07,0.985649130908402,1,28,1695.1281580000068
cold,L07-background,EXACT,L07,L06,0.691135072156459,3,28,1578.2334279999923
cold,L07-crop,EXACT,L07,B15,0.6975710504164451,30,36,1661.159308000002
cold,L07-orientation,EXACT,L07,L13,0.6349010706648915,8,45,1642.4034289999981
cold,L08-duplicate,EQUIVALENT,L08,L08,1,1,36,1751.1407140000083
cold,L08-independent,EXACT,L08,L08,0.9713858603786341,1,28,1818.564692
cold,L08-angle,EXACT,L08,L08,0.890387850421293,1,36,1596.613845999993
cold,L08-lighting,EXACT,L08,L13,0.7813315634712645,12,45,1671.6323580000026
cold,L08-cast,EXACT,L08,B08,0.8679349879800413,28,36,1581.9822520000016
cold,L08-background,EXACT,L08,L06,0.6894014019502623,7,26,1745.4489119999926
cold,L08-crop,EXACT,L08,M07,0.6837292596225274,19,36,1651.3998350000038
cold,L08-orientation,EXACT,L08,L05,0.6541604387414481,2,26,1723.7456569999922
cold,L09-duplicate,EQUIVALENT,L09,L09,1,1,47,1519.0877130000008
cold,L09-independent,EXACT,L09,L09,0.9847320292990379,1,46,1481.4196990000055
cold,L09-angle,EXACT,L09,L09,0.886157463183736,1,45,1521.5319620000082
cold,L09-lighting,EXACT,L09,L10,0.874709187316659,2,48,1482.6910709999938
cold,L09-cast,EXACT,L09,L09,0.9839449843833669,1,28,1460.7654239999974
cold,L09-background,EXACT,L09,L03,0.6764434310405268,2,26,1456.4218780000083
cold,L09-crop,EXACT,L09,L05,0.6555461053171756,38,44,1465.8620179999998
cold,L09-orientation,EXACT,L09,B15,0.6697715762026167,8,45,1471.5645400000067
cold,L10-duplicate,EQUIVALENT,L10,L10,1,1,47,1394.8730150000047
cold,L10-independent,EXACT,L10,L10,0.9856770833333334,1,46,1424.1524000000063
cold,L10-angle,EXACT,L10,L09,0.8866590351556736,2,46,1437.5076419999968
cold,L10-lighting,EXACT,L10,L09,0.7783154176912697,2,48,1412.7897799999919
cold,L10-cast,EXACT,L10,L10,0.903505861966525,1,36,1394.3240870000009
cold,L10-background,EXACT,L10,L10,0.6570745581092496,1,26,1430.7163600000058
cold,L10-crop,EXACT,L10,L08,0.6540733078875776,37,41,1431.2563919999957
cold,L10-orientation,EXACT,L10,D08,0.6540150959572568,9,45,1441.8657229999953
cold,L11-duplicate,EQUIVALENT,L11,L11,1,1,48,1427.5459220000048
cold,L11-independent,EXACT,L11,L11,0.9668807289175834,1,48,1413.2962580000021
cold,L11-angle,EXACT,L11,L12,0.9566346677559914,2,48,1432.5215189999872
cold,L11-lighting,EXACT,L11,L15,0.8680951183935408,3,48,1386.7697499999922
cold,L11-cast,EXACT,L11,L11,0.9810899714511686,1,28,1449.0057470000029
cold,L11-background,EXACT,L11,L11,0.67578125,1,45,1391.853289999999
cold,L11-crop,EXACT,L11,L08,0.6914593927518835,28,45,1464.8922740000125
cold,L11-orientation,EXACT,L11,B15,0.6686474425628838,22,45,1421.5855129999982
cold,L12-duplicate,EQUIVALENT,L12,L12,1,1,48,1488.2667220000003
cold,L12-independent,EXACT,L12,L12,0.9763481674731391,1,48,1499.5926639999961
cold,L12-angle,EXACT,L12,L12,0.8724219795850068,1,48,1478.8166249999922
cold,L12-lighting,EXACT,L12,L12,0.8835707865752135,1,48,1446.2740230000054
cold,L12-cast,EXACT,L12,L12,0.9061420039100098,1,36,1510.0466640000086
cold,L12-background,EXACT,L12,L12,0.6614583333333334,1,44,1404.162547
cold,L12-crop,EXACT,L12,B01,0.6807693756978908,34,44,1461.393940000009
cold,L12-orientation,EXACT,L12,D08,0.6551956586323594,8,45,1500.4648029999953
cold,L13-duplicate,EQUIVALENT,L13,L13,1,1,45,1421.6612119999918
cold,L13-independent,EXACT,L13,L13,0.9772732781166105,1,45,1553.7830039999972
cold,L13-angle,EXACT,L13,L07,0.8851646416319907,2,45,1426.805422999998
cold,L13-lighting,EXACT,L13,L14,0.9642629980500996,3,45,1532.1917640000029
cold,L13-cast,EXACT,L13,L13,0.9515104319447536,1,25,1486.9195990000007
cold,L13-background,EXACT,L13,L13,0.6780614978137911,1,27,1480.5515099999902
cold,L13-crop,EXACT,L13,B01,0.6940253617892388,14,43,1522.560268000001
cold,L13-orientation,EXACT,L13,B15,0.6574261634133637,9,45,1466.1896410000045
cold,L14-duplicate,EQUIVALENT,L14,L14,1,1,48,1594.435725000003
cold,L14-independent,EXACT,L14,L14,0.9699744760766429,1,45,1508.2256649999908
cold,L14-angle,EXACT,L14,L14,0.8894250408496733,1,48,1529.8106620000035
cold,L14-lighting,EXACT,L14,L14,0.8113566356162134,1,48,1529.6461129999952
cold,L14-cast,EXACT,L14,L14,0.954574980185568,1,36,1582.9066549999989
cold,L14-background,EXACT,L14,L07,0.6644500831386251,8,26,1553.962136000002
cold,L14-crop,EXACT,L14,B01,0.662586763594247,27,43,1554.7132180000044
cold,L14-orientation,EXACT,L14,L15,0.671317141482099,3,46,1543.2936710000067
cold,L15-duplicate,EQUIVALENT,L15,L15,1,1,48,1480.6174400000018
cold,L15-independent,EXACT,L15,L15,0.9694708562537129,1,48,1427.6024000000034
cold,L15-angle,EXACT,L15,L15,0.880642361111111,1,46,1528.9772689999954
cold,L15-lighting,EXACT,L15,L15,0.8306711265306249,1,48,1414.3973860000115
cold,L15-cast,EXACT,L15,L15,0.9808045407567622,1,28,1446.4574549999961
cold,L15-background,EXACT,L15,L15,0.71875,1,45,1470.4448249999987
cold,L15-crop,EXACT,L15,B13,0.6501323196276477,19,45,1488.2285300000076
cold,L15-orientation,EXACT,L15,L16,0.6443167892156864,4,45,1415.6051749999897
cold,L16-duplicate,EQUIVALENT,L16,L16,1,1,48,1481.8592449999996
cold,L16-independent,EXACT,L16,L15,0.9606904423291951,2,48,1477.6929789999995
cold,L16-angle,EXACT,L16,L16,0.9847375408496732,1,48,1486.3328299999994
cold,L16-lighting,EXACT,L16,L16,0.9601884147096823,1,48,1471.830833
cold,L16-cast,EXACT,L16,L16,0.9136419970128684,1,36,1429.468218000009
cold,L16-background,EXACT,L16,L16,0.7044270833333334,1,45,1416.0871060000063
cold,L16-crop,EXACT,L16,B01,0.6812652017741317,16,43,1407.373059000005
cold,L16-orientation,EXACT,L16,L15,0.6586338261975041,5,44,1440.342690000005
cold,D01-duplicate,EQUIVALENT,D01,D01,1,1,48,1392.3105260000011
cold,D01-independent,EXACT,D01,D01,0.8033418850867267,1,48,1467.3531990000047
cold,D01-angle,EXACT,D01,D01,0.8896758167501451,1,48,1482.9936270000035
cold,D01-lighting,EXACT,D01,D02,0.7257452543342023,2,48,1490.7377160000033
cold,D01-cast,EXACT,D01,D01,0.7613098425572689,1,28,1379.329859000005
cold,D01-background,EXACT,D01,D01,0.866298852679388,1,48,1499.1578339999978
cold,D01-crop,EXACT,D01,B15,0.6869336632767907,24,48,1430.9378949999955
cold,D01-orientation,EXACT,D01,B15,0.6950962500028667,14,48,1444.6326490000065
cold,D02-duplicate,EQUIVALENT,D02,D02,1,1,48,1404.8560140000045
cold,D02-independent,EXACT,D02,D01,0.8739858847130244,2,48,1424.9272000000055
cold,D02-angle,EXACT,D02,D01,0.8882954180188307,2,48,1427.8140719999938
cold,D02-lighting,EXACT,D02,D02,0.7128960072182047,1,36,1381.2897959999973
cold,D02-cast,EXACT,D02,D02,0.9871663930531998,1,36,1540.9890460000024
cold,D02-background,EXACT,D02,D02,0.8805354733889256,1,47,1464.0796450000053
cold,D02-crop,EXACT,D02,B06,0.6921796504637431,13,48,1607.0657569999894
cold,D02-orientation,EXACT,D02,D01,0.6888877497079475,3,48,1486.8083440000046
cold,D03-duplicate,EQUIVALENT,D03,D03,1,1,48,1550.499627000012
cold,D03-independent,EXACT,D03,D03,0.7330455102257831,1,47,1594.089374999996
cold,D03-angle,EXACT,D03,D03,0.9710990858905415,1,48,1481.1352049999987
cold,D03-lighting,EXACT,D03,B15,0.7150136805454081,2,48,1461.882203000001
cold,D03-cast,EXACT,D03,D03,0.8212078073049378,1,28,1473.7758960000065
cold,D03-background,EXACT,D03,D03,0.8023287805001884,1,47,1446.135998999991
cold,D03-crop,EXACT,D03,B15,0.6776393154604501,11,48,1518.0696360000002
cold,D03-orientation,EXACT,D03,B15,0.6705713867026087,19,48,1531.471608000007
cold,D04-duplicate,EQUIVALENT,D04,D04,1,1,48,1526.7237099999911
cold,D04-independent,EXACT,D04,D03,0.7887457669501422,2,47,1505.2104820000095
cold,D04-angle,EXACT,D04,D03,0.8900912008545896,2,48,1463.366188999993
cold,D04-lighting,EXACT,D04,D04,0.7237043004073925,1,36,1402.2863320000033
cold,D04-cast,EXACT,D04,D04,0.9743162542689878,1,36,1430.0089230000012
cold,D04-background,EXACT,D04,D04,0.889420775363599,1,47,1512.6859339999937
cold,D04-crop,EXACT,D04,B15,0.6858153103157831,6,48,1425.9447389999987
cold,D04-orientation,EXACT,D04,B15,0.7019420992305417,21,48,1420.1335189999954
cold,D05-duplicate,EQUIVALENT,D05,D05,1,1,48,1482.3481329999922
cold,D05-independent,EXACT,D05,D05,0.725472972630719,1,48,1473.9903670000058
cold,D05-angle,EXACT,D05,D05,0.966377271145244,1,47,1471.0756510000065
cold,D05-lighting,EXACT,D05,B15,0.7301858369210126,3,48,1485.8731689999986
cold,D05-cast,EXACT,D05,D05,0.97602068319666,1,27,1494.0797870000097
cold,D05-background,EXACT,D05,D05,0.8760416666666667,1,47,1459.7089410000044
cold,D05-crop,EXACT,D05,B15,0.6765247517031218,4,48,1578.5465100000001
cold,D05-orientation,EXACT,D05,M01,0.6708194144954269,12,48,1402.8878130000085
cold,D06-duplicate,EQUIVALENT,D06,D06,1,1,48,1486.0669849999977
cold,D06-independent,EXACT,D06,D06,0.7811742787894346,1,48,1639.8834070000012
cold,D06-angle,EXACT,D06,D05,0.9782851125186048,2,48,1458.857183
cold,D06-lighting,EXACT,D06,B15,0.7260082790097241,6,48,1620.119961000004
cold,D06-cast,EXACT,D06,D06,0.951944697066478,1,36,1513.509281999999
cold,D06-background,EXACT,D06,D06,0.8903645833333333,1,45,1538.3123160000105
cold,D06-crop,EXACT,D06,B15,0.6690663525101299,13,48,1563.9760690000112
cold,D06-orientation,EXACT,D06,B15,0.6823634542014573,4,45,1438.5889489999972
cold,D07-duplicate,EQUIVALENT,D07,D07,1,1,46,1400.1339119999902
cold,D07-independent,EXACT,D07,D07,0.7973505493259805,1,45,1429.7262940000073
cold,D07-angle,EXACT,D07,D08,0.9678372778134672,2,45,1467.864929999996
cold,D07-lighting,EXACT,D07,D07,0.7618271204532869,1,48,1471.315976999991
cold,D07-cast,EXACT,D07,D07,0.9733278197956726,1,28,1408.6576660000137
cold,D07-background,EXACT,D07,D07,0.8445306964203796,1,28,1411.5268849999993
cold,D07-crop,EXACT,D07,B15,0.683859064772449,2,45,1382.6612179999938
cold,D07-orientation,EXACT,D07,B15,0.685173898501581,7,45,1432.8259700000053
cold,D08-duplicate,EQUIVALENT,D08,D08,1,1,46,1442.6882710000064
cold,D08-independent,EXACT,D08,D07,0.7971917630337106,2,45,1429.9528769999888
cold,D08-angle,EXACT,D08,D08,0.9675630668531364,1,48,1410.3419940000022
cold,D08-lighting,EXACT,D08,B15,0.7140992317660938,4,48,1438.1928630000039
cold,D08-cast,EXACT,D08,D08,0.9667610455349309,1,36,1395.653317999997
cold,D08-background,EXACT,D08,D08,0.9266581288327385,1,28,1415.1742139999988
cold,D08-crop,EXACT,D08,B15,0.6836069133122978,3,45,1449.9535620000097
cold,D08-orientation,EXACT,D08,B15,0.7235896711261575,3,45,1388.7040229999984
cold,M01-duplicate,EQUIVALENT,M01,M01,1,1,26,1364.2755719999986
cold,M01-independent,EXACT,M01,M01,1,1,26,1423.2244149999897
cold,M01-angle,EXACT,M01,M01,1,1,26,1441.865586
cold,M01-lighting,EXACT,M01,M01,1,1,26,1409.686296999993
cold,M01-cast,EXACT,M01,M01,0.9309348938733625,1,28,1408.9927099999913
cold,M01-background,EXACT,M01,M02,0.9980126609066851,2,24,1425.8690290000086
cold,M01-crop,EXACT,M01,M01,0.8458364290069899,1,26,1370.1828709999972
cold,M01-orientation,EXACT,M01,M01,0.85,1,26,1385.1907449999999
cold,M02-duplicate,EQUIVALENT,M02,M01,1,2,26,1407.4548979999963
cold,M02-independent,EXACT,M02,M01,1,2,26,1394.9169950000069
cold,M02-angle,EXACT,M02,M01,1,2,26,1423.3089679999975
cold,M02-lighting,EXACT,M02,M02,0.954657305858057,1,26,1340.9497529999935
cold,M02-cast,EXACT,M02,B14,0.7404743843142046,,35,1401.4408980000007
cold,M02-background,EXACT,M02,M01,1,2,24,1386.799521000008
cold,M02-crop,EXACT,M02,M01,0.8645864290069898,2,26,1366.8738969999977
cold,M02-orientation,EXACT,M02,M01,0.8871807560862838,2,26,1410.3285179999948
cold,M03-duplicate,EQUIVALENT,M03,M03,1,1,26,1398.4957960000029
cold,M03-independent,EXACT,M03,M03,1,1,26,1438.2307069999952
cold,M03-angle,EXACT,M03,M03,1,1,26,1469.784323999993
cold,M03-lighting,EXACT,M03,M03,1,1,26,1387.3214219999936
cold,M03-cast,EXACT,M03,M03,0.9189375284825441,1,28,1383.2546399999992
cold,M03-background,EXACT,M03,M04,0.9323126112795523,2,26,1424.0058129999961
cold,M03-crop,EXACT,M03,M03,0.86163334049797,1,24,1361.3084180000005
cold,M03-orientation,EXACT,M03,M03,0.85,1,26,1383.0361059999996
cold,M04-duplicate,EQUIVALENT,M04,M03,1,2,26,1474.9017979999917
cold,M04-independent,EXACT,M04,M03,1,2,26,1400.9728990000003
cold,M04-angle,EXACT,M04,M03,1,2,26,1396.6035209999973
cold,M04-lighting,EXACT,M04,M03,1,2,26,1371.8581669999985
cold,M04-cast,EXACT,M04,B09,0.7902822239409764,,36,1489.3441900000034
cold,M04-background,EXACT,M04,M04,0.9334953451310162,1,26,1424.0526380000083
cold,M04-crop,EXACT,M04,M04,0.8736115653864421,1,26,1380.351684000023
cold,M04-orientation,EXACT,M04,M03,0.8677930863144425,2,26,1402.5885269999853
cold,M05-duplicate,EQUIVALENT,M05,M05,1,1,19,1412.1133529999934
cold,M05-independent,EXACT,M05,M05,1,1,19,1512.35446100001
cold,M05-angle,EXACT,M05,M05,1,1,19,1415.551746000012
cold,M05-lighting,EXACT,M05,M05,1,1,19,1454.0044129999878
cold,M05-cast,EXACT,M05,M03,0.7503239746543343,,26,1444.2008260000148
cold,M05-background,EXACT,M05,M05,0.9249999999999999,1,19,1434.7201199999836
cold,M05-crop,EXACT,M05,M05,0.8412351476269604,1,19,1491.7509490000084
cold,M05-orientation,EXACT,M05,M06,0.8827667638437563,2,19,1496.5316490000114
cold,M06-duplicate,EQUIVALENT,M06,M05,1,2,19,1441.3265309999988
cold,M06-independent,EXACT,M06,M05,1,2,19,1408.0707659999898
cold,M06-angle,EXACT,M06,M05,1,2,19,1385.70683000001
cold,M06-lighting,EXACT,M06,M05,1,2,19,1415.0696789999784
cold,M06-cast,EXACT,M06,M08,0.7291011123774538,,36,1387.6909499999892
cold,M06-background,EXACT,M06,M06,0.9249999999999999,1,19,1404.038944
cold,M06-crop,EXACT,M06,M06,0.8368680016460204,1,19,1356.2344459999877
cold,M06-orientation,EXACT,M06,M06,0.8637187779063754,1,19,1290.943890000024
cold,M07-duplicate,EQUIVALENT,M07,M07,1,1,36,1468.472655999998
cold,M07-independent,EXACT,M07,M07,1,1,36,1496.602401000011
cold,M07-angle,EXACT,M07,M07,1,1,36,1431.9046509999898
cold,M07-lighting,EXACT,M07,M07,0.9798466123157761,1,36,1417.947468999977
cold,M07-cast,EXACT,M07,L08,0.7440166672890308,,28,1474.3239989999856
cold,M07-background,EXACT,M07,M07,0.9917867564625511,1,36,1413.5014000000083
cold,M07-crop,EXACT,M07,M07,0.8779019632941928,1,36,1502.0217929999926
cold,M07-orientation,EXACT,M07,M07,0.8687499999999999,1,36,1432.4533210000081
cold,M08-duplicate,EQUIVALENT,M08,M07,1,2,36,1421.8411199999973
cold,M08-independent,EXACT,M08,M07,1,2,36,1425.320252000005
cold,M08-angle,EXACT,M08,M08,1,1,36,1443.9448049999774
cold,M08-lighting,EXACT,M08,M07,0.9142417913919881,2,36,1459.2272550000052
cold,M08-cast,EXACT,M08,M08,0.8919811059427363,1,36,1430.4379619999963
cold,M08-background,EXACT,M08,M08,0.9906377105502826,1,36,1366.5424689999782
cold,M08-crop,EXACT,M08,M08,0.8732055759361133,1,36,1447.6093609999807
cold,M08-orientation,EXACT,M08,M07,0.884201525156518,2,36,1476.8397439999972
cold,B01-ambiguous,AMBIGUOUS,B01|B02,B01,1,1,34,1376.8885100000189
cold,B02-ambiguous,AMBIGUOUS,B01|B02,B01,1,1,34,1418.6508430000104
cold,B03-ambiguous,AMBIGUOUS,B03|B04,B03,1,1,36,1437.5531810000248
cold,B04-ambiguous,AMBIGUOUS,B03|B04,B03,1,1,36,1412.0025329999917
cold,B05-ambiguous,AMBIGUOUS,B05|B06,B05,1,1,36,1425.7891919999965
cold,B06-ambiguous,AMBIGUOUS,B05|B06,B05,1,1,36,1408.3705400000035
cold,B07-ambiguous,AMBIGUOUS,B07|B08,B07,1,1,36,1395.9641940000001
cold,B08-ambiguous,AMBIGUOUS,B07|B08,B07,1,1,36,1440.9889409999887
cold,B09-ambiguous,AMBIGUOUS,B09|B10,B03,1,2,36,1390.545001999999
cold,B10-ambiguous,AMBIGUOUS,B09|B10,B03,1,2,36,1423.3430579999986
cold,B11-ambiguous,AMBIGUOUS,B11|B12,B05,1,3,36,1387.0466260000248
cold,B12-ambiguous,AMBIGUOUS,B11|B12,B05,1,3,36,1427.84038400001
cold,B13-ambiguous,AMBIGUOUS,B13|B14,B08,1,2,36,1437.868113000004
cold,B14-ambiguous,AMBIGUOUS,B13|B14,B08,1,2,36,1445.2320020000043
cold,B15-ambiguous,AMBIGUOUS,B15|B16,B15,1,1,36,1392.891632999992
cold,B16-ambiguous,AMBIGUOUS,B15|B16,B15,1,1,36,1477.4715330000035
cold,L01-ambiguous,AMBIGUOUS,L01|L02,L01,0.9868270997562064,1,28,1374.510374000005
cold,L02-ambiguous,AMBIGUOUS,L01|L02,L01,0.9868270997562064,1,28,1404.8978460000071
cold,L03-ambiguous,AMBIGUOUS,L03|L04,L03,0.9996725192560223,1,28,1440.602206999989
cold,L04-ambiguous,AMBIGUOUS,L03|L04,L03,0.9996725192560223,1,28,1433.2252039999876
cold,L05-ambiguous,AMBIGUOUS,L05|L06,L05,0.9974513946021298,1,28,1456.1226789999928
cold,L06-ambiguous,AMBIGUOUS,L05|L06,L05,0.9974513946021298,1,28,1380.8902410000155
cold,L07-ambiguous,AMBIGUOUS,L07|L08,L07,0.9679122969895029,1,45,1406.8937830000068
cold,L08-ambiguous,AMBIGUOUS,L07|L08,L07,0.9679122969895029,1,45,1388.9780000000028
cold,L09-ambiguous,AMBIGUOUS,L09|L10,L09,0.9690279028765113,1,45,1360.7390029999951
cold,L10-ambiguous,AMBIGUOUS,L09|L10,L09,0.9690279028765113,1,45,1438.7254350000003
cold,L11-ambiguous,AMBIGUOUS,L11|L12,L11,0.9711758025792837,1,48,1322.6464789999882
cold,L12-ambiguous,AMBIGUOUS,L11|L12,L11,0.9711758025792837,1,48,1411.079563999985
cold,L13-ambiguous,AMBIGUOUS,L13|L14,L13,0.9762815668027407,1,45,1409.9914500000014
cold,L14-ambiguous,AMBIGUOUS,L13|L14,L13,0.9762815668027407,1,45,1379.755306999985
cold,L15-ambiguous,AMBIGUOUS,L15|L16,L15,0.9772664593607577,1,48,1390.7012169999944
cold,L16-ambiguous,AMBIGUOUS,L15|L16,L15,0.9772664593607577,1,48,1362.8960420000076
cold,N001,NO_MATCH,,M01,0.6806014201729783,,26,1398.0665720000106
cold,N002,NO_MATCH,,L02,0.9786759197334612,,28,1408.4512629999954
cold,N003,NO_MATCH,,L09,1,,27,1394.361448999989
cold,N004,NO_MATCH,,L09,0.942257448029,,19,1413.1286449999898
cold,N005,NO_MATCH,,B05,1,,36,1368.2409859999898
cold,N006,NO_MATCH,,B05,0.8908503531840944,,36,1373.4317919999885
cold,N007,NO_MATCH,,D07,0.9028579136025369,,17,1371.4723550000053
cold,N008,NO_MATCH,,L14,0.9515460583851948,,19,1416.8264040000213
cold,N009,NO_MATCH,,L09,0.945549460602917,,26,1433.9398770000262
cold,N010,NO_MATCH,,L09,1,,26,1403.9037649999955
cold,N011,NO_MATCH,,L11,0.9374836062105557,,21,1481.9274530000112
cold,N012,NO_MATCH,,L11,1,,25,1385.120121999993
cold,N013,NO_MATCH,,B13,1,,36,1583.5468099999998
cold,N014,NO_MATCH,,B13,0.9125616572523874,,34,1648.9163030000054
cold,N015,NO_MATCH,,L16,0.8580542340869469,,17,1642.7489269999787
cold,N016,NO_MATCH,,L16,0.8671140627646445,,19,1544.5528179999965
cold,N017,NO_MATCH,,L09,1,,28,1607.4420590000227
cold,N018,NO_MATCH,,L09,0.983751982613604,,26,1610.902973999997
cold,N019,NO_MATCH,,M05,0.8173279614240366,,19,1565.4921589999867
cold,N020,NO_MATCH,,B01,0.9251999266897781,,37,1556.1316370000131
cold,N021,NO_MATCH,,B16,0.945522170742143,,36,1615.5044900000212
cold,N022,NO_MATCH,,B16,1,,22,1587.3224300000002
cold,N023,NO_MATCH,,L15,0.9652563953103704,,17,1579.2470159999793
cold,N024,NO_MATCH,,L15,0.7903814095082478,,22,1606.0225450000144
cold,N025,NO_MATCH,,L02,0.9117535938912994,,28,1442.9583439999842
cold,N026,NO_MATCH,,L01,0.7722478418172455,,27,1386.5511529999785
cold,N027,NO_MATCH,,L09,0.9415016240709455,,19,1379.2047349999775
cold,N028,NO_MATCH,,B03,1,,36,1473.1420870000147
cold,N029,NO_MATCH,,B05,1,,36,1402.4167350000062
cold,N030,NO_MATCH,,L11,0.8595277386954459,,17,1413.7133840000024
cold,N031,NO_MATCH,,L14,0.7103979435510829,,19,1423.8099599999841
cold,N032,NO_MATCH,,L13,1,,26,1395.599669999996
cold,N033,NO_MATCH,,L09,1,,26,1397.5203329999931
cold,N034,NO_MATCH,,L09,1,,21,1389.7774280000012
cold,N035,NO_MATCH,,L11,0.9046223651501819,,27,1388.7070850000018
cold,N036,NO_MATCH,,L11,0.8920518655140436,,36,1398.9091509999998
cold,N037,NO_MATCH,,D08,0.8208753341858281,,32,1459.0815740000107
cold,N038,NO_MATCH,,L14,0.855756639708507,,17,1417.0836169999966
cold,N039,NO_MATCH,,L16,0.9606295217335835,,19,1468.4239190000226
cold,N040,NO_MATCH,,L12,0.9570642453289958,,24,1392.947558999993
cold,N041,NO_MATCH,,M03,0.7630252078731622,,26,1426.9947379999794
cold,N042,NO_MATCH,,L12,0.9563932523340193,,19,1482.1425359999994
cold,N043,NO_MATCH,,B01,1,,38,1396.5733720000135
cold,N044,NO_MATCH,,B14,1,,36,1386.1703590000106
cold,N045,NO_MATCH,,B15,0.9758596349263186,,21,1353.1389469999995
cold,N046,NO_MATCH,,L15,0.853908730059075,,17,1430.7394989999884
cold,N047,NO_MATCH,,L15,0.9298548647173126,,26,1397.4448999999731
cold,N048,NO_MATCH,,L15,0.7779838920217211,,28,1384.0667949999915
cold,N049,NO_MATCH,,L02,0.8435370001898668,,27,1367.272501999978
cold,N050,NO_MATCH,,M06,0.7961416832501229,,19,1422.73385400002
cold,N051,NO_MATCH,,B04,0.9361529483326233,,36,1416.4351660000102
cold,N052,NO_MATCH,,B03,0.9009496387795474,,36,1336.7000220000045
cold,N053,NO_MATCH,,L15,0.9148021959851828,,17,1383.7843870000215
cold,N054,NO_MATCH,,L15,0.9614481856178125,,19,1427.9012550000043
cold,N055,NO_MATCH,,L14,0.8366361947467353,,26,1386.0157699999982
cold,N056,NO_MATCH,,L14,0.9103266254914265,,26,1385.5871909999987
cold,N057,NO_MATCH,,L09,0.95766360182976,,21,1380.3005690000136
cold,N058,NO_MATCH,,B04,0.9627056761426372,,28,1415.5470309999946
cold,N059,NO_MATCH,,B05,1,,36,1436.6276319999888
cold,N060,NO_MATCH,,L11,0.9280360060690944,,32,1349.1404270000057
cold,N061,NO_MATCH,,D07,0.6581757585786704,,17,1397.180629999988
cold,N062,NO_MATCH,,D07,0.6519899295152881,,17,1426.9089189999795
cold,N063,NO_MATCH,,D08,0.6434136915079083,,17,1413.4198059999908
cold,N064,NO_MATCH,,D01,0.6369617423478788,,17,1367.0674259999942
cold,N065,NO_MATCH,,D01,0.6431317909832505,,17,1374.3181499999773
cold,N066,NO_MATCH,,D05,0.6393589813573702,,17,1404.8367060000019
cold,N067,NO_MATCH,,D05,0.6599753993917712,,17,1396.8637769999914
cold,N068,NO_MATCH,,D06,0.6778352080965259,,17,1346.3907210000034
cold,N069,NO_MATCH,,D06,0.6527660405925911,,17,1405.8827039999887
cold,N070,NO_MATCH,,D08,0.660223878239999,,17,1379.9132550000213
cold,N071,NO_MATCH,,D07,0.6547363911173609,,17,1411.5650509999832
cold,N072,NO_MATCH,,D06,0.6646036131427828,,17,1397.8695950000256
cold,N073,NO_MATCH,,D06,0.670333864328674,,17,1303.1143129999982
cold,N074,NO_MATCH,,D05,0.6410191083669902,,17,1355.526062000019
cold,N075,NO_MATCH,,D05,0.6784909678696488,,17,1327.426107999985
cold,N076,NO_MATCH,,D05,0.6776654129595703,,17,1340.0447710000153
cold,N077,NO_MATCH,,D05,0.636984812295104,,17,1345.8890810000012
cold,N078,NO_MATCH,,D07,0.6402810862967152,,17,1340.3015019999875
cold,N079,NO_MATCH,,D07,0.6606197756367729,,17,1389.7211229999957
cold,N080,NO_MATCH,,D06,0.6939435604581587,,17,1343.3503909999854
cold,N081,NO_MATCH,,B15,0.6250220340661516,,45,1373.1578969999973
cold,N082,NO_MATCH,,B03,0.616459784909771,,45,1388.1006019999913
cold,N083,NO_MATCH,,B01,0.6446599264705881,,45,1387.1602859999985
cold,N084,NO_MATCH,,B09,0.6414025363933452,,43,1409.5329330000095
cold,N085,NO_MATCH,,B15,0.67296423177857,,44,1426.4683450000011
cold,N086,NO_MATCH,,B15,0.6698137007328183,,45,1430.4227050000045
cold,N087,NO_MATCH,,B05,0.6454538360155383,,45,1465.9507680000097
cold,N088,NO_MATCH,,B15,0.6250220340661516,,45,1427.308542999992
cold,N089,NO_MATCH,,B03,0.616459784909771,,45,1362.041406000004
cold,N090,NO_MATCH,,B01,0.6446599264705881,,45,1415.4332220000215
cold,N091,NO_MATCH,,B09,0.6414025363933452,,43,1411.1820409999928
cold,N092,NO_MATCH,,B15,0.67296423177857,,44,1409.749953999999
cold,N093,NO_MATCH,,B15,0.6698137007328183,,45,1382.808778000006
cold,N094,NO_MATCH,,B05,0.6454538360155383,,45,1383.6635499999975
cold,N095,NO_MATCH,,B15,0.6250220340661516,,45,1412.9274810000206
cold,N096,NO_MATCH,,B03,0.616459784909771,,45,1398.4911370000045
cold,N097,NO_MATCH,,B01,0.6446599264705881,,45,1395.1990600000136
cold,N098,NO_MATCH,,B09,0.6414025363933452,,43,1380.915085000015
cold,N099,NO_MATCH,,B15,0.67296423177857,,44,1264.816010999988
cold,N100,NO_MATCH,,B15,0.6698137007328183,,45,1447.4784230000223
warm,B01-duplicate,EQUIVALENT,B01,B01,1,1,36,16.85310199999367
warm,B01-independent,EXACT,B01,B01,1,1,36,15.871243000001414
warm,B01-angle,EXACT,B01,B01,1,1,36,20.647938999987673
warm,B01-lighting,EXACT,B01,B01,0.9780546965411545,1,36,16.505177999992156
warm,B01-cast,EXACT,B01,L01,0.8032190292625351,,28,17.92399600002682
warm,B01-background,EXACT,B01,B01,1,1,36,17.0806450000091
warm,B01-crop,EXACT,B01,B06,0.9011027964005756,8,36,17.042858000000706
warm,B01-orientation,EXACT,B01,B06,0.8652614146529898,5,36,16.59604400000535
warm,B02-duplicate,EQUIVALENT,B02,B01,1,2,36,18.84642499999609
warm,B02-independent,EXACT,B02,B01,1,2,36,16.919261000002734
warm,B02-angle,EXACT,B02,B01,1,2,36,17.715801999991527
warm,B02-lighting,EXACT,B02,B01,1,2,27,14.828592000005301
warm,B02-cast,EXACT,B02,B01,0.9446784419155707,2,36,16.143313000007765
warm,B02-background,EXACT,B02,B01,1,2,36,17.51622099999804
warm,B02-crop,EXACT,B02,B06,0.9011067459524098,11,35,17.872959000000264
warm,B02-orientation,EXACT,B02,B03,0.8629937291697587,5,36,15.829059000010602
warm,B03-duplicate,EQUIVALENT,B03,B03,1,1,36,19.116351000004215
warm,B03-independent,EXACT,B03,B03,0.9910077167228032,1,36,15.55079000000842
warm,B03-angle,EXACT,B03,B03,1,1,36,17.67957700000261
warm,B03-lighting,EXACT,B03,B03,1,1,36,18.631291000026977
warm,B03-cast,EXACT,B03,L09,0.8436346116285325,,28,16.696395999984816
warm,B03-background,EXACT,B03,B03,1,1,36,17.83226699999068
warm,B03-crop,EXACT,B03,B06,0.8787055132892503,4,36,18.382336000009673
warm,B03-orientation,EXACT,B03,B04,0.895025413233194,3,36,14.937516000005417
warm,B04-duplicate,EQUIVALENT,B04,B03,1,2,36,17.729112000000896
warm,B04-independent,EXACT,B04,B03,0.9903130140656267,2,36,17.36917999997968
warm,B04-angle,EXACT,B04,B03,1,2,36,18.336347000004025
warm,B04-lighting,EXACT,B04,B04,0.9364753686054275,1,30,15.27352200000314
warm,B04-cast,EXACT,B04,B04,0.9495697369565376,1,36,19.8236479999905
warm,B04-background,EXACT,B04,B03,1,2,36,19.13828499999363
warm,B04-crop,EXACT,B04,B06,0.8792367749557082,3,36,15.292791999992914
warm,B04-orientation,EXACT,B04,B04,0.8669151829154488,1,36,15.911393999995198
warm,B05-duplicate,EQUIVALENT,B05,B05,1,1,36,17.922913999995217
warm,B05-independent,EXACT,B05,B05,1,1,36,16.048179000004893
warm,B05-angle,EXACT,B05,B05,1,1,36,16.198936000000685
warm,B05-lighting,EXACT,B05,B05,1,1,36,17.038773000007495
warm,B05-cast,EXACT,B05,L11,0.8306355308702735,,28,19.80165500001749
warm,B05-background,EXACT,B05,B05,1,1,36,15.773035000020172
warm,B05-crop,EXACT,B05,B05,0.8734074544623079,1,36,15.73337599998922
warm,B05-orientation,EXACT,B05,B07,0.8809962699776809,2,36,15.75032099999953
warm,B06-duplicate,EQUIVALENT,B06,B05,1,2,36,18.35478900000453
warm,B06-independent,EXACT,B06,B05,1,2,36,15.284459000016795
warm,B06-angle,EXACT,B06,B05,1,2,36,16.661674000002677
warm,B06-lighting,EXACT,B06,B05,1,2,34,16.7160149999836
warm,B06-cast,EXACT,B06,B05,0.956482996988331,2,36,26.582164999999804
warm,B06-background,EXACT,B06,B05,1,2,36,16.060387000004994
warm,B06-crop,EXACT,B06,B05,0.8640727516761829,2,35,15.386301999998977
warm,B06-orientation,EXACT,B06,B06,0.8769508832182377,1,35,15.695387999992818
warm,B07-duplicate,EQUIVALENT,B07,B07,1,1,36,18.27948200001265
warm,B07-independent,EXACT,B07,B07,1,1,36,15.70214800001122
warm,B07-angle,EXACT,B07,B07,1,1,36,15.269024999986868
warm,B07-lighting,EXACT,B07,B07,0.9795729979112295,1,36,17.67140500000096
warm,B07-cast,EXACT,B07,L14,0.9219677738982853,,28,18.848027999978513
warm,B07-background,EXACT,B07,B07,1,1,36,15.780766000010772
warm,B07-crop,EXACT,B07,B07,0.8810478567320692,1,36,16.657436999987112
warm,B07-orientation,EXACT,B07,B07,0.8781249999999999,1,34,18.44642299998668
warm,B08-duplicate,EQUIVALENT,B08,B07,1,2,36,15.324909000017215
warm,B08-independent,EXACT,B08,B07,1,2,36,15.649608000006992
warm,B08-angle,EXACT,B08,B07,1,2,36,14.828802000003634
warm,B08-lighting,EXACT,B08,B08,0.9238709309937456,1,33,17.40460300000268
warm,B08-cast,EXACT,B08,B08,0.9365591648250934,1,36,15.166311999986647
warm,B08-background,EXACT,B08,B07,1,2,36,17.911517000000458
warm,B08-crop,EXACT,B08,B07,0.8833363343695303,2,36,15.68278899998404
warm,B08-orientation,EXACT,B08,B06,0.8768615145952725,4,36,17.091981999983545
warm,B09-duplicate,EQUIVALENT,B09,B01,1,3,36,16.823648000019602
warm,B09-independent,EXACT,B09,B09,1,1,36,19.02424400000018
warm,B09-angle,EXACT,B09,B01,1,3,36,19.044774999987567
warm,B09-lighting,EXACT,B09,B09,0.968293836831841,1,36,16.17859700002009
warm,B09-cast,EXACT,B09,L09,0.8334068191597581,,28,14.473216999991564
warm,B09-background,EXACT,B09,B03,1,3,36,15.217067000019597
warm,B09-crop,EXACT,B09,B06,0.8935064298117449,9,36,18.863260999991326
warm,B09-orientation,EXACT,B09,B08,0.8742039688380676,8,36,17.609582000004593
warm,B10-duplicate,EQUIVALENT,B10,B01,1,4,36,15.875590000010561
warm,B10-independent,EXACT,B10,B09,1,2,36,14.969414000021061
warm,B10-angle,EXACT,B10,B01,1,4,36,18.664862000005087
warm,B10-lighting,EXACT,B10,B10,0.9318327811145559,1,27,15.435075999994297
warm,B10-cast,EXACT,B10,B10,0.9545676929953986,1,36,16.68730200000573
warm,B10-background,EXACT,B10,B09,1,2,36,16.354580999992322
warm,B10-crop,EXACT,B10,B07,0.8906104859664274,10,36,16.696475999982795
warm,B10-orientation,EXACT,B10,B10,0.8761478129393695,1,33,14.251152000011643
warm,B11-duplicate,EQUIVALENT,B11,B03,1,5,36,14.38105799999903
warm,B11-independent,EXACT,B11,B06,1,2,36,17.950156000006245
warm,B11-angle,EXACT,B11,B05,1,2,36,15.147421999979997
warm,B11-lighting,EXACT,B11,B11,1,1,36,15.61040000000503
warm,B11-cast,EXACT,B11,L11,0.9411187616531186,,28,14.29099199999473
warm,B11-background,EXACT,B11,B05,1,3,36,18.272541000013007
warm,B11-crop,EXACT,B11,B11,0.8936667622507878,1,36,15.32587999998941
warm,B11-orientation,EXACT,B11,B14,0.8895227755200124,6,36,25.03419799997937
warm,B12-duplicate,EQUIVALENT,B12,B03,1,6,36,17.009587999986252
warm,B12-independent,EXACT,B12,B06,1,3,36,21.40318700001808
warm,B12-angle,EXACT,B12,B05,1,3,36,16.676525999995647
warm,B12-lighting,EXACT,B12,B11,1,2,34,15.460162999981549
warm,B12-cast,EXACT,B12,B12,0.9562479667796766,1,36,18.594416000007186
warm,B12-background,EXACT,B12,B05,1,4,36,16.305827000003774
warm,B12-crop,EXACT,B12,B11,0.8847053668156827,2,36,15.069714999990538
warm,B12-orientation,EXACT,B12,B16,0.8630406129824745,3,33,14.698385999974562
warm,B13-duplicate,EQUIVALENT,B13,B07,1,2,36,18.26496000000043
warm,B13-independent,EXACT,B13,B13,1,1,36,16.47363100000075
warm,B13-angle,EXACT,B13,B07,1,3,36,15.067451000009896
warm,B13-lighting,EXACT,B13,B13,0.9745272778584644,1,36,15.117516999976942
warm,B13-cast,EXACT,B13,L13,0.9202632334546362,,28,17.55942600002163
warm,B13-background,EXACT,B13,B13,1,1,36,15.451440999982879
warm,B13-crop,EXACT,B13,B11,0.8727807027015008,3,32,15.670550999988336
warm,B13-orientation,EXACT,B13,B14,0.8747703444395175,2,32,15.373362000013003
warm,B14-duplicate,EQUIVALENT,B14,B07,1,3,36,16.46363499999279
warm,B14-independent,EXACT,B14,B13,1,2,36,16.291385999997146
warm,B14-angle,EXACT,B14,B07,1,4,36,15.735156999988249
warm,B14-lighting,EXACT,B14,B14,0.9211063417641895,1,30,17.89603299999726
warm,B14-cast,EXACT,B14,B14,0.9341202152946809,1,36,14.78122999999323
warm,B14-background,EXACT,B14,B13,1,2,36,15.894847999996273
warm,B14-crop,EXACT,B14,B11,0.8724674555607411,4,36,16.835235000005923
warm,B14-orientation,EXACT,B14,B13,0.8680088927380674,2,33,19.644176000001607
warm,B15-duplicate,EQUIVALENT,B15,B15,1,1,36,15.9665559999994
warm,B15-independent,EXACT,B15,B15,1,1,36,16.37267799998517
warm,B15-angle,EXACT,B15,B15,1,1,36,15.127806999982568
warm,B15-lighting,EXACT,B15,B15,1,1,36,18.958593000017572
warm,B15-cast,EXACT,B15,L16,0.8451540595760881,,28,15.357367999997223
warm,B15-background,EXACT,B15,B05,1,3,36,15.920997000008356
warm,B15-crop,EXACT,B15,B16,0.8743041668318311,2,36,15.829234000004362
warm,B15-orientation,EXACT,B15,B14,0.8887326699071931,5,35,17.955784000019776
warm,B16-duplicate,EQUIVALENT,B16,B15,1,2,36,15.763409000006504
warm,B16-independent,EXACT,B16,B15,1,2,36,16.284405000013066
warm,B16-angle,EXACT,B16,B15,1,2,36,19.0825799999875
warm,B16-lighting,EXACT,B16,B15,1,2,34,16.0243640000117
warm,B16-cast,EXACT,B16,B15,0.9420350482943762,2,36,17.452244000014616
warm,B16-background,EXACT,B16,B15,1,2,36,15.976540000003297
warm,B16-crop,EXACT,B16,B13,0.8688155853329076,3,31,17.842451999982586
warm,B16-orientation,EXACT,B16,B16,0.8951714935617685,1,31,14.958447000011802
warm,L01-duplicate,EQUIVALENT,L01,L01,1,1,28,14.047976000001654
warm,L01-independent,EXACT,L01,L01,0.9863084677406316,1,28,19.9524209999945
warm,L01-angle,EXACT,L01,L02,0.8808841736694678,2,28,16.74123299997882
warm,L01-lighting,EXACT,L01,L01,0.8020937482525874,1,28,15.832254000008106
warm,L01-cast,EXACT,L01,L01,0.9409083919763194,1,28,14.549261000007391
warm,L01-background,EXACT,L01,L01,0.6614498527541495,1,25,14.450641000003088
warm,L01-crop,EXACT,L01,L08,0.6378288451633246,6,24,13.984759999992093
warm,L01-orientation,EXACT,L01,L06,0.6481056057491423,4,27,17.547097000002395
warm,L02-duplicate,EQUIVALENT,L02,L02,1,1,28,14.351511999993818
warm,L02-independent,EXACT,L02,L02,0.89097243888096,1,28,13.511478000000352
warm,L02-angle,EXACT,L02,L02,0.8795737849903111,1,28,14.143709999974817
warm,L02-lighting,EXACT,L02,L09,0.7795180789403687,3,45,15.795998999994481
warm,L02-cast,EXACT,L02,B01,0.8647091609629114,,36,16.721713000006275
warm,L02-background,EXACT,L02,L02,0.6608839275727988,1,24,13.468903000000864
warm,L02-crop,EXACT,L02,L05,0.6476175543587355,8,27,13.731498999986798
warm,L02-orientation,EXACT,L02,L05,0.6724356530640644,7,28,13.548632999998517
warm,L03-duplicate,EQUIVALENT,L03,L03,1,1,28,16.759309999994002
warm,L03-independent,EXACT,L03,L03,0.9989819431417063,1,28,14.515809999982594
warm,L03-angle,EXACT,L03,L03,0.8807272810685451,1,28,15.118527999991784
warm,L03-lighting,EXACT,L03,L04,0.9655137766150423,2,28,14.641940000001341
warm,L03-cast,EXACT,L03,L03,0.9416756567209844,1,28,14.966870000003837
warm,L03-background,EXACT,L03,L03,0.7219645185840428,1,22,17.08061400000588
warm,L03-crop,EXACT,L03,L08,0.651412332668157,5,24,13.816054999973858
warm,L03-orientation,EXACT,L03,L04,0.6498679139228069,4,28,14.486835999996401
warm,L04-duplicate,EQUIVALENT,L04,L04,1,1,28,15.752134000009391
warm,L04-independent,EXACT,L04,L04,0.9868359475887786,1,28,14.05564599999343
warm,L04-angle,EXACT,L04,L03,0.894258226334012,2,28,15.618461000005482
warm,L04-lighting,EXACT,L04,L03,0.7959871757080565,2,47,16.780532000004314
warm,L04-cast,EXACT,L04,L14,0.8241058599593414,,36,15.728837999980897
warm,L04-background,EXACT,L04,L04,0.7269384788376558,1,23,15.06778199999826
warm,L04-crop,EXACT,L04,L05,0.6499481032229569,3,28,20.205721999984235
warm,L04-orientation,EXACT,L04,L06,0.6739577565472821,4,26,15.270948000019416
warm,L05-duplicate,EQUIVALENT,L05,L05,1,1,26,15.038827999989735
warm,L05-independent,EXACT,L05,L05,0.890105085238504,1,28,14.746306999993976
warm,L05-angle,EXACT,L05,L06,0.8785827558114175,2,26,14.213526000006823
warm,L05-lighting,EXACT,L05,L05,0.8811474686232814,1,28,18.053710000007413
warm,L05-cast,EXACT,L05,L05,0.9421950116554666,1,28,15.568445000011707
warm,L05-background,EXACT,L05,L05,0.7161458333333334,1,24,14.053754000022309
warm,L05-crop,EXACT,L05,L02,0.6762844297575443,4,27,14.918546999979299
warm,L05-orientation,EXACT,L05,L02,0.6506946762519202,9,28,14.90462600000319
warm,L06-duplicate,EQUIVALENT,L06,L06,1,1,26,17.19400499999756
warm,L06-independent,EXACT,L06,B05,0.7948357698875634,,36,15.486352000007173
warm,L06-angle,EXACT,L06,L05,0.8885903895763037,2,26,14.533686999988277
warm,L06-lighting,EXACT,L06,L15,0.8617866621310915,6,47,16.364265000011073
warm,L06-cast,EXACT,L06,B05,0.8132343155467578,,36,19.006766999984393
warm,L06-background,EXACT,L06,L06,0.703125,1,23,15.188493999972707
warm,L06-crop,EXACT,L06,B15,0.6724532825767097,,35,15.34140400000615
warm,L06-orientation,EXACT,L06,L06,0.6383050081101151,1,26,15.536527999996906
warm,L07-duplicate,EQUIVALENT,L07,L07,1,1,45,19.339749000006123
warm,L07-independent,EXACT,L07,L07,0.9822352136561696,1,45,19.493098999984795
warm,L07-angle,EXACT,L07,L07,0.8138862965057818,1,26,15.104405999998562
warm,L07-lighting,EXACT,L07,B07,0.8352427745607283,4,45,18.279421000013826
warm,L07-cast,EXACT,L07,L07,0.985649130908402,1,28,17.88593800002127
warm,L07-background,EXACT,L07,L06,0.691135072156459,3,28,17.9245360000059
warm,L07-crop,EXACT,L07,B15,0.6975710504164451,30,36,18.25570500001777
warm,L07-orientation,EXACT,L07,L13,0.6349010706648915,8,45,18.94564399999217
warm,L08-duplicate,EQUIVALENT,L08,L08,1,1,36,18.60785600001691
warm,L08-independent,EXACT,L08,L08,0.9713858603786341,1,28,20.58319199999096
warm,L08-angle,EXACT,L08,L08,0.890387850421293,1,36,16.799090999993496
warm,L08-lighting,EXACT,L08,L13,0.7813315634712645,12,45,21.34964700002456
warm,L08-cast,EXACT,L08,B08,0.8679349879800413,28,36,17.488738999993075
warm,L08-background,EXACT,L08,L06,0.6894014019502623,7,26,21.6462139999785
warm,L08-crop,EXACT,L08,M07,0.6837292596225274,19,36,19.898990999994567
warm,L08-orientation,EXACT,L08,L05,0.6541604387414481,2,26,16.74975600000471
warm,L09-duplicate,EQUIVALENT,L09,L09,1,1,47,20.46917100000428
warm,L09-independent,EXACT,L09,L09,0.9847320292990379,1,46,18.132320000004256
warm,L09-angle,EXACT,L09,L09,0.886157463183736,1,45,18.28466900001513
warm,L09-lighting,EXACT,L09,L10,0.874709187316659,2,48,19.424385999998776
warm,L09-cast,EXACT,L09,L09,0.9839449843833669,1,28,20.726754000002984
warm,L09-background,EXACT,L09,L03,0.6764434310405268,2,26,15.431339999980992
warm,L09-crop,EXACT,L09,L05,0.6555461053171756,38,44,23.785461999999825
warm,L09-orientation,EXACT,L09,B15,0.6697715762026167,8,45,17.267152000014903
warm,L10-duplicate,EQUIVALENT,L10,L10,1,1,47,17.44760800001677
warm,L10-independent,EXACT,L10,L10,0.9856770833333334,1,46,17.201491999992868
warm,L10-angle,EXACT,L10,L09,0.8866590351556736,2,46,16.815039999986766
warm,L10-lighting,EXACT,L10,L09,0.7783154176912697,2,48,16.94503599999007
warm,L10-cast,EXACT,L10,L10,0.903505861966525,1,36,20.3003810000082
warm,L10-background,EXACT,L10,L10,0.6570745581092496,1,26,16.148459999996703
warm,L10-crop,EXACT,L10,L08,0.6540733078875776,37,41,22.82956600000034
warm,L10-orientation,EXACT,L10,D08,0.6540150959572568,9,45,16.58504899998661
warm,L11-duplicate,EQUIVALENT,L11,L11,1,1,48,17.924205999996047
warm,L11-independent,EXACT,L11,L11,0.9668807289175834,1,48,17.103498999989824
warm,L11-angle,EXACT,L11,L12,0.9566346677559914,2,48,19.58083200000692
warm,L11-lighting,EXACT,L11,L15,0.8680951183935408,3,48,21.277399000013247
warm,L11-cast,EXACT,L11,L11,0.9810899714511686,1,28,16.808170000003884
warm,L11-background,EXACT,L11,L11,0.67578125,1,45,25.542740000004414
warm,L11-crop,EXACT,L11,L08,0.6914593927518835,28,45,21.38640800002031
warm,L11-orientation,EXACT,L11,B15,0.6686474425628838,22,45,19.89763999998104
warm,L12-duplicate,EQUIVALENT,L12,L12,1,1,48,20.558144999988144
warm,L12-independent,EXACT,L12,L12,0.9763481674731391,1,48,20.192975000012666
warm,L12-angle,EXACT,L12,L12,0.8724219795850068,1,48,17.588550000014948
warm,L12-lighting,EXACT,L12,L12,0.8835707865752135,1,48,19.343273999984376
warm,L12-cast,EXACT,L12,L12,0.9061420039100098,1,36,20.118302000017138
warm,L12-background,EXACT,L12,L12,0.6614583333333334,1,44,27.862569999997504
warm,L12-crop,EXACT,L12,B01,0.6807693756978908,34,44,17.967991999990772
warm,L12-orientation,EXACT,L12,D08,0.6551956586323594,8,45,17.627318999991985
warm,L13-duplicate,EQUIVALENT,L13,L13,1,1,45,17.549651000008453
warm,L13-independent,EXACT,L13,L13,0.9772732781166105,1,45,19.70313699997496
warm,L13-angle,EXACT,L13,L07,0.8851646416319907,2,45,17.897064999997383
warm,L13-lighting,EXACT,L13,L14,0.9642629980500996,3,45,17.689351999986684
warm,L13-cast,EXACT,L13,L13,0.9515104319447536,1,25,24.435456000006525
warm,L13-background,EXACT,L13,L13,0.6780614978137911,1,27,17.84075999999186
warm,L13-crop,EXACT,L13,B01,0.6940253617892388,14,43,19.015299999999115
warm,L13-orientation,EXACT,L13,B15,0.6574261634133637,9,45,20.614019000000553
warm,L14-duplicate,EQUIVALENT,L14,L14,1,1,48,19.044244000018807
warm,L14-independent,EXACT,L14,L14,0.9699744760766429,1,45,18.558531999995466
warm,L14-angle,EXACT,L14,L14,0.8894250408496733,1,48,17.437413000006927
warm,L14-lighting,EXACT,L14,L14,0.8113566356162134,1,48,18.268665000010515
warm,L14-cast,EXACT,L14,L14,0.954574980185568,1,36,24.921218000003137
warm,L14-background,EXACT,L14,L07,0.6644500831386251,8,26,16.28029900000547
warm,L14-crop,EXACT,L14,B01,0.662586763594247,27,43,18.018989000003785
warm,L14-orientation,EXACT,L14,L15,0.671317141482099,3,46,18.909719999996014
warm,L15-duplicate,EQUIVALENT,L15,L15,1,1,48,19.055490999977337
warm,L15-independent,EXACT,L15,L15,0.9694708562537129,1,48,20.522811000002548
warm,L15-angle,EXACT,L15,L15,0.880642361111111,1,46,20.879698999982793
warm,L15-lighting,EXACT,L15,L15,0.8306711265306249,1,48,18.631912000011653
warm,L15-cast,EXACT,L15,L15,0.9808045407567622,1,28,23.67731400000048
warm,L15-background,EXACT,L15,L15,0.71875,1,45,24.830200999975204
warm,L15-crop,EXACT,L15,B13,0.6501323196276477,19,45,17.740999000001466
warm,L15-orientation,EXACT,L15,L16,0.6443167892156864,4,45,18.40542200001073
warm,L16-duplicate,EQUIVALENT,L16,L16,1,1,48,19.050682999979472
warm,L16-independent,EXACT,L16,L15,0.9606904423291951,2,48,20.8265090000059
warm,L16-angle,EXACT,L16,L16,0.9847375408496732,1,48,20.372765000007348
warm,L16-lighting,EXACT,L16,L16,0.9601884147096823,1,48,27.41935199999716
warm,L16-cast,EXACT,L16,L16,0.9136419970128684,1,36,18.002824000024702
warm,L16-background,EXACT,L16,L16,0.7044270833333334,1,45,16.698800999991363
warm,L16-crop,EXACT,L16,B01,0.6812652017741317,16,43,17.62460400001146
warm,L16-orientation,EXACT,L16,L15,0.6586338261975041,5,44,17.43830400001025
warm,D01-duplicate,EQUIVALENT,D01,D01,1,1,48,18.192500000004657
warm,D01-independent,EXACT,D01,D01,0.8033418850867267,1,48,18.575989000004483
warm,D01-angle,EXACT,D01,D01,0.8896758167501451,1,48,18.02736200002255
warm,D01-lighting,EXACT,D01,D02,0.7257452543342023,2,48,25.594406999996863
warm,D01-cast,EXACT,D01,D01,0.7613098425572689,1,28,17.116864999989048
warm,D01-background,EXACT,D01,D01,0.866298852679388,1,48,21.231188000005204
warm,D01-crop,EXACT,D01,B15,0.6869336632767907,24,48,18.51256299999659
warm,D01-orientation,EXACT,D01,B15,0.6950962500028667,14,48,18.4056719999935
warm,D02-duplicate,EQUIVALENT,D02,D02,1,1,48,20.99803700001212
warm,D02-independent,EXACT,D02,D01,0.8739858847130244,2,48,21.957493000023533
warm,D02-angle,EXACT,D02,D01,0.8882954180188307,2,48,25.294120000005933
warm,D02-lighting,EXACT,D02,D02,0.7128960072182047,1,36,19.71451300001354
warm,D02-cast,EXACT,D02,D02,0.9871663930531998,1,36,17.973159999994095
warm,D02-background,EXACT,D02,D02,0.8805354733889256,1,47,18.76773699998739
warm,D02-crop,EXACT,D02,B06,0.6921796504637431,13,48,17.936914999998407
warm,D02-orientation,EXACT,D02,D01,0.6888877497079475,3,48,18.64646499999799
warm,D03-duplicate,EQUIVALENT,D03,D03,1,1,48,20.438598999986425
warm,D03-independent,EXACT,D03,D03,0.7330455102257831,1,47,27.13670699999784
warm,D03-angle,EXACT,D03,D03,0.9710990858905415,1,48,19.180223000003025
warm,D03-lighting,EXACT,D03,B15,0.7150136805454081,2,48,18.42868599999929
warm,D03-cast,EXACT,D03,D03,0.8212078073049378,1,28,15.571020000003045
warm,D03-background,EXACT,D03,D03,0.8023287805001884,1,47,19.473400999995647
warm,D03-crop,EXACT,D03,B15,0.6776393154604501,11,48,19.16507499999716
warm,D03-orientation,EXACT,D03,B15,0.6705713867026087,19,48,20.94594900001539
warm,D04-duplicate,EQUIVALENT,D04,D04,1,1,48,20.322830000019167
warm,D04-independent,EXACT,D04,D03,0.7887457669501422,2,47,22.764007999998285
warm,D04-angle,EXACT,D04,D03,0.8900912008545896,2,48,18.861498999991454
warm,D04-lighting,EXACT,D04,D04,0.7237043004073925,1,36,16.269232999999076
warm,D04-cast,EXACT,D04,D04,0.9743162542689878,1,36,17.495269999984885
warm,D04-background,EXACT,D04,D04,0.889420775363599,1,47,17.765136000001803
warm,D04-crop,EXACT,D04,B15,0.6858153103157831,6,48,18.38164599999436
warm,D04-orientation,EXACT,D04,B15,0.7019420992305417,21,48,17.655842000007397
warm,D05-duplicate,EQUIVALENT,D05,D05,1,1,48,25.385567999997875
warm,D05-independent,EXACT,D05,D05,0.725472972630719,1,48,19.793292000016663
warm,D05-angle,EXACT,D05,D05,0.966377271145244,1,47,18.714566000009654
warm,D05-lighting,EXACT,D05,B15,0.7301858369210126,3,48,18.60381000000052
warm,D05-cast,EXACT,D05,D05,0.97602068319666,1,27,16.623084999999264
warm,D05-background,EXACT,D05,D05,0.8760416666666667,1,47,18.040681999991648
warm,D05-crop,EXACT,D05,B15,0.6765247517031218,4,48,18.56307899998501
warm,D05-orientation,EXACT,D05,M01,0.6708194144954269,12,48,25.694933000020683
warm,D06-duplicate,EQUIVALENT,D06,D06,1,1,48,18.771211999992374
warm,D06-independent,EXACT,D06,D06,0.7811742787894346,1,48,20.223560999991605
warm,D06-angle,EXACT,D06,D05,0.9782851125186048,2,48,19.12664699999732
warm,D06-lighting,EXACT,D06,B15,0.7260082790097241,6,48,18.28845600000932
warm,D06-cast,EXACT,D06,D06,0.951944697066478,1,36,17.315247999998974
warm,D06-background,EXACT,D06,D06,0.8903645833333333,1,45,18.326121999998577
warm,D06-crop,EXACT,D06,B15,0.6690663525101299,13,48,18.300677999999607
warm,D06-orientation,EXACT,D06,B15,0.6823634542014573,4,45,24.348876000003656
warm,D07-duplicate,EQUIVALENT,D07,D07,1,1,46,19.240919000003487
warm,D07-independent,EXACT,D07,D07,0.7973505493259805,1,45,19.957244999997783
warm,D07-angle,EXACT,D07,D08,0.9678372778134672,2,45,18.182134000002407
warm,D07-lighting,EXACT,D07,D07,0.7618271204532869,1,48,23.540783000004012
warm,D07-cast,EXACT,D07,D07,0.9733278197956726,1,28,16.912116999999853
warm,D07-background,EXACT,D07,D07,0.8445306964203796,1,28,15.78725600001053
warm,D07-crop,EXACT,D07,B15,0.683859064772449,2,45,24.423687999980757
warm,D07-orientation,EXACT,D07,B15,0.685173898501581,7,45,18.089345000014873
warm,D08-duplicate,EQUIVALENT,D08,D08,1,1,46,19.071809999994002
warm,D08-independent,EXACT,D08,D07,0.7971917630337106,2,45,18.2493550000072
warm,D08-angle,EXACT,D08,D08,0.9675630668531364,1,48,18.985324999986915
warm,D08-lighting,EXACT,D08,B15,0.7140992317660938,4,48,19.460561000014422
warm,D08-cast,EXACT,D08,D08,0.9667610455349309,1,36,18.676408999977866
warm,D08-background,EXACT,D08,D08,0.9266581288327385,1,28,16.95711799999117
warm,D08-crop,EXACT,D08,B15,0.6836069133122978,3,45,24.719264000013936
warm,D08-orientation,EXACT,D08,B15,0.7235896711261575,3,45,18.296447000000626
warm,M01-duplicate,EQUIVALENT,M01,M01,1,1,26,17.38162800000282
warm,M01-independent,EXACT,M01,M01,1,1,26,16.989948000002187
warm,M01-angle,EXACT,M01,M01,1,1,26,14.778325999999652
warm,M01-lighting,EXACT,M01,M01,1,1,26,17.80806099998881
warm,M01-cast,EXACT,M01,M01,0.9309348938733625,1,28,16.668773999990663
warm,M01-background,EXACT,M01,M02,0.9980126609066851,2,24,16.650245999975596
warm,M01-crop,EXACT,M01,M01,0.8458364290069899,1,26,28.246043000021018
warm,M01-orientation,EXACT,M01,M01,0.85,1,26,19.20637299999362
warm,M02-duplicate,EQUIVALENT,M02,M01,1,2,26,16.87305200000992
warm,M02-independent,EXACT,M02,M01,1,2,26,19.23500200000126
warm,M02-angle,EXACT,M02,M01,1,2,26,15.903581000020495
warm,M02-lighting,EXACT,M02,M02,0.954657305858057,1,26,14.899118000001181
warm,M02-cast,EXACT,M02,B14,0.7404743843142046,,35,17.723915000009583
warm,M02-background,EXACT,M02,M01,1,2,24,17.253584999998566
warm,M02-crop,EXACT,M02,M01,0.8645864290069898,2,26,16.768604999990202
warm,M02-orientation,EXACT,M02,M01,0.8871807560862838,2,26,24.754517000023043
warm,M03-duplicate,EQUIVALENT,M03,M03,1,1,26,22.674702999996953
warm,M03-independent,EXACT,M03,M03,1,1,26,17.438544000004185
warm,M03-angle,EXACT,M03,M03,1,1,26,17.820810000004712
warm,M03-lighting,EXACT,M03,M03,1,1,26,16.608823999995366
warm,M03-cast,EXACT,M03,M03,0.9189375284825441,1,28,16.726530999992974
warm,M03-background,EXACT,M03,M04,0.9323126112795523,2,26,16.503546000021743
warm,M03-crop,EXACT,M03,M03,0.86163334049797,1,24,15.899165000009816
warm,M03-orientation,EXACT,M03,M03,0.85,1,26,16.09220600000117
warm,M04-duplicate,EQUIVALENT,M04,M03,1,2,26,22.93274299998302
warm,M04-independent,EXACT,M04,M03,1,2,26,16.638068000000203
warm,M04-angle,EXACT,M04,M03,1,2,26,15.554326000012225
warm,M04-lighting,EXACT,M04,M03,1,2,26,15.702347999991616
warm,M04-cast,EXACT,M04,B09,0.7902822239409764,,36,16.795971000014106
warm,M04-background,EXACT,M04,M04,0.9334953451310162,1,26,18.276697000022978
warm,M04-crop,EXACT,M04,M04,0.8736115653864421,1,26,21.986776000005193
warm,M04-orientation,EXACT,M04,M03,0.8677930863144425,2,26,22.30522199999541
warm,M05-duplicate,EQUIVALENT,M05,M05,1,1,19,18.284229000011692
warm,M05-independent,EXACT,M05,M05,1,1,19,21.931303000019398
warm,M05-angle,EXACT,M05,M05,1,1,19,17.86331000001519
warm,M05-lighting,EXACT,M05,M05,1,1,19,16.568282999971416
warm,M05-cast,EXACT,M05,M03,0.7503239746543343,,26,16.582755999988876
warm,M05-background,EXACT,M05,M05,0.9249999999999999,1,19,15.842864999984158
warm,M05-crop,EXACT,M05,M05,0.8412351476269604,1,19,21.626338999980362
warm,M05-orientation,EXACT,M05,M06,0.8827667638437563,2,19,24.29767900001025
warm,M06-duplicate,EQUIVALENT,M06,M05,1,2,19,19.335843000008026
warm,M06-independent,EXACT,M06,M05,1,2,19,30.445762000017567
warm,M06-angle,EXACT,M06,M05,1,2,19,15.595456999988528
warm,M06-lighting,EXACT,M06,M05,1,2,19,18.24483899999177
warm,M06-cast,EXACT,M06,M08,0.7291011123774538,,36,17.147727000003215
warm,M06-background,EXACT,M06,M06,0.9249999999999999,1,19,16.288411000015913
warm,M06-crop,EXACT,M06,M06,0.8368680016460204,1,19,16.638309000001755
warm,M06-orientation,EXACT,M06,M06,0.8637187779063754,1,19,17.15569799998775
warm,M07-duplicate,EQUIVALENT,M07,M07,1,1,36,20.566015999997035
warm,M07-independent,EXACT,M07,M07,1,1,36,20.331663999997545
warm,M07-angle,EXACT,M07,M07,1,1,36,18.134432999999262
warm,M07-lighting,EXACT,M07,M07,0.9798466123157761,1,36,25.678688999993028
warm,M07-cast,EXACT,M07,L08,0.7440166672890308,,28,19.31502599999658
warm,M07-background,EXACT,M07,M07,0.9917867564625511,1,36,18.47662400000263
warm,M07-crop,EXACT,M07,M07,0.8779019632941928,1,36,19.507111000013538
warm,M07-orientation,EXACT,M07,M07,0.8687499999999999,1,36,17.787039999995613
warm,M08-duplicate,EQUIVALENT,M08,M07,1,2,36,18.430349000002025
warm,M08-independent,EXACT,M08,M07,1,2,36,17.547739000001457
warm,M08-angle,EXACT,M08,M08,1,1,36,17.577622999990126
warm,M08-lighting,EXACT,M08,M07,0.9142417913919881,2,36,26.60037800000282
warm,M08-cast,EXACT,M08,M08,0.8919811059427363,1,36,20.230409999989206
warm,M08-background,EXACT,M08,M08,0.9906377105502826,1,36,18.036424999998417
warm,M08-crop,EXACT,M08,M08,0.8732055759361133,1,36,18.483597999991616
warm,M08-orientation,EXACT,M08,M07,0.884201525156518,2,36,19.556855000002543
warm,B01-ambiguous,AMBIGUOUS,B01|B02,B01,1,1,34,17.418814000004204
warm,B02-ambiguous,AMBIGUOUS,B01|B02,B01,1,1,34,20.131131000001915
warm,B03-ambiguous,AMBIGUOUS,B03|B04,B03,1,1,36,18.413251999998465
warm,B04-ambiguous,AMBIGUOUS,B03|B04,B03,1,1,36,26.999749999988126
warm,B05-ambiguous,AMBIGUOUS,B05|B06,B05,1,1,36,19.1671090000018
warm,B06-ambiguous,AMBIGUOUS,B05|B06,B05,1,1,36,17.581328999978723
warm,B07-ambiguous,AMBIGUOUS,B07|B08,B07,1,1,36,17.72707900000387
warm,B08-ambiguous,AMBIGUOUS,B07|B08,B07,1,1,36,17.77599300001748
warm,B09-ambiguous,AMBIGUOUS,B09|B10,B03,1,2,36,16.846071000007214
warm,B10-ambiguous,AMBIGUOUS,B09|B10,B03,1,2,36,17.57433899998432
warm,B11-ambiguous,AMBIGUOUS,B11|B12,B05,1,3,36,17.270441000000574
warm,B12-ambiguous,AMBIGUOUS,B11|B12,B05,1,3,36,26.469360999995843
warm,B13-ambiguous,AMBIGUOUS,B13|B14,B08,1,2,36,19.04211999999825
warm,B14-ambiguous,AMBIGUOUS,B13|B14,B08,1,2,36,19.25100499999826
warm,B15-ambiguous,AMBIGUOUS,B15|B16,B15,1,1,36,17.84729000000516
warm,B16-ambiguous,AMBIGUOUS,B15|B16,B15,1,1,36,17.731727000005776
warm,L01-ambiguous,AMBIGUOUS,L01|L02,L01,0.9868270997562064,1,28,21.660184999986086
warm,L02-ambiguous,AMBIGUOUS,L01|L02,L01,0.9868270997562064,1,28,16.73312099999748
warm,L03-ambiguous,AMBIGUOUS,L03|L04,L03,0.9996725192560223,1,28,17.067775999981677
warm,L04-ambiguous,AMBIGUOUS,L03|L04,L03,0.9996725192560223,1,28,15.845484999998007
warm,L05-ambiguous,AMBIGUOUS,L05|L06,L05,0.9974513946021298,1,28,23.04849600000307
warm,L06-ambiguous,AMBIGUOUS,L05|L06,L05,0.9974513946021298,1,28,17.512296000000788
warm,L07-ambiguous,AMBIGUOUS,L07|L08,L07,0.9679122969895029,1,45,19.250815000006696
warm,L08-ambiguous,AMBIGUOUS,L07|L08,L07,0.9679122969895029,1,45,19.010287000011886
warm,L09-ambiguous,AMBIGUOUS,L09|L10,L09,0.9690279028765113,1,45,18.813936999998987
warm,L10-ambiguous,AMBIGUOUS,L09|L10,L09,0.9690279028765113,1,45,19.597306000010576
warm,L11-ambiguous,AMBIGUOUS,L11|L12,L11,0.9711758025792837,1,48,20.372080000001006
warm,L12-ambiguous,AMBIGUOUS,L11|L12,L11,0.9711758025792837,1,48,19.797908999986248
warm,L13-ambiguous,AMBIGUOUS,L13|L14,L13,0.9762815668027407,1,45,24.764461000013398
warm,L14-ambiguous,AMBIGUOUS,L13|L14,L13,0.9762815668027407,1,45,18.513303999992786
warm,L15-ambiguous,AMBIGUOUS,L15|L16,L15,0.9772664593607577,1,48,19.323093999992125
warm,L16-ambiguous,AMBIGUOUS,L15|L16,L15,0.9772664593607577,1,48,19.26275299998815
warm,N001,NO_MATCH,,M01,0.6806014201729783,,26,18.709238999988884
warm,N002,NO_MATCH,,L02,0.9786759197334612,,28,15.670339999982389
warm,N003,NO_MATCH,,L09,1,,27,17.66323299999931
warm,N004,NO_MATCH,,L09,0.942257448029,,19,18.758161999983713
warm,N005,NO_MATCH,,B05,1,,36,25.351055999984965
warm,N006,NO_MATCH,,B05,0.8908503531840944,,36,24.34441799999331
warm,N007,NO_MATCH,,D07,0.9028579136025369,,17,16.06525500002317
warm,N008,NO_MATCH,,L14,0.9515460583851948,,19,17.56803900000523
warm,N009,NO_MATCH,,L09,0.945549460602917,,26,16.5769760000112
warm,N010,NO_MATCH,,L09,1,,26,17.065090999996755
warm,N011,NO_MATCH,,L11,0.9374836062105557,,21,16.939503000001423
warm,N012,NO_MATCH,,L11,1,,25,17.52780799998436
warm,N013,NO_MATCH,,B13,1,,36,17.82992399999057
warm,N014,NO_MATCH,,B13,0.9125616572523874,,34,26.143408999982057
warm,N015,NO_MATCH,,L16,0.8580542340869469,,17,17.126324000011664
warm,N016,NO_MATCH,,L16,0.8671140627646445,,19,14.686356000020169
warm,N017,NO_MATCH,,L09,1,,28,14.868891999998596
warm,N018,NO_MATCH,,L09,0.983751982613604,,26,14.450440999993589
warm,N019,NO_MATCH,,M05,0.8173279614240366,,19,14.746948999993037
warm,N020,NO_MATCH,,B01,0.9251999266897781,,37,17.049065999977756
warm,N021,NO_MATCH,,B16,0.945522170742143,,36,17.622039999987464
warm,N022,NO_MATCH,,B16,1,,22,16.050984000001336
warm,N023,NO_MATCH,,L15,0.9652563953103704,,17,20.91440100001637
warm,N024,NO_MATCH,,L15,0.7903814095082478,,22,16.980874000000767
warm,N025,NO_MATCH,,L02,0.9117535938912994,,28,16.852249999996275
warm,N026,NO_MATCH,,L01,0.7722478418172455,,27,16.340820000012172
warm,N027,NO_MATCH,,L09,0.9415016240709455,,19,16.253678999986732
warm,N028,NO_MATCH,,B03,1,,36,20.486026000027778
warm,N029,NO_MATCH,,B05,1,,36,16.57385100002284
warm,N030,NO_MATCH,,L11,0.8595277386954459,,17,16.743206999992253
warm,N031,NO_MATCH,,L14,0.7103979435510829,,19,15.134110999992117
warm,N032,NO_MATCH,,L13,1,,26,23.100114000000758
warm,N033,NO_MATCH,,L09,1,,26,17.263590000016848
warm,N034,NO_MATCH,,L09,1,,21,14.803294000012102
warm,N035,NO_MATCH,,L11,0.9046223651501819,,27,17.00151500001084
warm,N036,NO_MATCH,,L11,0.8920518655140436,,36,18.991454000002705
warm,N037,NO_MATCH,,D08,0.8208753341858281,,32,16.66491799999494
warm,N038,NO_MATCH,,L14,0.855756639708507,,17,15.66785600001458
warm,N039,NO_MATCH,,L16,0.9606295217335835,,19,17.66880499999388
warm,N040,NO_MATCH,,L12,0.9570642453289958,,24,15.03296899999259
warm,N041,NO_MATCH,,M03,0.7630252078731622,,26,23.557142000005115
warm,N042,NO_MATCH,,L12,0.9563932523340193,,19,15.331229000003077
warm,N043,NO_MATCH,,B01,1,,38,17.419754999980796
warm,N044,NO_MATCH,,B14,1,,36,17.557251999998698
warm,N045,NO_MATCH,,B15,0.9758596349263186,,21,16.60342599998694
warm,N046,NO_MATCH,,L15,0.853908730059075,,17,15.272254000010435
warm,N047,NO_MATCH,,L15,0.9298548647173126,,26,17.049738000001526
warm,N048,NO_MATCH,,L15,0.7779838920217211,,28,16.683195999998134
warm,N049,NO_MATCH,,L02,0.8435370001898668,,27,18.27918499999214
warm,N050,NO_MATCH,,M06,0.7961416832501229,,19,23.680428000021493
warm,N051,NO_MATCH,,B04,0.9361529483326233,,36,17.80676899998798
warm,N052,NO_MATCH,,B03,0.9009496387795474,,36,15.812292999995407
warm,N053,NO_MATCH,,L15,0.9148021959851828,,17,15.38355299999239
warm,N054,NO_MATCH,,L15,0.9614481856178125,,19,13.768595000001369
warm,N055,NO_MATCH,,L14,0.8366361947467353,,26,15.857010999985505
warm,N056,NO_MATCH,,L14,0.9103266254914265,,26,16.341015000012703
warm,N057,NO_MATCH,,L09,0.95766360182976,,21,16.15458000000217
warm,N058,NO_MATCH,,B04,0.9627056761426372,,28,16.45795600002748
warm,N059,NO_MATCH,,B05,1,,36,24.03216799997608
warm,N060,NO_MATCH,,L11,0.9280360060690944,,32,17.246825000009267
warm,N061,NO_MATCH,,D07,0.6581757585786704,,17,14.866037999978289
warm,N062,NO_MATCH,,D07,0.6519899295152881,,17,15.051416999980574
warm,N063,NO_MATCH,,D08,0.6434136915079083,,17,14.413555999984965
warm,N064,NO_MATCH,,D01,0.6369617423478788,,17,15.288360000005923
warm,N065,NO_MATCH,,D01,0.6431317909832505,,17,13.713532000023406
warm,N066,NO_MATCH,,D05,0.6393589813573702,,17,14.2497999999905
warm,N067,NO_MATCH,,D05,0.6599753993917712,,17,14.546967000002041
warm,N068,NO_MATCH,,D06,0.6778352080965259,,17,14.675676000013482
warm,N069,NO_MATCH,,D06,0.6527660405925911,,17,20.911716000002343
warm,N070,NO_MATCH,,D08,0.660223878239999,,17,17.49361599999247
warm,N071,NO_MATCH,,D07,0.6547363911173609,,17,16.97482599999057
warm,N072,NO_MATCH,,D06,0.6646036131427828,,17,21.895132000005106
warm,N073,NO_MATCH,,D06,0.670333864328674,,17,15.163902000000235
warm,N074,NO_MATCH,,D05,0.6410191083669902,,17,14.512956000020495
warm,N075,NO_MATCH,,D05,0.6784909678696488,,17,16.90480999997817
warm,N076,NO_MATCH,,D05,0.6776654129595703,,17,15.763519999978598
warm,N077,NO_MATCH,,D05,0.636984812295104,,17,18.555747000005795
warm,N078,NO_MATCH,,D07,0.6402810862967152,,17,15.293362000025809
warm,N079,NO_MATCH,,D07,0.6606197756367729,,17,19.01741200001561
warm,N080,NO_MATCH,,D06,0.6939435604581587,,17,17.566537000006065
warm,N081,NO_MATCH,,B15,0.6250220340661516,,45,18.456091000000015
warm,N082,NO_MATCH,,B03,0.616459784909771,,45,18.261754000006476
warm,N083,NO_MATCH,,B01,0.6446599264705881,,45,17.866789000021527
warm,N084,NO_MATCH,,B09,0.6414025363933452,,43,15.955138999997871
warm,N085,NO_MATCH,,B15,0.67296423177857,,44,18.285911000013584
warm,N086,NO_MATCH,,B15,0.6698137007328183,,45,19.00877999997465
warm,N087,NO_MATCH,,B05,0.6454538360155383,,45,24.10352599999169
warm,N088,NO_MATCH,,B15,0.6250220340661516,,45,17.964575000019977
warm,N089,NO_MATCH,,B03,0.616459784909771,,45,19.01315600000089
warm,N090,NO_MATCH,,B01,0.6446599264705881,,45,17.335688999999547
warm,N091,NO_MATCH,,B09,0.6414025363933452,,43,18.721327000006568
warm,N092,NO_MATCH,,B15,0.67296423177857,,44,17.926238000014564
warm,N093,NO_MATCH,,B15,0.6698137007328183,,45,17.579475999984425
warm,N094,NO_MATCH,,B05,0.6454538360155383,,45,17.617213000019547
warm,N095,NO_MATCH,,B15,0.6250220340661516,,45,25.499790000001667
warm,N096,NO_MATCH,,B03,0.616459784909771,,45,17.509900000004563
warm,N097,NO_MATCH,,B01,0.6446599264705881,,45,19.04869999998482
warm,N098,NO_MATCH,,B09,0.6414025363933452,,43,20.453986999986228
warm,N099,NO_MATCH,,B15,0.67296423177857,,44,18.754406000021845
warm,N100,NO_MATCH,,B15,0.6698137007328183,,45,17.139603000017814
plain,B01-duplicate,EQUIVALENT,B01,B01,1,1,36,45.9808689999918
plain,B01-independent,EXACT,B01,B01,1,1,36,23.32826899999054
plain,B01-angle,EXACT,B01,B01,1,1,36,19.713713000004645
plain,B01-lighting,EXACT,B01,B01,0.9780546965411545,1,36,21.028764000016963
plain,B01-cast,EXACT,B01,L01,0.8032190292625351,,28,19.481121999997413
plain,B01-background,EXACT,B01,B01,1,1,36,18.196506999986013
plain,B01-crop,EXACT,B01,B06,0.9011027964005756,8,36,17.87736600000062
plain,B01-orientation,EXACT,B01,B06,0.8652614146529898,5,36,17.58092000000761
plain,B02-duplicate,EQUIVALENT,B02,B01,1,2,36,17.692066999996314
plain,B02-independent,EXACT,B02,B01,1,2,36,19.80611200002022
plain,B02-angle,EXACT,B02,B01,1,2,36,16.59402299998328
plain,B02-lighting,EXACT,B02,B01,1,2,27,15.052560000010999
plain,B02-cast,EXACT,B02,B01,0.9446784419155707,2,36,16.13235599998734
plain,B02-background,EXACT,B02,B01,1,2,36,17.303712000022642
plain,B02-crop,EXACT,B02,B06,0.9011067459524098,11,35,16.573411000019405
plain,B02-orientation,EXACT,B02,B03,0.8629937291697587,5,36,16.273118999990402
plain,B03-duplicate,EQUIVALENT,B03,B03,1,1,36,23.59712399999262
plain,B03-independent,EXACT,B03,B03,0.9910077167228032,1,36,19.465098000015132
plain,B03-angle,EXACT,B03,B03,1,1,36,15.374494999996386
plain,B03-lighting,EXACT,B03,B03,1,1,36,15.817261999996845
plain,B03-cast,EXACT,B03,L09,0.8436346116285325,,28,15.71770199999446
plain,B03-background,EXACT,B03,B03,1,1,36,16.123153000022285
plain,B03-crop,EXACT,B03,B06,0.8787055132892503,4,36,15.37659800000256
plain,B03-orientation,EXACT,B03,B04,0.895025413233194,3,36,16.735365000000456
plain,B04-duplicate,EQUIVALENT,B04,B03,1,2,36,22.304365999996662
plain,B04-independent,EXACT,B04,B03,0.9903130140656267,2,36,15.793896999995923
plain,B04-angle,EXACT,B04,B03,1,2,36,15.856892000010703
plain,B04-lighting,EXACT,B04,B04,0.9364753686054275,1,30,14.939608999993652
plain,B04-cast,EXACT,B04,B04,0.9495697369565376,1,36,14.87537299998803
plain,B04-background,EXACT,B04,B03,1,2,36,16.16689900000347
plain,B04-crop,EXACT,B04,B06,0.8792367749557082,3,36,14.922514000005322
plain,B04-orientation,EXACT,B04,B04,0.8669151829154488,1,36,21.95427899999777
plain,B05-duplicate,EQUIVALENT,B05,B05,1,1,36,16.429675000021234
plain,B05-independent,EXACT,B05,B05,1,1,36,15.390598999976646
plain,B05-angle,EXACT,B05,B05,1,1,36,15.684320999978809
plain,B05-lighting,EXACT,B05,B05,1,1,36,16.100539000006393
plain,B05-cast,EXACT,B05,L11,0.8306355308702735,,28,15.10780299999169
plain,B05-background,EXACT,B05,B05,1,1,36,14.843735000002198
plain,B05-crop,EXACT,B05,B05,0.8734074544623079,1,36,15.61117099999683
plain,B05-orientation,EXACT,B05,B07,0.8809962699776809,2,36,23.687901000026613
plain,B06-duplicate,EQUIVALENT,B06,B05,1,2,36,16.325898000010056
plain,B06-independent,EXACT,B06,B05,1,2,36,16.24749999999767
plain,B06-angle,EXACT,B06,B05,1,2,36,14.997506999992765
plain,B06-lighting,EXACT,B06,B05,1,2,34,15.166381000017282
plain,B06-cast,EXACT,B06,B05,0.956482996988331,2,36,21.319641999987653
plain,B06-background,EXACT,B06,B05,1,2,36,15.873617000004742
plain,B06-crop,EXACT,B06,B05,0.8640727516761829,2,35,16.296704000007594
plain,B06-orientation,EXACT,B06,B06,0.8769508832182377,1,35,23.89580399999977
plain,B07-duplicate,EQUIVALENT,B07,B07,1,1,36,16.683497000019997
plain,B07-independent,EXACT,B07,B07,1,1,36,15.9314440000162
plain,B07-angle,EXACT,B07,B07,1,1,36,15.311990999995032
plain,B07-lighting,EXACT,B07,B07,0.9795729979112295,1,36,18.246111999993445
plain,B07-cast,EXACT,B07,L14,0.9219677738982853,,28,15.325351000006776
plain,B07-background,EXACT,B07,B07,1,1,36,17.14695599998231
plain,B07-crop,EXACT,B07,B07,0.8810478567320692,1,36,17.42079800000647
plain,B07-orientation,EXACT,B07,B07,0.8781249999999999,1,34,24.825004000012996
plain,B08-duplicate,EQUIVALENT,B08,B07,1,2,36,16.683568000007654
plain,B08-independent,EXACT,B08,B07,1,2,36,16.882356999994954
plain,B08-angle,EXACT,B08,B07,1,2,36,17.522812000010163
plain,B08-lighting,EXACT,B08,B08,0.9238709309937456,1,33,17.887982000014745
plain,B08-cast,EXACT,B08,B08,0.9365591648250934,1,36,17.13625999999931
plain,B08-background,EXACT,B08,B07,1,2,36,17.88063100000727
plain,B08-crop,EXACT,B08,B07,0.8833363343695303,2,36,18.11229000001913
plain,B08-orientation,EXACT,B08,B06,0.8768615145952725,4,36,33.954819999984466
plain,B09-duplicate,EQUIVALENT,B09,B01,1,3,36,18.317147999972804
plain,B09-independent,EXACT,B09,B09,1,1,36,17.67731400000048
plain,B09-angle,EXACT,B09,B01,1,3,36,17.70444599998882
plain,B09-lighting,EXACT,B09,B09,0.968293836831841,1,36,17.762463000020944
plain,B09-cast,EXACT,B09,L09,0.8334068191597581,,28,17.113524999993388
plain,B09-background,EXACT,B09,B03,1,3,36,18.00597899997956
plain,B09-crop,EXACT,B09,B06,0.8935064298117449,9,36,17.542851999984123
plain,B09-orientation,EXACT,B09,B08,0.8742039688380676,8,36,21.631162000005133
plain,B10-duplicate,EQUIVALENT,B10,B01,1,4,36,16.223893999995198
plain,B10-independent,EXACT,B10,B09,1,2,36,16.020427999988897
plain,B10-angle,EXACT,B10,B01,1,4,36,17.158502999984194
plain,B10-lighting,EXACT,B10,B10,0.9318327811145559,1,27,14.778037000010954
plain,B10-cast,EXACT,B10,B10,0.9545676929953986,1,36,16.379329000017606
plain,B10-background,EXACT,B10,B09,1,2,36,15.644400999997742
plain,B10-crop,EXACT,B10,B07,0.8906104859664274,10,36,15.695979999989504
plain,B10-orientation,EXACT,B10,B10,0.8761478129393695,1,33,24.039810999995098
plain,B11-duplicate,EQUIVALENT,B11,B03,1,5,36,19.11152599999332
plain,B11-independent,EXACT,B11,B06,1,2,36,17.03481599999941
plain,B11-angle,EXACT,B11,B05,1,2,36,17.612346999987494
plain,B11-lighting,EXACT,B11,B11,1,1,36,17.479856999998447
plain,B11-cast,EXACT,B11,L11,0.9411187616531186,,28,17.46294199998374
plain,B11-background,EXACT,B11,B05,1,3,36,19.75545600001351
plain,B11-crop,EXACT,B11,B11,0.8936667622507878,1,36,18.397509999980684
plain,B11-orientation,EXACT,B11,B14,0.8895227755200124,6,36,26.054175999975996
plain,B12-duplicate,EQUIVALENT,B12,B03,1,6,36,18.207334000006085
plain,B12-independent,EXACT,B12,B06,1,3,36,17.505825999978697
plain,B12-angle,EXACT,B12,B05,1,3,36,17.594809999980498
plain,B12-lighting,EXACT,B12,B11,1,2,34,18.934699000004912
plain,B12-cast,EXACT,B12,B12,0.9562479667796766,1,36,17.222970000002533
plain,B12-background,EXACT,B12,B05,1,4,36,18.246091000008164
plain,B12-crop,EXACT,B12,B11,0.8847053668156827,2,36,22.763326999993296
plain,B12-orientation,EXACT,B12,B16,0.8630406129824745,3,33,18.555647999979556
plain,B13-duplicate,EQUIVALENT,B13,B07,1,2,36,16.646380999998655
plain,B13-independent,EXACT,B13,B13,1,1,36,17.455990999995265
plain,B13-angle,EXACT,B13,B07,1,3,36,20.165173999994295
plain,B13-lighting,EXACT,B13,B13,0.9745272778584644,1,36,17.44556600000942
plain,B13-cast,EXACT,B13,L13,0.9202632334546362,,28,15.87375699999393
plain,B13-background,EXACT,B13,B13,1,1,36,17.585790999990422
plain,B13-crop,EXACT,B13,B11,0.8727807027015008,3,32,27.01556500000879
plain,B13-orientation,EXACT,B13,B14,0.8747703444395175,2,32,18.991379999992205
plain,B14-duplicate,EQUIVALENT,B14,B07,1,3,36,19.55916500001331
plain,B14-independent,EXACT,B14,B13,1,2,36,17.924732000014046
plain,B14-angle,EXACT,B14,B07,1,4,36,17.839628999994602
plain,B14-lighting,EXACT,B14,B14,0.9211063417641895,1,30,18.39505699998699
plain,B14-cast,EXACT,B14,B14,0.9341202152946809,1,36,16.88227200001711
plain,B14-background,EXACT,B14,B13,1,2,36,18.809296000021277
plain,B14-crop,EXACT,B14,B11,0.8724674555607411,4,36,25.210435000015423
plain,B14-orientation,EXACT,B14,B13,0.8680088927380674,2,33,18.918659999995725
plain,B15-duplicate,EQUIVALENT,B15,B15,1,1,36,18.53762600000482
plain,B15-independent,EXACT,B15,B15,1,1,36,17.78513699999894
plain,B15-angle,EXACT,B15,B15,1,1,36,18.89386799998465
plain,B15-lighting,EXACT,B15,B15,1,1,36,18.556129000004148
plain,B15-cast,EXACT,B15,L16,0.8451540595760881,,28,19.511318000004394
plain,B15-background,EXACT,B15,B05,1,3,36,24.54929799999809
plain,B15-crop,EXACT,B15,B16,0.8743041668318311,2,36,19.226378999999724
plain,B15-orientation,EXACT,B15,B14,0.8887326699071931,5,35,17.289439999993192
plain,B16-duplicate,EQUIVALENT,B16,B15,1,2,36,20.457013000006555
plain,B16-independent,EXACT,B16,B15,1,2,36,16.85275200000615
plain,B16-angle,EXACT,B16,B15,1,2,36,16.89299199997913
plain,B16-lighting,EXACT,B16,B15,1,2,34,17.771406999992905
plain,B16-cast,EXACT,B16,B15,0.9420350482943762,2,36,18.330068000010215
plain,B16-background,EXACT,B16,B15,1,2,36,27.945506000018213
plain,B16-crop,EXACT,B16,B13,0.8688155853329076,3,31,17.661926000000676
plain,B16-orientation,EXACT,B16,B16,0.8951714935617685,1,31,18.35269800000242
plain,L01-duplicate,EQUIVALENT,L01,L01,1,1,28,17.732817999989493
plain,L01-independent,EXACT,L01,L01,0.9863084677406316,1,28,26.29062200000044
plain,L01-angle,EXACT,L01,L02,0.8808841736694678,2,28,18.205901000008453
plain,L01-lighting,EXACT,L01,L01,0.8020937482525874,1,28,15.413943999999901
plain,L01-cast,EXACT,L01,L01,0.9409083919763194,1,28,14.645205999986501
plain,L01-background,EXACT,L01,L01,0.6614498527541495,1,25,14.662753000011435
plain,L01-crop,EXACT,L01,L08,0.6378288451633246,6,24,24.60052600002382
plain,L01-orientation,EXACT,L01,L06,0.6481056057491423,4,27,17.971848000015598
plain,L02-duplicate,EQUIVALENT,L02,L02,1,1,28,19.771779999980936
plain,L02-independent,EXACT,L02,L02,0.89097243888096,1,28,20.070709999999963
plain,L02-angle,EXACT,L02,L02,0.8795737849903111,1,28,18.232019999995828
plain,L02-lighting,EXACT,L02,L09,0.7795180789403687,3,45,19.492289999994682
plain,L02-cast,EXACT,L02,B01,0.8647091609629114,,36,18.10345700001926
plain,L02-background,EXACT,L02,L02,0.6608839275727988,1,24,16.460290999995777
plain,L02-crop,EXACT,L02,L05,0.6476175543587355,8,27,16.02711900000577
plain,L02-orientation,EXACT,L02,L05,0.6724356530640644,7,28,22.742365999991307
plain,L03-duplicate,EQUIVALENT,L03,L03,1,1,28,16.7040589999815
plain,L03-independent,EXACT,L03,L03,0.9989819431417063,1,28,16.33782600000268
plain,L03-angle,EXACT,L03,L03,0.8807272810685451,1,28,14.86837299997569
plain,L03-lighting,EXACT,L03,L04,0.9655137766150423,2,28,14.561420000012731
plain,L03-cast,EXACT,L03,L03,0.9416756567209844,1,28,15.136445999989519
plain,L03-background,EXACT,L03,L03,0.7219645185840428,1,22,15.949632000003476
plain,L03-crop,EXACT,L03,L08,0.651412332668157,5,24,15.268604999990202
plain,L03-orientation,EXACT,L03,L04,0.6498679139228069,4,28,15.434436000010464
plain,L04-duplicate,EQUIVALENT,L04,L04,1,1,28,15.596358999988297
plain,L04-independent,EXACT,L04,L04,0.9868359475887786,1,28,22.00019799999427
plain,L04-angle,EXACT,L04,L03,0.894258226334012,2,28,19.77475399998366
plain,L04-lighting,EXACT,L04,L03,0.7959871757080565,2,47,20.390890999988187
plain,L04-cast,EXACT,L04,L14,0.8241058599593414,,36,18.882469000003766
plain,L04-background,EXACT,L04,L04,0.7269384788376558,1,23,15.234312999993563
plain,L04-crop,EXACT,L04,L05,0.6499481032229569,3,28,15.04714999999851
plain,L04-orientation,EXACT,L04,L06,0.6739577565472821,4,26,15.041633000015281
plain,L05-duplicate,EQUIVALENT,L05,L05,1,1,26,22.64084200002253
plain,L05-independent,EXACT,L05,L05,0.890105085238504,1,28,18.738072000007378
plain,L05-angle,EXACT,L05,L06,0.8785827558114175,2,26,16.582488999993075
plain,L05-lighting,EXACT,L05,L05,0.8811474686232814,1,28,21.937861999991583
plain,L05-cast,EXACT,L05,L05,0.9421950116554666,1,28,15.584625999996206
plain,L05-background,EXACT,L05,L05,0.7161458333333334,1,24,17.893624999996973
plain,L05-crop,EXACT,L05,L02,0.6762844297575443,4,27,16.564071000000695
plain,L05-orientation,EXACT,L05,L02,0.6506946762519202,9,28,17.91055500000948
plain,L06-duplicate,EQUIVALENT,L06,L06,1,1,26,16.22827099999995
plain,L06-independent,EXACT,L06,B05,0.7948357698875634,,36,17.54244099999778
plain,L06-angle,EXACT,L06,L05,0.8885903895763037,2,26,17.086642999987816
plain,L06-lighting,EXACT,L06,L15,0.8617866621310915,6,47,18.334554000000935
plain,L06-cast,EXACT,L06,B05,0.8132343155467578,,36,26.410346999997273
plain,L06-background,EXACT,L06,L06,0.703125,1,23,15.502756999980193
plain,L06-crop,EXACT,L06,B15,0.6724532825767097,,35,21.809189000021433
plain,L06-orientation,EXACT,L06,L06,0.6383050081101151,1,26,17.5776579999947
plain,L07-duplicate,EQUIVALENT,L07,L07,1,1,45,18.45537599999807
plain,L07-independent,EXACT,L07,L07,0.9822352136561696,1,45,18.195735000015702
plain,L07-angle,EXACT,L07,L07,0.8138862965057818,1,26,16.4340609999781
plain,L07-lighting,EXACT,L07,B07,0.8352427745607283,4,45,19.987553999992087
plain,L07-cast,EXACT,L07,L07,0.985649130908402,1,28,19.5037359999842
plain,L07-background,EXACT,L07,L06,0.691135072156459,3,28,24.44650200000615
plain,L07-crop,EXACT,L07,B15,0.6975710504164451,30,36,17.9241209999891
plain,L07-orientation,EXACT,L07,L13,0.6349010706648915,8,45,19.645610000006855
plain,L08-duplicate,EQUIVALENT,L08,L08,1,1,36,18.354824999987613
plain,L08-independent,EXACT,L08,L08,0.9713858603786341,1,28,17.85743399997591
plain,L08-angle,EXACT,L08,L08,0.890387850421293,1,36,19.21986799998558
plain,L08-lighting,EXACT,L08,L13,0.7813315634712645,12,45,18.86349099999643
plain,L08-cast,EXACT,L08,B08,0.8679349879800413,28,36,19.977018999983557
plain,L08-background,EXACT,L08,L06,0.6894014019502623,7,26,17.16838099999586
plain,L08-crop,EXACT,L08,M07,0.6837292596225274,19,36,18.49444000000949
plain,L08-orientation,EXACT,L08,L05,0.6541604387414481,2,26,24.749809999979334
plain,L09-duplicate,EQUIVALENT,L09,L09,1,1,47,19.40857200001483
plain,L09-independent,EXACT,L09,L09,0.9847320292990379,1,46,19.268902000010712
plain,L09-angle,EXACT,L09,L09,0.886157463183736,1,45,19.074668999994174
plain,L09-lighting,EXACT,L09,L10,0.874709187316659,2,48,25.054959000000963
plain,L09-cast,EXACT,L09,L09,0.9839449843833669,1,28,23.116539000009652
plain,L09-background,EXACT,L09,L03,0.6764434310405268,2,26,19.067848999984562
plain,L09-crop,EXACT,L09,L05,0.6555461053171756,38,44,19.78722800000105
plain,L09-orientation,EXACT,L09,B15,0.6697715762026167,8,45,25.877428000007058
plain,L10-duplicate,EQUIVALENT,L10,L10,1,1,47,19.646496000001207
plain,L10-independent,EXACT,L10,L10,0.9856770833333334,1,46,21.018432999990182
plain,L10-angle,EXACT,L10,L09,0.8866590351556736,2,46,20.652946999995038
plain,L10-lighting,EXACT,L10,L09,0.7783154176912697,2,48,20.755460999993375
plain,L10-cast,EXACT,L10,L10,0.903505861966525,1,36,18.16840800002683
plain,L10-background,EXACT,L10,L10,0.6570745581092496,1,26,15.641445999994176
plain,L10-crop,EXACT,L10,L08,0.6540733078875776,37,41,18.92488299999968
plain,L10-orientation,EXACT,L10,D08,0.6540150959572568,9,45,28.4329190000135
plain,L11-duplicate,EQUIVALENT,L11,L11,1,1,48,20.55798399998457
plain,L11-independent,EXACT,L11,L11,0.9668807289175834,1,48,20.259334000002127
plain,L11-angle,EXACT,L11,L12,0.9566346677559914,2,48,22.268570999993244
plain,L11-lighting,EXACT,L11,L15,0.8680951183935408,3,48,21.136736000014935
plain,L11-cast,EXACT,L11,L11,0.9810899714511686,1,28,18.76266899998882
plain,L11-background,EXACT,L11,L11,0.67578125,1,45,22.0453850000049
plain,L11-crop,EXACT,L11,L08,0.6914593927518835,28,45,21.73466700001154
plain,L11-orientation,EXACT,L11,B15,0.6686474425628838,22,45,26.719137000007322
plain,L12-duplicate,EQUIVALENT,L12,L12,1,1,48,28.196387000003597
plain,L12-independent,EXACT,L12,L12,0.9763481674731391,1,48,21.026740000001155
plain,L12-angle,EXACT,L12,L12,0.8724219795850068,1,48,18.385942000022624
plain,L12-lighting,EXACT,L12,L12,0.8835707865752135,1,48,21.066279999999097
plain,L12-cast,EXACT,L12,L12,0.9061420039100098,1,36,17.800699999992503
plain,L12-background,EXACT,L12,L12,0.6614583333333334,1,44,19.86356800000067
plain,L12-crop,EXACT,L12,B01,0.6807693756978908,34,44,53.08190600000671
plain,L12-orientation,EXACT,L12,D08,0.6551956586323594,8,45,33.06598899999517
plain,L13-duplicate,EQUIVALENT,L13,L13,1,1,45,20.796572999999626
plain,L13-independent,EXACT,L13,L13,0.9772732781166105,1,45,24.13691599998856
plain,L13-angle,EXACT,L13,L07,0.8851646416319907,2,45,25.234465000015916
plain,L13-lighting,EXACT,L13,L14,0.9642629980500996,3,45,56.50622999999905
plain,L13-cast,EXACT,L13,L13,0.9515104319447536,1,25,18.464729999977862
plain,L13-background,EXACT,L13,L13,0.6780614978137911,1,27,18.614074999990407
plain,L13-crop,EXACT,L13,B01,0.6940253617892388,14,43,25.718759000010323
plain,L13-orientation,EXACT,L13,B15,0.6574261634133637,9,45,37.77315200000885
plain,L14-duplicate,EQUIVALENT,L14,L14,1,1,48,20.027023000002373
plain,L14-independent,EXACT,L14,L14,0.9699744760766429,1,45,17.987071000010474
plain,L14-angle,EXACT,L14,L14,0.8894250408496733,1,48,20.040654000011273
plain,L14-lighting,EXACT,L14,L14,0.8113566356162134,1,48,17.83547200000612
plain,L14-cast,EXACT,L14,L14,0.954574980185568,1,36,16.993963999993866
plain,L14-background,EXACT,L14,L07,0.6644500831386251,8,26,16.267038999998476
plain,L14-crop,EXACT,L14,B01,0.662586763594247,27,43,18.310186999995494
plain,L14-orientation,EXACT,L14,L15,0.671317141482099,3,46,25.726550000021234
plain,L15-duplicate,EQUIVALENT,L15,L15,1,1,48,21.322876999998698
plain,L15-independent,EXACT,L15,L15,0.9694708562537129,1,48,19.475132999999914
plain,L15-angle,EXACT,L15,L15,0.880642361111111,1,46,20.06313900000532
plain,L15-lighting,EXACT,L15,L15,0.8306711265306249,1,48,20.210859999991953
plain,L15-cast,EXACT,L15,L15,0.9808045407567622,1,28,18.68207799998345
plain,L15-background,EXACT,L15,L15,0.71875,1,45,19.987584999995306
plain,L15-crop,EXACT,L15,B13,0.6501323196276477,19,45,20.080392999981996
plain,L15-orientation,EXACT,L15,L16,0.6443167892156864,4,45,29.182478000002448
plain,L16-duplicate,EQUIVALENT,L16,L16,1,1,48,24.380824000021676
plain,L16-independent,EXACT,L16,L15,0.9606904423291951,2,48,20.47540900000604
plain,L16-angle,EXACT,L16,L16,0.9847375408496732,1,48,19.67322100000456
plain,L16-lighting,EXACT,L16,L16,0.9601884147096823,1,48,17.923734999989392
plain,L16-cast,EXACT,L16,L16,0.9136419970128684,1,36,19.191445000004023
plain,L16-background,EXACT,L16,L16,0.7044270833333334,1,45,24.175273000000743
plain,L16-crop,EXACT,L16,B01,0.6812652017741317,16,43,19.67733700000099
plain,L16-orientation,EXACT,L16,L15,0.6586338261975041,5,44,26.71599199998309
plain,D01-duplicate,EQUIVALENT,D01,D01,1,1,48,20.240445999981603
plain,D01-independent,EXACT,D01,D01,0.8033418850867267,1,48,21.63792999999714
plain,D01-angle,EXACT,D01,D01,0.8896758167501451,1,48,18.76610399998026
plain,D01-lighting,EXACT,D01,D02,0.7257452543342023,2,48,18.64183700000285
plain,D01-cast,EXACT,D01,D01,0.7613098425572689,1,28,16.394150999985868
plain,D01-background,EXACT,D01,D01,0.866298852679388,1,48,20.205372000025818
plain,D01-crop,EXACT,D01,B15,0.6869336632767907,24,48,18.851972999982536
plain,D01-orientation,EXACT,D01,B15,0.6950962500028667,14,48,28.320278999977745
plain,D02-duplicate,EQUIVALENT,D02,D02,1,1,48,18.744100999989314
plain,D02-independent,EXACT,D02,D01,0.8739858847130244,2,48,18.043155000021216
plain,D02-angle,EXACT,D02,D01,0.8882954180188307,2,48,20.9558229999966
plain,D02-lighting,EXACT,D02,D02,0.7128960072182047,1,36,18.147511999995913
plain,D02-cast,EXACT,D02,D02,0.9871663930531998,1,36,15.563318000000436
plain,D02-background,EXACT,D02,D02,0.8805354733889256,1,47,17.738795999990543
plain,D02-crop,EXACT,D02,B06,0.6921796504637431,13,48,25.096140999987256
plain,D02-orientation,EXACT,D02,D01,0.6888877497079475,3,48,37.309786999976495
plain,D03-duplicate,EQUIVALENT,D03,D03,1,1,48,20.750204000010854
plain,D03-independent,EXACT,D03,D03,0.7330455102257831,1,47,21.22548999998253
plain,D03-angle,EXACT,D03,D03,0.9710990858905415,1,48,21.83626899999217
plain,D03-lighting,EXACT,D03,B15,0.7150136805454081,2,48,37.974099000013666
plain,D03-cast,EXACT,D03,D03,0.8212078073049378,1,28,36.95738199999323
plain,D03-background,EXACT,D03,D03,0.8023287805001884,1,47,41.547698000009404
plain,D03-crop,EXACT,D03,B15,0.6776393154604501,11,48,23.748540999979014
plain,D03-orientation,EXACT,D03,B15,0.6705713867026087,19,48,26.751585999998497
plain,D04-duplicate,EQUIVALENT,D04,D04,1,1,48,23.155927999992855
plain,D04-independent,EXACT,D04,D03,0.7887457669501422,2,47,23.504122000013012
plain,D04-angle,EXACT,D04,D03,0.8900912008545896,2,48,21.54954700000235
plain,D04-lighting,EXACT,D04,D04,0.7237043004073925,1,36,19.747211999987485
plain,D04-cast,EXACT,D04,D04,0.9743162542689878,1,36,24.058174000005238
plain,D04-background,EXACT,D04,D04,0.889420775363599,1,47,22.022292000008747
plain,D04-crop,EXACT,D04,B15,0.6858153103157831,6,48,21.58749700000044
plain,D04-orientation,EXACT,D04,B15,0.7019420992305417,21,48,34.735556999978144
plain,D05-duplicate,EQUIVALENT,D05,D05,1,1,48,20.3780390000029
plain,D05-independent,EXACT,D05,D05,0.725472972630719,1,48,20.19051099999342
plain,D05-angle,EXACT,D05,D05,0.966377271145244,1,47,19.899242000014056
plain,D05-lighting,EXACT,D05,B15,0.7301858369210126,3,48,24.231801000016276
plain,D05-cast,EXACT,D05,D05,0.97602068319666,1,27,16.647022999997716
plain,D05-background,EXACT,D05,D05,0.8760416666666667,1,47,19.243044000002556
plain,D05-crop,EXACT,D05,B15,0.6765247517031218,4,48,18.87577999997302
plain,D05-orientation,EXACT,D05,M01,0.6708194144954269,12,48,29.575772000011057
plain,D06-duplicate,EQUIVALENT,D06,D06,1,1,48,18.930022999993525
plain,D06-independent,EXACT,D06,D06,0.7811742787894346,1,48,21.429578000010224
plain,D06-angle,EXACT,D06,D05,0.9782851125186048,2,48,19.244976999994833
plain,D06-lighting,EXACT,D06,B15,0.7260082790097241,6,48,22.508743999991566
plain,D06-cast,EXACT,D06,D06,0.951944697066478,1,36,22.23496200001682
plain,D06-background,EXACT,D06,D06,0.8903645833333333,1,45,20.013865000015358
plain,D06-crop,EXACT,D06,B15,0.6690663525101299,13,48,19.757829999987734
plain,D06-orientation,EXACT,D06,B15,0.6823634542014573,4,45,24.003596000024118
plain,D07-duplicate,EQUIVALENT,D07,D07,1,1,46,18.735729000007268
plain,D07-independent,EXACT,D07,D07,0.7973505493259805,1,45,19.19367000000784
plain,D07-angle,EXACT,D07,D08,0.9678372778134672,2,45,20.739149000000907
plain,D07-lighting,EXACT,D07,D07,0.7618271204532869,1,48,18.126310999999987
plain,D07-cast,EXACT,D07,D07,0.9733278197956726,1,28,16.11852600000566
plain,D07-background,EXACT,D07,D07,0.8445306964203796,1,28,15.564190999983111
plain,D07-crop,EXACT,D07,B15,0.683859064772449,2,45,20.672411999985343
plain,D07-orientation,EXACT,D07,B15,0.685173898501581,7,45,31.999643999995897
plain,D08-duplicate,EQUIVALENT,D08,D08,1,1,46,18.86966100000427
plain,D08-independent,EXACT,D08,D07,0.7971917630337106,2,45,18.62296000000788
plain,D08-angle,EXACT,D08,D08,0.9675630668531364,1,48,17.96739200002048
plain,D08-lighting,EXACT,D08,B15,0.7140992317660938,4,48,17.51334800000768
plain,D08-cast,EXACT,D08,D08,0.9667610455349309,1,36,15.793165000010049
plain,D08-background,EXACT,D08,D08,0.9266581288327385,1,28,15.14989100000821
plain,D08-crop,EXACT,D08,B15,0.6836069133122978,3,45,18.525362999993376
plain,D08-orientation,EXACT,D08,B15,0.7235896711261575,3,45,28.494953999994323
plain,M01-duplicate,EQUIVALENT,M01,M01,1,1,26,19.017663999984507
plain,M01-independent,EXACT,M01,M01,1,1,26,17.522461000015028
plain,M01-angle,EXACT,M01,M01,1,1,26,15.136276000004727
plain,M01-lighting,EXACT,M01,M01,1,1,26,17.37725199997658
plain,M01-cast,EXACT,M01,M01,0.9309348938733625,1,28,16.770232999988366
plain,M01-background,EXACT,M01,M02,0.9980126609066851,2,24,16.881460000004154
plain,M01-crop,EXACT,M01,M01,0.8458364290069899,1,26,16.814063999976497
plain,M01-orientation,EXACT,M01,M01,0.85,1,26,18.485192000021925
plain,M02-duplicate,EQUIVALENT,M02,M01,1,2,26,26.397062999982154
plain,M02-independent,EXACT,M02,M01,1,2,26,16.771450000000186
plain,M02-angle,EXACT,M02,M01,1,2,26,15.395947000011802
plain,M02-lighting,EXACT,M02,M02,0.954657305858057,1,26,14.79196299999603
plain,M02-cast,EXACT,M02,B14,0.7404743843142046,,35,18.705684000015026
plain,M02-background,EXACT,M02,M01,1,2,24,14.858333000011044
plain,M02-crop,EXACT,M02,M01,0.8645864290069898,2,26,15.818338000011863
plain,M02-orientation,EXACT,M02,M01,0.8871807560862838,2,26,14.913129999971716
plain,M03-duplicate,EQUIVALENT,M03,M03,1,1,26,16.621658999996725
plain,M03-independent,EXACT,M03,M03,1,1,26,24.898975999996765
plain,M03-angle,EXACT,M03,M03,1,1,26,15.550198999990243
plain,M03-lighting,EXACT,M03,M03,1,1,26,14.001806999993278
plain,M03-cast,EXACT,M03,M03,0.9189375284825441,1,28,15.146892000018852
plain,M03-background,EXACT,M03,M04,0.9323126112795523,2,26,17.41878499998711
plain,M03-crop,EXACT,M03,M03,0.86163334049797,1,24,17.211172000010265
plain,M03-orientation,EXACT,M03,M03,0.85,1,26,17.05297300001257
plain,M04-duplicate,EQUIVALENT,M04,M03,1,2,26,23.194547999999486
plain,M04-independent,EXACT,M04,M03,1,2,26,15.852004999993369
plain,M04-angle,EXACT,M04,M03,1,2,26,24.919446999992942
plain,M04-lighting,EXACT,M04,M03,1,2,26,18.37796100002015
plain,M04-cast,EXACT,M04,B09,0.7902822239409764,,36,20.64042799998424
plain,M04-background,EXACT,M04,M04,0.9334953451310162,1,26,16.300599999987753
plain,M04-crop,EXACT,M04,M04,0.8736115653864421,1,26,14.929685000010068
plain,M04-orientation,EXACT,M04,M03,0.8677930863144425,2,26,15.735398999997415
plain,M05-duplicate,EQUIVALENT,M05,M05,1,1,19,14.02247300001909
plain,M05-independent,EXACT,M05,M05,1,1,19,18.467530000023544
plain,M05-angle,EXACT,M05,M05,1,1,19,19.19133599998895
plain,M05-lighting,EXACT,M05,M05,1,1,19,15.413943999999901
plain,M05-cast,EXACT,M05,M03,0.7503239746543343,,26,20.81648400000995
plain,M05-background,EXACT,M05,M05,0.9249999999999999,1,19,21.872414999990724
plain,M05-crop,EXACT,M05,M05,0.8412351476269604,1,19,18.12171400000807
plain,M05-orientation,EXACT,M05,M06,0.8827667638437563,2,19,15.884765000024345
plain,M06-duplicate,EQUIVALENT,M06,M05,1,2,19,15.078287999989698
plain,M06-independent,EXACT,M06,M05,1,2,19,14.908273000008194
plain,M06-angle,EXACT,M06,M05,1,2,19,15.498691999993753
plain,M06-lighting,EXACT,M06,M05,1,2,19,21.506714000017382
plain,M06-cast,EXACT,M06,M08,0.7291011123774538,,36,16.371348000015132
plain,M06-background,EXACT,M06,M06,0.9249999999999999,1,19,24.613535000011325
plain,M06-crop,EXACT,M06,M06,0.8368680016460204,1,19,27.066531999997096
plain,M06-orientation,EXACT,M06,M06,0.8637187779063754,1,19,16.587842999986606
plain,M07-duplicate,EQUIVALENT,M07,M07,1,1,36,21.214363999984926
plain,M07-independent,EXACT,M07,M07,1,1,36,21.281654999998864
plain,M07-angle,EXACT,M07,M07,1,1,36,19.61343199998373
plain,M07-lighting,EXACT,M07,M07,0.9798466123157761,1,36,29.152289999998175
plain,M07-cast,EXACT,M07,L08,0.7440166672890308,,28,21.970993000024464
plain,M07-background,EXACT,M07,M07,0.9917867564625511,1,36,20.901356999995187
plain,M07-crop,EXACT,M07,M07,0.8779019632941928,1,36,28.911541000008583
plain,M07-orientation,EXACT,M07,M07,0.8687499999999999,1,36,23.712306999979774
plain,M08-duplicate,EQUIVALENT,M08,M07,1,2,36,19.472850000020117
plain,M08-independent,EXACT,M08,M07,1,2,36,19.199814000021433
plain,M08-angle,EXACT,M08,M08,1,1,36,22.197941000020364
plain,M08-lighting,EXACT,M08,M07,0.9142417913919881,2,36,28.5706979999959
plain,M08-cast,EXACT,M08,M08,0.8919811059427363,1,36,23.833967000013217
plain,M08-background,EXACT,M08,M08,0.9906377105502826,1,36,20.367858999990858
plain,M08-crop,EXACT,M08,M08,0.8732055759361133,1,36,16.965377000014996
plain,M08-orientation,EXACT,M08,M07,0.884201525156518,2,36,23.506538000016008
plain,B01-ambiguous,AMBIGUOUS,B01|B02,B01,1,1,34,18.334815000009257
plain,B02-ambiguous,AMBIGUOUS,B01|B02,B01,1,1,34,16.28519699999015
plain,B03-ambiguous,AMBIGUOUS,B03|B04,B03,1,1,36,16.606471000006422
plain,B04-ambiguous,AMBIGUOUS,B03|B04,B03,1,1,36,18.139741999999387
plain,B05-ambiguous,AMBIGUOUS,B05|B06,B05,1,1,36,18.704752000019653
plain,B06-ambiguous,AMBIGUOUS,B05|B06,B05,1,1,36,17.495020000002114
plain,B07-ambiguous,AMBIGUOUS,B07|B08,B07,1,1,36,20.130891000007978
plain,B08-ambiguous,AMBIGUOUS,B07|B08,B07,1,1,36,25.615225000015926
plain,B09-ambiguous,AMBIGUOUS,B09|B10,B03,1,2,36,20.637155000003986
plain,B10-ambiguous,AMBIGUOUS,B09|B10,B03,1,2,36,18.650820999988355
plain,B11-ambiguous,AMBIGUOUS,B11|B12,B05,1,3,36,17.585611000016797
plain,B12-ambiguous,AMBIGUOUS,B11|B12,B05,1,3,36,17.132168000011006
plain,B13-ambiguous,AMBIGUOUS,B13|B14,B08,1,2,36,21.278890999994474
plain,B14-ambiguous,AMBIGUOUS,B13|B14,B08,1,2,36,18.576914999983273
plain,B15-ambiguous,AMBIGUOUS,B15|B16,B15,1,1,36,16.913384000014048
plain,B16-ambiguous,AMBIGUOUS,B15|B16,B15,1,1,36,24.739020000008168
plain,L01-ambiguous,AMBIGUOUS,L01|L02,L01,0.9868270997562064,1,28,17.920501000015065
plain,L02-ambiguous,AMBIGUOUS,L01|L02,L01,0.9868270997562064,1,28,15.298540000017965
plain,L03-ambiguous,AMBIGUOUS,L03|L04,L03,0.9996725192560223,1,28,15.05414700001711
plain,L04-ambiguous,AMBIGUOUS,L03|L04,L03,0.9996725192560223,1,28,20.872730000002775
plain,L05-ambiguous,AMBIGUOUS,L05|L06,L05,0.9974513946021298,1,28,20.32562499999767
plain,L06-ambiguous,AMBIGUOUS,L05|L06,L05,0.9974513946021298,1,28,17.737294999998994
plain,L07-ambiguous,AMBIGUOUS,L07|L08,L07,0.9679122969895029,1,45,18.814237999991747
plain,L08-ambiguous,AMBIGUOUS,L07|L08,L07,0.9679122969895029,1,45,17.853739999991376
plain,L09-ambiguous,AMBIGUOUS,L09|L10,L09,0.9690279028765113,1,45,17.585712000000058
plain,L10-ambiguous,AMBIGUOUS,L09|L10,L09,0.9690279028765113,1,45,25.197715999995125
plain,L11-ambiguous,AMBIGUOUS,L11|L12,L11,0.9711758025792837,1,48,18.664061999996193
plain,L12-ambiguous,AMBIGUOUS,L11|L12,L11,0.9711758025792837,1,48,18.59300500000245
plain,L13-ambiguous,AMBIGUOUS,L13|L14,L13,0.9762815668027407,1,45,18.33054799999809
plain,L14-ambiguous,AMBIGUOUS,L13|L14,L13,0.9762815668027407,1,45,16.965151999989757
plain,L15-ambiguous,AMBIGUOUS,L15|L16,L15,0.9772664593607577,1,48,17.306294999987585
plain,L16-ambiguous,AMBIGUOUS,L15|L16,L15,0.9772664593607577,1,48,18.694157000019914
plain,N001,NO_MATCH,,M01,0.6806014201729783,,26,16.207200000004377
plain,N002,NO_MATCH,,L02,0.9786759197334612,,28,22.70236099997419
plain,N003,NO_MATCH,,L09,1,,27,16.241476000024704
plain,N004,NO_MATCH,,L09,0.942257448029,,19,14.212884999986272
plain,N005,NO_MATCH,,B05,1,,36,15.767577999999048
plain,N006,NO_MATCH,,B05,0.8908503531840944,,36,17.090970999997808
plain,N007,NO_MATCH,,D07,0.9028579136025369,,17,14.329125999996904
plain,N008,NO_MATCH,,L14,0.9515460583851948,,19,15.282666000013705
plain,N009,NO_MATCH,,L09,0.945549460602917,,26,17.226905999996234
plain,N010,NO_MATCH,,L09,1,,26,18.273081999999704
plain,N011,NO_MATCH,,L11,0.9374836062105557,,21,15.051118000003044
plain,N012,NO_MATCH,,L11,1,,25,18.7164300000004
plain,N013,NO_MATCH,,B13,1,,36,15.948570000007749
plain,N014,NO_MATCH,,B13,0.9125616572523874,,34,22.57608599998639
plain,N015,NO_MATCH,,L16,0.8580542340869469,,17,18.051347999979043
plain,N016,NO_MATCH,,L16,0.8671140627646445,,19,16.42251400000532
plain,N017,NO_MATCH,,L09,1,,28,16.691640000004554
plain,N018,NO_MATCH,,L09,0.983751982613604,,26,15.173962999979267
plain,N019,NO_MATCH,,M05,0.8173279614240366,,19,14.053565000009257
plain,N020,NO_MATCH,,B01,0.9251999266897781,,37,17.10969999997178
plain,N021,NO_MATCH,,B16,0.945522170742143,,36,24.271234999992885
plain,N022,NO_MATCH,,B16,1,,22,15.70626499998616
plain,N023,NO_MATCH,,L15,0.9652563953103704,,17,15.437323999998625
plain,N024,NO_MATCH,,L15,0.7903814095082478,,22,14.61590299999807
plain,N025,NO_MATCH,,L02,0.9117535938912994,,28,19.076983999984805
plain,N026,NO_MATCH,,L01,0.7722478418172455,,27,16.06412399999681
plain,N027,NO_MATCH,,L09,0.9415016240709455,,19,14.757299999997485
plain,N028,NO_MATCH,,B03,1,,36,15.93291699999827
plain,N029,NO_MATCH,,B05,1,,36,16.315502999990713
plain,N030,NO_MATCH,,L11,0.8595277386954459,,17,20.87838300000294
plain,N031,NO_MATCH,,L14,0.7103979435510829,,19,16.974444999999832
plain,N032,NO_MATCH,,L13,1,,26,16.323044999997364
plain,N033,NO_MATCH,,L09,1,,26,18.005277999996906
plain,N034,NO_MATCH,,L09,1,,21,16.381623000022955
plain,N035,NO_MATCH,,L11,0.9046223651501819,,27,15.39209100001608
plain,N036,NO_MATCH,,L11,0.8920518655140436,,36,16.488373000000138
plain,N037,NO_MATCH,,D08,0.8208753341858281,,32,14.930695999995805
plain,N038,NO_MATCH,,L14,0.855756639708507,,17,16.273880000022473
plain,N039,NO_MATCH,,L16,0.9606295217335835,,19,15.711632999998983
plain,N040,NO_MATCH,,L12,0.9570642453289958,,24,26.913961999991443
plain,N041,NO_MATCH,,M03,0.7630252078731622,,26,17.050650999997742
plain,N042,NO_MATCH,,L12,0.9563932523340193,,19,14.855818000010913
plain,N043,NO_MATCH,,B01,1,,38,17.223205000016605
plain,N044,NO_MATCH,,B14,1,,36,17.357492999988608
plain,N045,NO_MATCH,,B15,0.9758596349263186,,21,19.850714000000153
plain,N046,NO_MATCH,,L15,0.853908730059075,,17,15.91542499998468
plain,N047,NO_MATCH,,L15,0.9298548647173126,,26,17.168944000004558
plain,N048,NO_MATCH,,L15,0.7779838920217211,,28,17.713099000015063
plain,N049,NO_MATCH,,L02,0.8435370001898668,,27,15.387573999993037
plain,N050,NO_MATCH,,M06,0.7961416832501229,,19,21.682949999987613
plain,N051,NO_MATCH,,B04,0.9361529483326233,,36,15.773906999995233
plain,N052,NO_MATCH,,B03,0.9009496387795474,,36,15.723920999997063
plain,N053,NO_MATCH,,L15,0.9148021959851828,,17,14.271444000012707
plain,N054,NO_MATCH,,L15,0.9614481856178125,,19,13.804819999990286
plain,N055,NO_MATCH,,L14,0.8366361947467353,,26,14.420247000001837
plain,N056,NO_MATCH,,L14,0.9103266254914265,,26,14.15921400001389
plain,N057,NO_MATCH,,L09,0.95766360182976,,21,15.239891999983229
plain,N058,NO_MATCH,,B04,0.9627056761426372,,28,16.879373000003397
plain,N059,NO_MATCH,,B05,1,,36,24.72419199999422
plain,N060,NO_MATCH,,L11,0.9280360060690944,,32,17.13749100000132
plain,N061,NO_MATCH,,D07,0.6581757585786704,,17,15.307093000010354
plain,N062,NO_MATCH,,D07,0.6519899295152881,,17,14.818647999985842
plain,N063,NO_MATCH,,D08,0.6434136915079083,,17,14.713608999998542
plain,N064,NO_MATCH,,D01,0.6369617423478788,,17,13.78000300002168
plain,N065,NO_MATCH,,D01,0.6431317909832505,,17,14.671014999999898
plain,N066,NO_MATCH,,D05,0.6393589813573702,,17,14.923475999996299
plain,N067,NO_MATCH,,D05,0.6599753993917712,,17,14.622581999981776
plain,N068,NO_MATCH,,D06,0.6778352080965259,,17,13.650005999981659
plain,N069,NO_MATCH,,D06,0.6527660405925911,,17,19.81596599999466
plain,N070,NO_MATCH,,D08,0.660223878239999,,17,15.003916999994544
plain,N071,NO_MATCH,,D07,0.6547363911173609,,17,15.626904999982798
plain,N072,NO_MATCH,,D06,0.6646036131427828,,17,13.765050000016345
plain,N073,NO_MATCH,,D06,0.670333864328674,,17,13.568533999990905
plain,N074,NO_MATCH,,D05,0.6410191083669902,,17,13.65687700000126
plain,N075,NO_MATCH,,D05,0.6784909678696488,,17,13.230865000019548
plain,N076,NO_MATCH,,D05,0.6776654129595703,,17,13.80490000001737
plain,N077,NO_MATCH,,D05,0.636984812295104,,17,14.295669000013731
plain,N078,NO_MATCH,,D07,0.6402810862967152,,17,15.59028999999282
plain,N079,NO_MATCH,,D07,0.6606197756367729,,17,14.721381999988807
plain,N080,NO_MATCH,,D06,0.6939435604581587,,17,18.046400999999605
plain,N081,NO_MATCH,,B15,0.6250220340661516,,45,19.034299999999348
plain,N082,NO_MATCH,,B03,0.616459784909771,,45,20.56671899999492
plain,N083,NO_MATCH,,B01,0.6446599264705881,,45,20.000534999999218
plain,N084,NO_MATCH,,B09,0.6414025363933452,,43,18.25418400001945
plain,N085,NO_MATCH,,B15,0.67296423177857,,44,19.469484999979613
plain,N086,NO_MATCH,,B15,0.6698137007328183,,45,17.620510000007926
plain,N087,NO_MATCH,,B05,0.6454538360155383,,45,21.85229499998968
plain,N088,NO_MATCH,,B15,0.6250220340661516,,45,34.13042000000132
plain,N089,NO_MATCH,,B03,0.616459784909771,,45,22.510551999992458
plain,N090,NO_MATCH,,B01,0.6446599264705881,,45,17.625211000005947
plain,N091,NO_MATCH,,B09,0.6414025363933452,,43,16.498488000012003
plain,N092,NO_MATCH,,B15,0.67296423177857,,44,21.05918599999859
plain,N093,NO_MATCH,,B15,0.6698137007328183,,45,17.376702000008663
plain,N094,NO_MATCH,,B05,0.6454538360155383,,45,16.235602000000654
plain,N095,NO_MATCH,,B15,0.6250220340661516,,45,16.59281099998043
plain,N096,NO_MATCH,,B03,0.616459784909771,,45,16.62518000000273
plain,N097,NO_MATCH,,B01,0.6446599264705881,,45,24.608616999990772
plain,N098,NO_MATCH,,B09,0.6414025363933452,,43,16.508784000005107
plain,N099,NO_MATCH,,B15,0.67296423177857,,44,15.860657999990508
plain,N100,NO_MATCH,,B15,0.6698137007328183,,45,15.29391300000134
